{
"type": "FeatureCollection",
"name": "HR",
"crs": { "type": "name", "properties": { "name": "urn:ogc:def:crs:OGC:1.3:CRS84" } },
"features": [
{ "type": "Feature", "properties": { "LONGTITUDE": 107.921369, "LATITUDE": 13.902705, "ALTITUDE": "", "LOT": "17", "AREA": 3.58, "PLANT_NO": "", "PLANT_YEAR": "", "RAINFALL": 2200.0, "T_MIN": 12.0, "T_MAX": 39.0, "T_AVERAGE": 26.0, "SOIL_TYPE": "Ferralsols", "SLOPE": "", "DEPTH": "", "PH": "", "EC": "", "CEC": "", "OM": "", "N_TS": "", "P2O5_TS": "", "P2O5_DT": "", "K2O_TS": "", "K2O_DT": "", "Canxi": "", "Magie": "", "DENSITY": "", "BULK_DENSI": "", "POROSITY": "", "CLAY": "", "LOAM": "", "SAND": "" }, "geometry": { "type": "Polygon", "coordinates": [ [ [ 107.920196, 13.903005 ], [ 107.920203, 13.90299 ], [ 107.920514, 13.901887 ], [ 107.920541, 13.901799 ], [ 107.921079, 13.901823 ], [ 107.92223, 13.901869 ], [ 107.922541, 13.901881 ], [ 107.922496, 13.902041 ], [ 107.922496, 13.902041 ], [ 107.922182, 13.90321 ], [ 107.922074, 13.903611 ], [ 107.92206, 13.903606 ], [ 107.922046, 13.903601 ], [ 107.922046, 13.903601 ], [ 107.922015, 13.903591 ], [ 107.921993, 13.903584 ], [ 107.921945, 13.903569 ], [ 107.921744, 13.903504 ], [ 107.921611, 13.903461 ], [ 107.920757, 13.903185 ], [ 107.920196, 13.903005 ] ] ] } },
{ "type": "Feature", "properties": { "LONGTITUDE": 107.929321, "LATITUDE": 13.907591, "ALTITUDE": "", "LOT": "10", "AREA": 5.39, "PLANT_NO": "", "PLANT_YEAR": "", "RAINFALL": 2200.0, "T_MIN": 12.0, "T_MAX": 39.0, "T_AVERAGE": 26.0, "SOIL_TYPE": "Ferralsols", "SLOPE": "", "DEPTH": "", "PH": "", "EC": "", "CEC": "", "OM": "", "N_TS": "", "P2O5_TS": "", "P2O5_DT": "", "K2O_TS": "", "K2O_DT": "", "Canxi": "", "Magie": "", "DENSITY": "", "BULK_DENSI": "", "POROSITY": "", "CLAY": "", "LOAM": "", "SAND": "" }, "geometry": { "type": "MultiPolygon", "coordinates": [ [ [ [ 107.927954, 13.907379 ], [ 107.928261, 13.906994 ], [ 107.928503, 13.906691 ], [ 107.929538, 13.907379 ], [ 107.930748, 13.908184 ], [ 107.930443, 13.90842 ], [ 107.930367, 13.908491 ], [ 107.927894, 13.907476 ], [ 107.927954, 13.907379 ] ] ], [ [ [ 107.929557, 13.90737 ], [ 107.930173, 13.906664 ], [ 107.931474, 13.907624 ], [ 107.930763, 13.908173 ], [ 107.929557, 13.90737 ] ] ], [ [ [ 107.928841, 13.906267 ], [ 107.929134, 13.905897 ], [ 107.930158, 13.906653 ], [ 107.929542, 13.90736 ], [ 107.928515, 13.906676 ], [ 107.928841, 13.906267 ] ] ] ] } },
{ "type": "Feature", "properties": { "LONGTITUDE": 107.921641, "LATITUDE": 13.924869, "ALTITUDE": "", "LOT": "", "AREA": 4.19, "PLANT_NO": "", "PLANT_YEAR": "", "RAINFALL": 2200.0, "T_MIN": 12.0, "T_MAX": 39.0, "T_AVERAGE": 26.0, "SOIL_TYPE": "Ferralsols", "SLOPE": "", "DEPTH": "", "PH": "", "EC": "", "CEC": "", "OM": "", "N_TS": "", "P2O5_TS": "", "P2O5_DT": "", "K2O_TS": "", "K2O_DT": "", "Canxi": "", "Magie": "", "DENSITY": "", "BULK_DENSI": "", "POROSITY": "", "CLAY": "", "LOAM": "", "SAND": "" }, "geometry": { "type": "MultiPolygon", "coordinates": [ [ [ [ 107.921955, 13.925617 ], [ 107.921187, 13.925512 ], [ 107.921186, 13.925512 ], [ 107.921185, 13.925512 ], [ 107.921164, 13.925279 ], [ 107.921191, 13.924669 ], [ 107.921191, 13.924669 ], [ 107.921191, 13.924668 ], [ 107.921161, 13.924254 ], [ 107.921161, 13.924254 ], [ 107.92115, 13.92412 ], [ 107.921232, 13.924128 ], [ 107.92126, 13.924131 ], [ 107.921306, 13.924135 ], [ 107.921321, 13.924136 ], [ 107.921578, 13.924164 ], [ 107.922132, 13.924225 ], [ 107.921955, 13.925617 ] ] ], [ [ [ 107.921952, 13.925635 ], [ 107.921841, 13.926504 ], [ 107.921841, 13.92651 ], [ 107.921721, 13.926496 ], [ 107.921389, 13.926458 ], [ 107.921387, 13.926458 ], [ 107.921387, 13.926458 ], [ 107.921386, 13.926458 ], [ 107.921256, 13.926447 ], [ 107.921228, 13.926444 ], [ 107.921218, 13.926443 ], [ 107.921209, 13.925772 ], [ 107.921209, 13.925771 ], [ 107.921187, 13.92553 ], [ 107.921952, 13.925635 ] ] ], [ [ [ 107.92186, 13.926506 ], [ 107.92197, 13.925638 ], [ 107.922693, 13.925737 ], [ 107.922693, 13.925737 ], [ 107.9226, 13.926539 ], [ 107.922595, 13.926577 ], [ 107.922592, 13.926595 ], [ 107.922592, 13.926595 ], [ 107.922592, 13.926595 ], [ 107.922591, 13.926595 ], [ 107.922587, 13.926595 ], [ 107.922569, 13.926593 ], [ 107.922564, 13.926592 ], [ 107.922549, 13.92659 ], [ 107.922479, 13.926582 ], [ 107.921859, 13.926512 ], [ 107.92186, 13.926506 ] ] ], [ [ [ 107.92215, 13.924227 ], [ 107.92215, 13.924227 ], [ 107.92286, 13.924305 ], [ 107.922766, 13.925114 ], [ 107.922695, 13.925719 ], [ 107.921973, 13.92562 ], [ 107.92215, 13.924227 ] ] ] ] } },
{ "type": "Feature", "properties": { "LONGTITUDE": 107.921768, "LATITUDE": 13.921366, "ALTITUDE": "", "LOT": "", "AREA": 6.91, "PLANT_NO": "", "PLANT_YEAR": "", "RAINFALL": 2200.0, "T_MIN": 12.0, "T_MAX": 39.0, "T_AVERAGE": 26.0, "SOIL_TYPE": "Ferralsols", "SLOPE": "", "DEPTH": "", "PH": "", "EC": "", "CEC": "", "OM": "", "N_TS": "", "P2O5_TS": "", "P2O5_DT": "", "K2O_TS": "", "K2O_DT": "", "Canxi": "", "Magie": "", "DENSITY": "", "BULK_DENSI": "", "POROSITY": "", "CLAY": "", "LOAM": "", "SAND": "" }, "geometry": { "type": "MultiPolygon", "coordinates": [ [ [ [ 107.921188, 13.921984 ], [ 107.921256, 13.921417 ], [ 107.921256, 13.921416 ], [ 107.921276, 13.920548 ], [ 107.921276, 13.920547 ], [ 107.921276, 13.920513 ], [ 107.921298, 13.920513 ], [ 107.921326, 13.920514 ], [ 107.922352, 13.920532 ], [ 107.922243, 13.922218 ], [ 107.922243, 13.922219 ], [ 107.92131, 13.922113 ], [ 107.921308, 13.922113 ], [ 107.921281, 13.922111 ], [ 107.921253, 13.922108 ], [ 107.921183, 13.922102 ], [ 107.921188, 13.921984 ] ] ], [ [ [ 107.922576, 13.918701 ], [ 107.922579, 13.918698 ], [ 107.92258, 13.918698 ], [ 107.922586, 13.918713 ], [ 107.923303, 13.920516 ], [ 107.923302, 13.920522 ], [ 107.923276, 13.920522 ], [ 107.923166, 13.92052 ], [ 107.922371, 13.920505 ], [ 107.922371, 13.920505 ], [ 107.92237, 13.920503 ], [ 107.922046, 13.918999 ], [ 107.922576, 13.918701 ] ] ], [ [ [ 107.922261, 13.92222 ], [ 107.922261, 13.922219 ], [ 107.922371, 13.920533 ], [ 107.922371, 13.920532 ], [ 107.922635, 13.920537 ], [ 107.923299, 13.920549 ], [ 107.923103, 13.922311 ], [ 107.923102, 13.922314 ], [ 107.923102, 13.922316 ], [ 107.9231, 13.922316 ], [ 107.923099, 13.922315 ], [ 107.923099, 13.922315 ], [ 107.923081, 13.922313 ], [ 107.923044, 13.922309 ], [ 107.922261, 13.922221 ], [ 107.922261, 13.92222 ] ] ], [ [ [ 107.921282, 13.919957 ], [ 107.921282, 13.919957 ], [ 107.921285, 13.919426 ], [ 107.921285, 13.919426 ], [ 107.921285, 13.919426 ], [ 107.921304, 13.919416 ], [ 107.922029, 13.919008 ], [ 107.922352, 13.920505 ], [ 107.921298, 13.920486 ], [ 107.921277, 13.920486 ], [ 107.921282, 13.919957 ] ] ] ] } },
{ "type": "Feature", "properties": { "LONGTITUDE": 107.9433, "LATITUDE": 13.91018, "ALTITUDE": "", "LOT": "4", "AREA": 10.06, "PLANT_NO": "", "PLANT_YEAR": "", "RAINFALL": 2200.0, "T_MIN": 12.0, "T_MAX": 39.0, "T_AVERAGE": 26.0, "SOIL_TYPE": "Ferralsols", "SLOPE": "", "DEPTH": "", "PH": "", "EC": "", "CEC": "", "OM": "", "N_TS": "", "P2O5_TS": "", "P2O5_DT": "", "K2O_TS": "", "K2O_DT": "", "Canxi": "", "Magie": "", "DENSITY": "", "BULK_DENSI": "", "POROSITY": "", "CLAY": "", "LOAM": "", "SAND": "" }, "geometry": { "type": "MultiPolygon", "coordinates": [ [ [ [ 107.94306, 13.908464 ], [ 107.94378, 13.908295 ], [ 107.943781, 13.908295 ], [ 107.943791, 13.908293 ], [ 107.943796, 13.908291 ], [ 107.943808, 13.908288 ], [ 107.943891, 13.908267 ], [ 107.943911, 13.908262 ], [ 107.943912, 13.908262 ], [ 107.943926, 13.908258 ], [ 107.943995, 13.90824 ], [ 107.944056, 13.908566 ], [ 107.944109, 13.908852 ], [ 107.94411, 13.908854 ], [ 107.944198, 13.909181 ], [ 107.94417, 13.909075 ], [ 107.944213, 13.909237 ], [ 107.94426, 13.909495 ], [ 107.944245, 13.909611 ], [ 107.944245, 13.909609 ], [ 107.944245, 13.909612 ], [ 107.944245, 13.909611 ], [ 107.944162, 13.909796 ], [ 107.943805, 13.9105 ], [ 107.943528, 13.911044 ], [ 107.943527, 13.911045 ], [ 107.942603, 13.912119 ], [ 107.942601, 13.91208 ], [ 107.942588, 13.91168 ], [ 107.942571, 13.910912 ], [ 107.942571, 13.910912 ], [ 107.942551, 13.910353 ], [ 107.942531, 13.909821 ], [ 107.942531, 13.90982 ], [ 107.942432, 13.908888 ], [ 107.942431, 13.908885 ], [ 107.942339, 13.908632 ], [ 107.94306, 13.908464 ] ], [ [ 107.944213, 13.909236 ], [ 107.944198, 13.909181 ], [ 107.944213, 13.909235 ], [ 107.944213, 13.909236 ] ] ], [ [ [ 107.941304, 13.913126 ], [ 107.941307, 13.913129 ], [ 107.941308, 13.913129 ], [ 107.941304, 13.913126 ] ] ], [ [ [ 107.941295, 13.913118 ], [ 107.941295, 13.913118 ], [ 107.941297, 13.913119 ], [ 107.941304, 13.913126 ], [ 107.941295, 13.913118 ] ] ], [ [ [ 107.941095, 13.912474 ], [ 107.941096, 13.912473 ], [ 107.941144, 13.912328 ], [ 107.941145, 13.912328 ], [ 107.941145, 13.912327 ], [ 107.941226, 13.912144 ], [ 107.941296, 13.911987 ], [ 107.941337, 13.911895 ], [ 107.941467, 13.911607 ], [ 107.941489, 13.91156 ], [ 107.941489, 13.91156 ], [ 107.941664, 13.911151 ], [ 107.94167, 13.911136 ], [ 107.941675, 13.911124 ], [ 107.94168, 13.911113 ], [ 107.941679, 13.911116 ], [ 107.941682, 13.911109 ], [ 107.941682, 13.911109 ], [ 107.941694, 13.91108 ], [ 107.941694, 13.911079 ], [ 107.941694, 13.91108 ], [ 107.941694, 13.911079 ], [ 107.941695, 13.911078 ], [ 107.941719, 13.910985 ], [ 107.941721, 13.910979 ], [ 107.941721, 13.910977 ], [ 107.941721, 13.910977 ], [ 107.941725, 13.910939 ], [ 107.941745, 13.910762 ], [ 107.941745, 13.910759 ], [ 107.941745, 13.910759 ], [ 107.94167, 13.910223 ], [ 107.941669, 13.910221 ], [ 107.941671, 13.910121 ], [ 107.941724, 13.909182 ], [ 107.941737, 13.908945 ], [ 107.941737, 13.908945 ], [ 107.941737, 13.908943 ], [ 107.941737, 13.908942 ], [ 107.941737, 13.908941 ], [ 107.941717, 13.908763 ], [ 107.941717, 13.908762 ], [ 107.941744, 13.908758 ], [ 107.941923, 13.90873 ], [ 107.941924, 13.908729 ], [ 107.942312, 13.908639 ], [ 107.942404, 13.908892 ], [ 107.942469, 13.909498 ], [ 107.942503, 13.909822 ], [ 107.942543, 13.910913 ], [ 107.94256, 13.91168 ], [ 107.94256, 13.911681 ], [ 107.94256, 13.911681 ], [ 107.942576, 13.91215 ], [ 107.942429, 13.91232 ], [ 107.942429, 13.912321 ], [ 107.942428, 13.912321 ], [ 107.942428, 13.912321 ], [ 107.942161, 13.912557 ], [ 107.942121, 13.912593 ], [ 107.94212, 13.912594 ], [ 107.942108, 13.912604 ], [ 107.942108, 13.912605 ], [ 107.942107, 13.912605 ], [ 107.941677, 13.912962 ], [ 107.941558, 13.913049 ], [ 107.941398, 13.913165 ], [ 107.941394, 13.913166 ], [ 107.941341, 13.913157 ], [ 107.941338, 13.913156 ], [ 107.941335, 13.913155 ], [ 107.941335, 13.913156 ], [ 107.941313, 13.913135 ], [ 107.941307, 13.913129 ], [ 107.941297, 13.913119 ], [ 107.941253, 13.913078 ], [ 107.941239, 13.913065 ], [ 107.941239, 13.913065 ], [ 107.941238, 13.913063 ], [ 107.941127, 13.912893 ], [ 107.941126, 13.91289 ], [ 107.941077, 13.912678 ], [ 107.941077, 13.912676 ], [ 107.941095, 13.912474 ] ] ], [ [ [ 107.94167, 13.911136 ], [ 107.941674, 13.911127 ], [ 107.94167, 13.911136 ], [ 107.941668, 13.91114 ], [ 107.94167, 13.911136 ] ] ] ] } },
{ "type": "Feature", "properties": { "LONGTITUDE": 107.942566, "LATITUDE": 13.906882, "ALTITUDE": "", "LOT": "2", "AREA": 5.12, "PLANT_NO": "", "PLANT_YEAR": "", "RAINFALL": 2200.0, "T_MIN": 12.0, "T_MAX": 39.0, "T_AVERAGE": 26.0, "SOIL_TYPE": "Ferralsols", "SLOPE": "", "DEPTH": "", "PH": "", "EC": "", "CEC": "", "OM": "", "N_TS": "", "P2O5_TS": "", "P2O5_DT": "", "K2O_TS": "", "K2O_DT": "", "Canxi": "", "Magie": "", "DENSITY": "", "BULK_DENSI": "", "POROSITY": "", "CLAY": "", "LOAM": "", "SAND": "" }, "geometry": { "type": "MultiPolygon", "coordinates": [ [ [ [ 107.941292, 13.906369 ], [ 107.943691, 13.906126 ], [ 107.943691, 13.906126 ], [ 107.943692, 13.906132 ], [ 107.943743, 13.906607 ], [ 107.943743, 13.906607 ], [ 107.943745, 13.906618 ], [ 107.943794, 13.907 ], [ 107.943839, 13.907346 ], [ 107.943839, 13.907346 ], [ 107.943747, 13.907358 ], [ 107.943629, 13.907374 ], [ 107.943629, 13.907374 ], [ 107.941725, 13.907638 ], [ 107.941424, 13.907303 ], [ 107.941292, 13.906369 ] ] ], [ [ [ 107.940306, 13.907059 ], [ 107.940306, 13.90706 ], [ 107.940306, 13.90706 ], [ 107.940306, 13.907059 ] ] ], [ [ [ 107.940306, 13.907059 ], [ 107.940306, 13.907059 ], [ 107.940306, 13.907059 ], [ 107.940306, 13.907059 ] ] ], [ [ [ 107.940306, 13.907059 ], [ 107.940306, 13.90706 ], [ 107.940306, 13.90706 ], [ 107.940306, 13.907059 ] ] ], [ [ [ 107.940306, 13.907059 ], [ 107.940306, 13.907059 ], [ 107.940306, 13.907059 ], [ 107.940306, 13.907059 ] ] ], [ [ [ 107.940305, 13.907054 ], [ 107.940306, 13.907059 ], [ 107.940306, 13.907059 ], [ 107.940305, 13.907054 ] ] ], [ [ [ 107.940243, 13.906476 ], [ 107.940257, 13.906474 ], [ 107.940476, 13.906451 ], [ 107.941264, 13.906372 ], [ 107.941397, 13.907311 ], [ 107.941399, 13.907316 ], [ 107.9414, 13.907317 ], [ 107.941401, 13.907318 ], [ 107.941401, 13.907318 ], [ 107.941401, 13.907319 ], [ 107.941692, 13.907643 ], [ 107.941168, 13.907716 ], [ 107.940916, 13.907732 ], [ 107.94091, 13.907734 ], [ 107.940908, 13.907735 ], [ 107.940309, 13.907074 ], [ 107.940308, 13.907071 ], [ 107.940308, 13.907071 ], [ 107.940306, 13.90706 ], [ 107.940306, 13.90706 ], [ 107.940306, 13.907059 ], [ 107.940306, 13.907059 ], [ 107.940306, 13.907059 ], [ 107.940306, 13.907059 ], [ 107.940306, 13.907059 ], [ 107.940305, 13.907054 ], [ 107.940295, 13.907012 ], [ 107.940289, 13.906984 ], [ 107.940287, 13.906975 ], [ 107.940272, 13.906909 ], [ 107.940258, 13.906867 ], [ 107.940258, 13.906865 ], [ 107.940137, 13.90649 ], [ 107.940243, 13.906476 ] ], [ [ 107.940267, 13.906893 ], [ 107.940258, 13.906865 ], [ 107.940258, 13.906866 ], [ 107.940267, 13.906893 ] ] ] ] } },
{ "type": "Feature", "properties": { "LONGTITUDE": 107.938401, "LATITUDE": 13.909311, "ALTITUDE": "", "LOT": "9", "AREA": 7.29, "PLANT_NO": "", "PLANT_YEAR": "", "RAINFALL": 2200.0, "T_MIN": 12.0, "T_MAX": 39.0, "T_AVERAGE": 26.0, "SOIL_TYPE": "Ferralsols", "SLOPE": "", "DEPTH": "", "PH": "", "EC": "", "CEC": "", "OM": "", "N_TS": "", "P2O5_TS": "", "P2O5_DT": "", "K2O_TS": "", "K2O_DT": "", "Canxi": "", "Magie": "", "DENSITY": "", "BULK_DENSI": "", "POROSITY": "", "CLAY": "", "LOAM": "", "SAND": "" }, "geometry": { "type": "MultiPolygon", "coordinates": [ [ [ [ 107.937608, 13.908757 ], [ 107.937682, 13.908722 ], [ 107.937782, 13.908673 ], [ 107.937783, 13.908673 ], [ 107.937783, 13.908673 ], [ 107.937783, 13.908673 ], [ 107.938322, 13.908374 ], [ 107.938929, 13.908038 ], [ 107.938971, 13.908018 ], [ 107.938987, 13.908011 ], [ 107.938987, 13.90801 ], [ 107.939007, 13.908001 ], [ 107.939129, 13.908663 ], [ 107.939176, 13.909066 ], [ 107.939176, 13.909066 ], [ 107.939193, 13.90943 ], [ 107.939049, 13.910621 ], [ 107.938171, 13.910242 ], [ 107.93792, 13.909513 ], [ 107.937608, 13.908757 ] ] ], [ [ [ 107.937733, 13.912335 ], [ 107.93776, 13.91229 ], [ 107.93776, 13.91229 ], [ 107.937733, 13.912335 ] ] ], [ [ [ 107.938626, 13.912814 ], [ 107.938659, 13.912756 ], [ 107.938666, 13.912744 ], [ 107.938626, 13.912814 ] ] ], [ [ [ 107.937121, 13.913281 ], [ 107.937293, 13.913034 ], [ 107.937294, 13.913032 ], [ 107.937295, 13.913031 ], [ 107.937499, 13.912686 ], [ 107.937755, 13.912352 ], [ 107.937756, 13.91235 ], [ 107.937757, 13.912348 ], [ 107.937784, 13.912303 ], [ 107.937968, 13.912398 ], [ 107.938607, 13.912731 ], [ 107.938633, 13.912745 ], [ 107.938601, 13.912801 ], [ 107.938601, 13.912801 ], [ 107.938476, 13.913032 ], [ 107.93824, 13.913422 ], [ 107.93805, 13.913686 ], [ 107.93794, 13.913809 ], [ 107.937861, 13.913852 ], [ 107.937766, 13.913865 ], [ 107.937711, 13.91386 ], [ 107.937637, 13.913825 ], [ 107.937451, 13.91371 ], [ 107.937136, 13.913479 ], [ 107.937097, 13.913418 ], [ 107.937092, 13.913334 ], [ 107.937121, 13.913281 ] ] ], [ [ [ 107.937767, 13.913892 ], [ 107.937765, 13.913892 ], [ 107.937703, 13.913887 ], [ 107.937767, 13.913892 ] ] ], [ [ [ 107.939094, 13.908323 ], [ 107.939156, 13.908659 ], [ 107.93918, 13.908861 ], [ 107.939156, 13.908659 ], [ 107.939094, 13.908323 ] ] ], [ [ [ 107.937832, 13.912224 ], [ 107.937832, 13.912224 ], [ 107.937832, 13.912224 ], [ 107.937833, 13.912222 ], [ 107.937834, 13.912218 ], [ 107.93787, 13.912129 ], [ 107.937872, 13.912124 ], [ 107.937872, 13.912121 ], [ 107.937873, 13.912118 ], [ 107.9379, 13.911862 ], [ 107.937962, 13.911516 ], [ 107.938118, 13.910751 ], [ 107.938195, 13.910376 ], [ 107.938195, 13.910375 ], [ 107.938196, 13.910373 ], [ 107.938196, 13.91037 ], [ 107.9382, 13.910284 ], [ 107.938211, 13.910289 ], [ 107.938211, 13.910289 ], [ 107.938913, 13.910592 ], [ 107.939049, 13.910651 ], [ 107.939046, 13.910664 ], [ 107.939008, 13.911863 ], [ 107.938999, 13.911984 ], [ 107.938924, 13.912197 ], [ 107.938798, 13.912457 ], [ 107.938647, 13.912721 ], [ 107.93862, 13.912707 ], [ 107.938396, 13.91259 ], [ 107.937846, 13.912304 ], [ 107.937798, 13.91228 ], [ 107.937832, 13.912224 ] ] ], [ [ [ 107.938091, 13.910746 ], [ 107.938164, 13.910388 ], [ 107.938168, 13.910371 ], [ 107.938091, 13.910746 ] ] ], [ [ [ 107.938168, 13.910368 ], [ 107.938172, 13.910285 ], [ 107.938173, 13.910272 ], [ 107.938168, 13.910368 ] ] ] ] } },
{ "type": "Feature", "properties": { "LONGTITUDE": 107.923052, "LATITUDE": 13.928613, "ALTITUDE": "", "LOT": "", "AREA": 4.44, "PLANT_NO": "", "PLANT_YEAR": "", "RAINFALL": 2200.0, "T_MIN": 12.0, "T_MAX": 39.0, "T_AVERAGE": 26.0, "SOIL_TYPE": "Ferralsols", "SLOPE": "", "DEPTH": "", "PH": "", "EC": "", "CEC": "", "OM": "", "N_TS": "", "P2O5_TS": "", "P2O5_DT": "", "K2O_TS": "", "K2O_DT": "", "Canxi": "", "Magie": "", "DENSITY": "", "BULK_DENSI": "", "POROSITY": "", "CLAY": "", "LOAM": "", "SAND": "" }, "geometry": { "type": "MultiPolygon", "coordinates": [ [ [ [ 107.92223, 13.929582 ], [ 107.922244, 13.929488 ], [ 107.922244, 13.929487 ], [ 107.922492, 13.927631 ], [ 107.923875, 13.927862 ], [ 107.923862, 13.927893 ], [ 107.923692, 13.928245 ], [ 107.923692, 13.928246 ], [ 107.923527, 13.928617 ], [ 107.923329, 13.929051 ], [ 107.923329, 13.929051 ], [ 107.923327, 13.929055 ], [ 107.9232, 13.929358 ], [ 107.923114, 13.929426 ], [ 107.922889, 13.929532 ], [ 107.922698, 13.929574 ], [ 107.922386, 13.929591 ], [ 107.922228, 13.929595 ], [ 107.92223, 13.929582 ] ] ], [ [ [ 107.923883, 13.927846 ], [ 107.923881, 13.927845 ], [ 107.922494, 13.927613 ], [ 107.922626, 13.926626 ], [ 107.923506, 13.926727 ], [ 107.923557, 13.926733 ], [ 107.92368, 13.926749 ], [ 107.924344, 13.926834 ], [ 107.924272, 13.926959 ], [ 107.924271, 13.92696 ], [ 107.92427, 13.926961 ], [ 107.92427, 13.926963 ], [ 107.924117, 13.927316 ], [ 107.923883, 13.927846 ] ] ] ] } },
{ "type": "Feature", "properties": { "LONGTITUDE": 107.990285, "LATITUDE": 13.846181, "ALTITUDE": "", "LOT": "6", "AREA": 2.34, "PLANT_NO": "", "PLANT_YEAR": "", "RAINFALL": 2200.0, "T_MIN": 12.0, "T_MAX": 39.0, "T_AVERAGE": 26.0, "SOIL_TYPE": "Ferralsols", "SLOPE": "", "DEPTH": "", "PH": "", "EC": "", "CEC": "", "OM": "", "N_TS": "", "P2O5_TS": "", "P2O5_DT": "", "K2O_TS": "", "K2O_DT": "", "Canxi": "", "Magie": "", "DENSITY": "", "BULK_DENSI": "", "POROSITY": "", "CLAY": "", "LOAM": "", "SAND": "" }, "geometry": { "type": "MultiPolygon", "coordinates": [ [ [ [ 107.990821, 13.845578 ], [ 107.990827, 13.845646 ], [ 107.990835, 13.845964 ], [ 107.990839, 13.846221 ], [ 107.990839, 13.846514 ], [ 107.990837, 13.846623 ], [ 107.990836, 13.84669 ], [ 107.989786, 13.846784 ], [ 107.989771, 13.846321 ], [ 107.989771, 13.84632 ], [ 107.989736, 13.845837 ], [ 107.98973, 13.845753 ], [ 107.990821, 13.845578 ] ] ], [ [ [ 107.990835, 13.846708 ], [ 107.990834, 13.846788 ], [ 107.990834, 13.846788 ], [ 107.990834, 13.846788 ], [ 107.990843, 13.847073 ], [ 107.990843, 13.847075 ], [ 107.990867, 13.847241 ], [ 107.990877, 13.84735 ], [ 107.990873, 13.847404 ], [ 107.990854, 13.847471 ], [ 107.990828, 13.847524 ], [ 107.990799, 13.847561 ], [ 107.990748, 13.847592 ], [ 107.990684, 13.847609 ], [ 107.990561, 13.847617 ], [ 107.990202, 13.847613 ], [ 107.990164, 13.847613 ], [ 107.990141, 13.847609 ], [ 107.990116, 13.847596 ], [ 107.99009, 13.847571 ], [ 107.990077, 13.847538 ], [ 107.990062, 13.847466 ], [ 107.990062, 13.847465 ], [ 107.990024, 13.847315 ], [ 107.990023, 13.847311 ], [ 107.990022, 13.84731 ], [ 107.989974, 13.847246 ], [ 107.98997, 13.847242 ], [ 107.989898, 13.847202 ], [ 107.989896, 13.847201 ], [ 107.989884, 13.847197 ], [ 107.989842, 13.847185 ], [ 107.989838, 13.847184 ], [ 107.989831, 13.847186 ], [ 107.989831, 13.847186 ], [ 107.989818, 13.847194 ], [ 107.989795, 13.847084 ], [ 107.989786, 13.846802 ], [ 107.990835, 13.846708 ] ] ] ] } },
{ "type": "Feature", "properties": { "LONGTITUDE": 107.924366, "LATITUDE": 13.923859, "ALTITUDE": "", "LOT": "", "AREA": 5.64, "PLANT_NO": "", "PLANT_YEAR": "", "RAINFALL": 2200.0, "T_MIN": 12.0, "T_MAX": 39.0, "T_AVERAGE": 26.0, "SOIL_TYPE": "Ferralsols", "SLOPE": "", "DEPTH": "", "PH": "", "EC": "", "CEC": "", "OM": "", "N_TS": "", "P2O5_TS": "", "P2O5_DT": "", "K2O_TS": "", "K2O_DT": "", "Canxi": "", "Magie": "", "DENSITY": "", "BULK_DENSI": "", "POROSITY": "", "CLAY": "", "LOAM": "", "SAND": "" }, "geometry": { "type": "MultiPolygon", "coordinates": [ [ [ [ 107.923041, 13.923122 ], [ 107.925574, 13.923458 ], [ 107.925575, 13.923458 ], [ 107.925577, 13.923457 ], [ 107.925654, 13.923768 ], [ 107.925782, 13.924314 ], [ 107.925784, 13.924397 ], [ 107.925787, 13.924502 ], [ 107.925782, 13.924557 ], [ 107.925761, 13.924596 ], [ 107.925544, 13.924573 ], [ 107.923768, 13.924378 ], [ 107.923818, 13.923995 ], [ 107.922946, 13.923903 ], [ 107.923041, 13.923122 ] ] ], [ [ [ 107.923136, 13.922347 ], [ 107.924874, 13.922544 ], [ 107.925418, 13.922609 ], [ 107.925417, 13.922696 ], [ 107.925417, 13.922696 ], [ 107.925417, 13.922696 ], [ 107.925418, 13.922702 ], [ 107.925418, 13.922705 ], [ 107.925419, 13.922706 ], [ 107.92546, 13.922867 ], [ 107.925543, 13.923317 ], [ 107.925544, 13.92332 ], [ 107.925573, 13.923439 ], [ 107.923044, 13.923104 ], [ 107.923136, 13.922347 ] ] ], [ [ [ 107.925809, 13.924565 ], [ 107.925791, 13.924599 ], [ 107.92579, 13.924599 ], [ 107.925809, 13.924565 ] ] ] ] } },
{ "type": "Feature", "properties": { "LONGTITUDE": 107.985075, "LATITUDE": 13.844594, "ALTITUDE": "", "LOT": "37", "AREA": 5.12, "PLANT_NO": "", "PLANT_YEAR": "", "RAINFALL": 2200.0, "T_MIN": 12.0, "T_MAX": 39.0, "T_AVERAGE": 26.0, "SOIL_TYPE": "Ferralsols", "SLOPE": "", "DEPTH": "", "PH": "", "EC": "", "CEC": "", "OM": "", "N_TS": "", "P2O5_TS": "", "P2O5_DT": "", "K2O_TS": "", "K2O_DT": "", "Canxi": "", "Magie": "", "DENSITY": "", "BULK_DENSI": "", "POROSITY": "", "CLAY": "", "LOAM": "", "SAND": "" }, "geometry": { "type": "MultiPolygon", "coordinates": [ [ [ [ 107.984473, 13.84402 ], [ 107.984474, 13.843954 ], [ 107.985718, 13.84404 ], [ 107.985663, 13.845233 ], [ 107.984432, 13.845155 ], [ 107.984473, 13.84402 ] ] ], [ [ [ 107.984391, 13.846325 ], [ 107.984432, 13.845173 ], [ 107.985047, 13.845212 ], [ 107.985663, 13.845251 ], [ 107.985653, 13.845451 ], [ 107.985653, 13.845451 ], [ 107.985624, 13.846101 ], [ 107.98561, 13.846392 ], [ 107.984391, 13.846325 ] ] ], [ [ [ 107.984351, 13.847459 ], [ 107.98439, 13.846343 ], [ 107.98561, 13.84641 ], [ 107.985559, 13.847522 ], [ 107.98435, 13.847481 ], [ 107.984351, 13.847459 ] ] ] ] } },
{ "type": "Feature", "properties": { "LONGTITUDE": 107.936776, "LATITUDE": 13.906487, "ALTITUDE": "", "LOT": "7", "AREA": 3.9, "PLANT_NO": "", "PLANT_YEAR": "", "RAINFALL": 2200.0, "T_MIN": 12.0, "T_MAX": 39.0, "T_AVERAGE": 26.0, "SOIL_TYPE": "Ferralsols", "SLOPE": "", "DEPTH": "", "PH": "", "EC": "", "CEC": "", "OM": "", "N_TS": "", "P2O5_TS": "", "P2O5_DT": "", "K2O_TS": "", "K2O_DT": "", "Canxi": "", "Magie": "", "DENSITY": "", "BULK_DENSI": "", "POROSITY": "", "CLAY": "", "LOAM": "", "SAND": "" }, "geometry": { "type": "Polygon", "coordinates": [ [ [ 107.937445, 13.905359 ], [ 107.937455, 13.905371 ], [ 107.937473, 13.905392 ], [ 107.937493, 13.905415 ], [ 107.938241, 13.906306 ], [ 107.938241, 13.906306 ], [ 107.93825, 13.906316 ], [ 107.938269, 13.906336 ], [ 107.938287, 13.906351 ], [ 107.938267, 13.906412 ], [ 107.93828, 13.906439 ], [ 107.93769, 13.906795 ], [ 107.937688, 13.906797 ], [ 107.936333, 13.907615 ], [ 107.935373, 13.90686 ], [ 107.935264, 13.906774 ], [ 107.937445, 13.905359 ] ] ] } },
{ "type": "Feature", "properties": { "LONGTITUDE": 107.996051, "LATITUDE": 13.852649, "ALTITUDE": "", "LOT": "40", "AREA": 2.68, "PLANT_NO": "", "PLANT_YEAR": "", "RAINFALL": 2200.0, "T_MIN": 12.0, "T_MAX": 39.0, "T_AVERAGE": 26.0, "SOIL_TYPE": "Ferralsols", "SLOPE": "", "DEPTH": "", "PH": "", "EC": "", "CEC": "", "OM": "", "N_TS": "", "P2O5_TS": "", "P2O5_DT": "", "K2O_TS": "", "K2O_DT": "", "Canxi": "", "Magie": "", "DENSITY": "", "BULK_DENSI": "", "POROSITY": "", "CLAY": "", "LOAM": "", "SAND": "" }, "geometry": { "type": "MultiPolygon", "coordinates": [ [ [ [ 107.995252, 13.852973 ], [ 107.995262, 13.852238 ], [ 107.995344, 13.852243 ], [ 107.995349, 13.852243 ], [ 107.995503, 13.852252 ], [ 107.995811, 13.852269 ], [ 107.995811, 13.852269 ], [ 107.995811, 13.852269 ], [ 107.995814, 13.852269 ], [ 107.996849, 13.852326 ], [ 107.99679, 13.85306 ], [ 107.99587, 13.853009 ], [ 107.995252, 13.852975 ], [ 107.995252, 13.852975 ], [ 107.995252, 13.852973 ] ] ], [ [ [ 107.996859, 13.852436 ], [ 107.996868, 13.852327 ], [ 107.99798, 13.852387 ], [ 107.998207, 13.8524 ], [ 107.998208, 13.8524 ], [ 107.998208, 13.8524 ], [ 107.998208, 13.8524 ], [ 107.998209, 13.8524 ], [ 107.998296, 13.852405 ], [ 107.998296, 13.852407 ], [ 107.998296, 13.852408 ], [ 107.998308, 13.852528 ], [ 107.99831, 13.853006 ], [ 107.998306, 13.853132 ], [ 107.998306, 13.853132 ], [ 107.998228, 13.853132 ], [ 107.99807, 13.853132 ], [ 107.996809, 13.853061 ], [ 107.996859, 13.852436 ] ] ] ] } },
{ "type": "Feature", "properties": { "LONGTITUDE": 107.994314, "LATITUDE": 13.855438, "ALTITUDE": "", "LOT": "48", "AREA": 4.35, "PLANT_NO": "", "PLANT_YEAR": "", "RAINFALL": 2200.0, "T_MIN": 12.0, "T_MAX": 39.0, "T_AVERAGE": 26.0, "SOIL_TYPE": "Ferralsols", "SLOPE": "", "DEPTH": "", "PH": "", "EC": "", "CEC": "", "OM": "", "N_TS": "", "P2O5_TS": "", "P2O5_DT": "", "K2O_TS": "", "K2O_DT": "", "Canxi": "", "Magie": "", "DENSITY": "", "BULK_DENSI": "", "POROSITY": "", "CLAY": "", "LOAM": "", "SAND": "" }, "geometry": { "type": "MultiPolygon", "coordinates": [ [ [ [ 107.993883, 13.855804 ], [ 107.993894, 13.855322 ], [ 107.993894, 13.855322 ], [ 107.993897, 13.854923 ], [ 107.994719, 13.854914 ], [ 107.994718, 13.854996 ], [ 107.994718, 13.854996 ], [ 107.994718, 13.854996 ], [ 107.99473, 13.855309 ], [ 107.99473, 13.855309 ], [ 107.994745, 13.85562 ], [ 107.994724, 13.855962 ], [ 107.994479, 13.855917 ], [ 107.994061, 13.855836 ], [ 107.994061, 13.855836 ], [ 107.993883, 13.855804 ] ] ], [ [ [ 107.994719, 13.854194 ], [ 107.994716, 13.85438 ], [ 107.994716, 13.854381 ], [ 107.994716, 13.854381 ], [ 107.994722, 13.854608 ], [ 107.994719, 13.854896 ], [ 107.993897, 13.854905 ], [ 107.993898, 13.854694 ], [ 107.993898, 13.854694 ], [ 107.993896, 13.854223 ], [ 107.994719, 13.854194 ] ] ], [ [ [ 107.993825, 13.854225 ], [ 107.993853, 13.854224 ], [ 107.993868, 13.854224 ], [ 107.99387, 13.854694 ], [ 107.993869, 13.854906 ], [ 107.993096, 13.854914 ], [ 107.993096, 13.854914 ], [ 107.993087, 13.854914 ], [ 107.993077, 13.854251 ], [ 107.993825, 13.854225 ] ] ], [ [ [ 107.992381, 13.854967 ], [ 107.993069, 13.854933 ], [ 107.993082, 13.855778 ], [ 107.992921, 13.855801 ], [ 107.992729, 13.855821 ], [ 107.992729, 13.855821 ], [ 107.992728, 13.855815 ], [ 107.992726, 13.855794 ], [ 107.992722, 13.855762 ], [ 107.992597, 13.855675 ], [ 107.99253, 13.855578 ], [ 107.992504, 13.855534 ], [ 107.992432, 13.855423 ], [ 107.992367, 13.855126 ], [ 107.992349, 13.854983 ], [ 107.992381, 13.854967 ] ] ], [ [ [ 107.992338, 13.854899 ], [ 107.992255, 13.854644 ], [ 107.992195, 13.854652 ], [ 107.992192, 13.854622 ], [ 107.992169, 13.854283 ], [ 107.992179, 13.854283 ], [ 107.993059, 13.854252 ], [ 107.993069, 13.854915 ], [ 107.992378, 13.854949 ], [ 107.992374, 13.85495 ], [ 107.992347, 13.854964 ], [ 107.992338, 13.854899 ] ] ], [ [ [ 107.993088, 13.854932 ], [ 107.993096, 13.854932 ], [ 107.993868, 13.854924 ], [ 107.993866, 13.855322 ], [ 107.993855, 13.855799 ], [ 107.99385, 13.855798 ], [ 107.993844, 13.855797 ], [ 107.993844, 13.855797 ], [ 107.993817, 13.855792 ], [ 107.993727, 13.855776 ], [ 107.993724, 13.855775 ], [ 107.993352, 13.855756 ], [ 107.993351, 13.855756 ], [ 107.993349, 13.855756 ], [ 107.993171, 13.855766 ], [ 107.993169, 13.855766 ], [ 107.993101, 13.855775 ], [ 107.993088, 13.854932 ] ] ] ] } },
{ "type": "Feature", "properties": { "LONGTITUDE": 107.989939, "LATITUDE": 13.852691, "ALTITUDE": "", "LOT": "", "AREA": 1.09, "PLANT_NO": "", "PLANT_YEAR": "", "RAINFALL": 2200.0, "T_MIN": 12.0, "T_MAX": 39.0, "T_AVERAGE": 26.0, "SOIL_TYPE": "Ferralsols", "SLOPE": "", "DEPTH": "", "PH": "", "EC": "", "CEC": "", "OM": "", "N_TS": "", "P2O5_TS": "", "P2O5_DT": "", "K2O_TS": "", "K2O_DT": "", "Canxi": "", "Magie": "", "DENSITY": "", "BULK_DENSI": "", "POROSITY": "", "CLAY": "", "LOAM": "", "SAND": "" }, "geometry": { "type": "MultiPolygon", "coordinates": [ [ [ [ 107.989684, 13.851805 ], [ 107.98973, 13.851772 ], [ 107.989961, 13.851698 ], [ 107.989963, 13.851698 ], [ 107.990083, 13.851641 ], [ 107.990085, 13.851664 ], [ 107.990087, 13.8517 ], [ 107.9902, 13.85362 ], [ 107.9902, 13.853621 ], [ 107.990203, 13.853661 ], [ 107.990203, 13.853662 ], [ 107.990203, 13.853662 ], [ 107.98981, 13.853741 ], [ 107.989763, 13.853522 ], [ 107.989755, 13.853316 ], [ 107.989753, 13.852855 ], [ 107.989753, 13.852854 ], [ 107.989749, 13.85255 ], [ 107.989749, 13.852548 ], [ 107.989707, 13.852221 ], [ 107.989675, 13.851892 ], [ 107.989684, 13.851805 ] ] ], [ [ [ 107.990172, 13.853696 ], [ 107.990176, 13.853757 ], [ 107.990185, 13.853895 ], [ 107.990193, 13.854003 ], [ 107.989862, 13.85401 ], [ 107.989862, 13.854008 ], [ 107.989821, 13.853791 ], [ 107.989821, 13.853791 ], [ 107.989816, 13.853767 ], [ 107.990172, 13.853696 ] ] ], [ [ [ 107.989782, 13.853743 ], [ 107.989762, 13.853649 ], [ 107.989762, 13.853649 ], [ 107.989782, 13.853743 ] ] ] ] } },
{ "type": "Feature", "properties": { "LONGTITUDE": 107.982346, "LATITUDE": 13.846054, "ALTITUDE": "", "LOT": "29", "AREA": 4.88, "PLANT_NO": "", "PLANT_YEAR": "", "RAINFALL": 2200.0, "T_MIN": 12.0, "T_MAX": 39.0, "T_AVERAGE": 26.0, "SOIL_TYPE": "Ferralsols", "SLOPE": "", "DEPTH": "", "PH": "", "EC": "", "CEC": "", "OM": "", "N_TS": "", "P2O5_TS": "", "P2O5_DT": "", "K2O_TS": "", "K2O_DT": "", "Canxi": "", "Magie": "", "DENSITY": "", "BULK_DENSI": "", "POROSITY": "", "CLAY": "", "LOAM": "", "SAND": "" }, "geometry": { "type": "MultiPolygon", "coordinates": [ [ [ [ 107.982062, 13.845178 ], [ 107.982231, 13.84528 ], [ 107.982242, 13.845286 ], [ 107.982257, 13.845296 ], [ 107.98226, 13.845298 ], [ 107.983031, 13.845762 ], [ 107.983031, 13.845762 ], [ 107.983034, 13.845764 ], [ 107.983019, 13.846035 ], [ 107.983015, 13.846122 ], [ 107.983008, 13.846259 ], [ 107.982973, 13.846929 ], [ 107.981658, 13.84614 ], [ 107.982062, 13.845178 ] ] ], [ [ [ 107.980936, 13.845643 ], [ 107.980962, 13.845581 ], [ 107.981015, 13.845455 ], [ 107.981015, 13.845455 ], [ 107.981117, 13.845212 ], [ 107.981318, 13.84473 ], [ 107.982046, 13.845169 ], [ 107.981643, 13.84613 ], [ 107.981006, 13.845748 ], [ 107.980915, 13.845694 ], [ 107.980936, 13.845643 ] ] ], [ [ [ 107.980241, 13.845118 ], [ 107.980256, 13.84508 ], [ 107.980292, 13.844989 ], [ 107.980382, 13.844756 ], [ 107.980514, 13.84442 ], [ 107.980569, 13.844278 ], [ 107.981302, 13.84472 ], [ 107.980899, 13.845684 ], [ 107.980415, 13.845396 ], [ 107.980186, 13.845259 ], [ 107.980241, 13.845118 ] ] ], [ [ [ 107.979963, 13.845161 ], [ 107.97992, 13.845135 ], [ 107.979879, 13.845111 ], [ 107.979963, 13.845161 ] ] ], [ [ [ 107.979879, 13.845111 ], [ 107.979763, 13.845041 ], [ 107.979763, 13.845041 ], [ 107.979879, 13.845111 ] ] ], [ [ [ 107.979773, 13.843798 ], [ 107.98041, 13.844182 ], [ 107.98041, 13.844182 ], [ 107.980553, 13.844269 ], [ 107.98017, 13.84525 ], [ 107.979406, 13.844794 ], [ 107.979773, 13.843798 ] ] ] ] } },
{ "type": "Feature", "properties": { "LONGTITUDE": 107.979281, "LATITUDE": 13.836923, "ALTITUDE": "", "LOT": "19", "AREA": 6.07, "PLANT_NO": "", "PLANT_YEAR": "", "RAINFALL": 2200.0, "T_MIN": 12.0, "T_MAX": 39.0, "T_AVERAGE": 26.0, "SOIL_TYPE": "Ferralsols", "SLOPE": "", "DEPTH": "", "PH": "", "EC": "", "CEC": "", "OM": "", "N_TS": "", "P2O5_TS": "", "P2O5_DT": "", "K2O_TS": "", "K2O_DT": "", "Canxi": "", "Magie": "", "DENSITY": "", "BULK_DENSI": "", "POROSITY": "", "CLAY": "", "LOAM": "", "SAND": "" }, "geometry": { "type": "MultiPolygon", "coordinates": [ [ [ [ 107.978354, 13.83625 ], [ 107.978573, 13.836182 ], [ 107.978575, 13.836181 ], [ 107.97878, 13.836077 ], [ 107.978882, 13.83605 ], [ 107.979545, 13.836472 ], [ 107.979787, 13.836642 ], [ 107.979923, 13.836831 ], [ 107.979926, 13.836834 ], [ 107.980087, 13.836955 ], [ 107.980088, 13.836956 ], [ 107.98009, 13.836957 ], [ 107.980266, 13.837035 ], [ 107.980268, 13.837036 ], [ 107.980385, 13.83706 ], [ 107.980112, 13.837796 ], [ 107.978176, 13.83647 ], [ 107.978354, 13.83625 ] ] ], [ [ [ 107.980793, 13.836674 ], [ 107.980846, 13.836598 ], [ 107.982056, 13.837388 ], [ 107.982049, 13.837406 ], [ 107.982049, 13.837407 ], [ 107.981829, 13.838088 ], [ 107.980537, 13.837036 ], [ 107.980793, 13.836674 ] ] ], [ [ [ 107.980403, 13.837064 ], [ 107.980424, 13.837068 ], [ 107.980426, 13.837068 ], [ 107.980428, 13.837068 ], [ 107.980517, 13.837057 ], [ 107.980523, 13.837055 ], [ 107.980527, 13.837051 ], [ 107.981822, 13.838107 ], [ 107.981568, 13.838794 ], [ 107.980977, 13.838389 ], [ 107.980891, 13.83833 ], [ 107.980128, 13.837807 ], [ 107.980403, 13.837064 ] ] ], [ [ [ 107.981112, 13.83624 ], [ 107.981112, 13.83624 ], [ 107.981373, 13.835856 ], [ 107.981433, 13.835812 ], [ 107.981523, 13.835814 ], [ 107.981817, 13.836168 ], [ 107.981818, 13.836169 ], [ 107.981976, 13.836331 ], [ 107.981978, 13.836333 ], [ 107.982312, 13.836593 ], [ 107.982312, 13.836594 ], [ 107.982358, 13.836627 ], [ 107.982261, 13.836835 ], [ 107.982261, 13.836836 ], [ 107.982063, 13.83737 ], [ 107.980857, 13.836583 ], [ 107.981112, 13.83624 ] ] ] ] } },
{ "type": "Feature", "properties": { "LONGTITUDE": 107.978177, "LATITUDE": 13.840161, "ALTITUDE": "", "LOT": "22", "AREA": 6.32, "PLANT_NO": "", "PLANT_YEAR": "", "RAINFALL": 2200.0, "T_MIN": 12.0, "T_MAX": 39.0, "T_AVERAGE": 26.0, "SOIL_TYPE": "Ferralsols", "SLOPE": "", "DEPTH": "", "PH": "", "EC": "", "CEC": "", "OM": "", "N_TS": "", "P2O5_TS": "", "P2O5_DT": "", "K2O_TS": "", "K2O_DT": "", "Canxi": "", "Magie": "", "DENSITY": "", "BULK_DENSI": "", "POROSITY": "", "CLAY": "", "LOAM": "", "SAND": "" }, "geometry": { "type": "MultiPolygon", "coordinates": [ [ [ [ 107.977929, 13.839009 ], [ 107.979149, 13.839844 ], [ 107.979306, 13.839956 ], [ 107.978759, 13.841312 ], [ 107.978407, 13.841081 ], [ 107.978406, 13.84108 ], [ 107.977048, 13.84024 ], [ 107.977929, 13.839009 ] ] ], [ [ [ 107.978263, 13.841024 ], [ 107.978391, 13.841103 ], [ 107.978456, 13.841146 ], [ 107.978263, 13.841024 ] ] ], [ [ [ 107.979321, 13.839967 ], [ 107.980786, 13.841004 ], [ 107.980797, 13.841012 ], [ 107.980799, 13.841013 ], [ 107.980799, 13.841013 ], [ 107.980799, 13.841013 ], [ 107.980417, 13.842041 ], [ 107.980416, 13.842042 ], [ 107.980317, 13.842326 ], [ 107.979343, 13.841712 ], [ 107.979252, 13.841647 ], [ 107.979063, 13.841512 ], [ 107.979063, 13.841512 ], [ 107.978775, 13.841323 ], [ 107.979321, 13.839967 ] ] ] ] } },
{ "type": "Feature", "properties": { "LONGTITUDE": 107.98712, "LATITUDE": 13.842036, "ALTITUDE": "", "LOT": "12", "AREA": 5.46, "PLANT_NO": "", "PLANT_YEAR": "", "RAINFALL": 2200.0, "T_MIN": 12.0, "T_MAX": 39.0, "T_AVERAGE": 26.0, "SOIL_TYPE": "Ferralsols", "SLOPE": "", "DEPTH": "", "PH": "", "EC": "", "CEC": "", "OM": "", "N_TS": "", "P2O5_TS": "", "P2O5_DT": "", "K2O_TS": "", "K2O_DT": "", "Canxi": "", "Magie": "", "DENSITY": "", "BULK_DENSI": "", "POROSITY": "", "CLAY": "", "LOAM": "", "SAND": "" }, "geometry": { "type": "MultiPolygon", "coordinates": [ [ [ [ 107.986411, 13.841155 ], [ 107.986419, 13.841155 ], [ 107.987679, 13.841199 ], [ 107.987829, 13.842918 ], [ 107.987472, 13.842914 ], [ 107.987077, 13.842918 ], [ 107.986687, 13.842886 ], [ 107.986431, 13.842846 ], [ 107.986431, 13.842846 ], [ 107.986411, 13.84121 ], [ 107.986411, 13.841164 ], [ 107.986411, 13.841155 ] ] ], [ [ [ 107.988868, 13.842928 ], [ 107.988365, 13.842923 ], [ 107.987857, 13.842918 ], [ 107.987707, 13.8412 ], [ 107.989011, 13.841245 ], [ 107.989012, 13.841245 ], [ 107.989012, 13.841245 ], [ 107.989012, 13.841245 ], [ 107.989013, 13.841245 ], [ 107.989035, 13.841245 ], [ 107.989039, 13.841251 ], [ 107.989044, 13.841356 ], [ 107.989044, 13.841357 ], [ 107.989109, 13.841951 ], [ 107.989109, 13.841951 ], [ 107.989142, 13.842219 ], [ 107.989133, 13.842458 ], [ 107.989116, 13.842936 ], [ 107.989116, 13.842936 ], [ 107.988868, 13.842928 ] ] ] ] } },
{ "type": "Feature", "properties": { "LONGTITUDE": 107.991999, "LATITUDE": 13.841156, "ALTITUDE": "", "LOT": "9", "AREA": 5.47, "PLANT_NO": "", "PLANT_YEAR": "", "RAINFALL": 2200.0, "T_MIN": 12.0, "T_MAX": 39.0, "T_AVERAGE": 26.0, "SOIL_TYPE": "Ferralsols", "SLOPE": "", "DEPTH": "", "PH": "", "EC": "", "CEC": "", "OM": "", "N_TS": "", "P2O5_TS": "", "P2O5_DT": "", "K2O_TS": "", "K2O_DT": "", "Canxi": "", "Magie": "", "DENSITY": "", "BULK_DENSI": "", "POROSITY": "", "CLAY": "", "LOAM": "", "SAND": "" }, "geometry": { "type": "MultiPolygon", "coordinates": [ [ [ [ 107.991394, 13.840374 ], [ 107.992568, 13.840382 ], [ 107.992598, 13.84164 ], [ 107.992603, 13.841856 ], [ 107.992507, 13.841861 ], [ 107.992506, 13.841861 ], [ 107.991513, 13.841937 ], [ 107.99151, 13.841892 ], [ 107.99151, 13.841892 ], [ 107.9914, 13.840443 ], [ 107.9914, 13.840435 ], [ 107.9914, 13.840411 ], [ 107.9914, 13.840406 ], [ 107.991399, 13.840404 ], [ 107.991395, 13.840384 ], [ 107.991394, 13.840374 ] ] ], [ [ [ 107.992776, 13.840397 ], [ 107.992741, 13.840398 ], [ 107.99274, 13.840397 ], [ 107.992776, 13.840397 ] ] ], [ [ [ 107.993738, 13.841807 ], [ 107.993753, 13.840395 ], [ 107.993906, 13.840391 ], [ 107.994608, 13.840405 ], [ 107.994634, 13.840867 ], [ 107.994637, 13.841475 ], [ 107.994637, 13.841764 ], [ 107.994577, 13.841786 ], [ 107.993738, 13.841807 ] ] ], [ [ [ 107.992655, 13.840382 ], [ 107.992674, 13.840382 ], [ 107.992674, 13.840383 ], [ 107.992728, 13.840423 ], [ 107.99273, 13.840424 ], [ 107.992737, 13.840425 ], [ 107.992737, 13.840425 ], [ 107.993734, 13.840396 ], [ 107.993719, 13.841808 ], [ 107.99358, 13.841812 ], [ 107.99358, 13.841812 ], [ 107.992622, 13.841856 ], [ 107.992617, 13.841651 ], [ 107.992606, 13.841181 ], [ 107.992586, 13.840382 ], [ 107.992655, 13.840382 ] ] ] ] } },
{ "type": "Feature", "properties": { "LONGTITUDE": 107.994144, "LATITUDE": 13.850962, "ALTITUDE": "", "LOT": "45", "AREA": 2.27, "PLANT_NO": "", "PLANT_YEAR": "", "RAINFALL": 2200.0, "T_MIN": 12.0, "T_MAX": 39.0, "T_AVERAGE": 26.0, "SOIL_TYPE": "Ferralsols", "SLOPE": "", "DEPTH": "", "PH": "", "EC": "", "CEC": "", "OM": "", "N_TS": "", "P2O5_TS": "", "P2O5_DT": "", "K2O_TS": "", "K2O_DT": "", "Canxi": "", "Magie": "", "DENSITY": "", "BULK_DENSI": "", "POROSITY": "", "CLAY": "", "LOAM": "", "SAND": "" }, "geometry": { "type": "MultiPolygon", "coordinates": [ [ [ [ 107.993878, 13.849872 ], [ 107.99388, 13.849764 ], [ 107.994401, 13.84985 ], [ 107.994409, 13.85216 ], [ 107.993918, 13.852124 ], [ 107.993923, 13.85197 ], [ 107.993923, 13.851969 ], [ 107.993931, 13.850995 ], [ 107.993931, 13.850995 ], [ 107.993931, 13.850995 ], [ 107.993922, 13.850363 ], [ 107.993922, 13.850362 ], [ 107.993897, 13.849952 ], [ 107.993896, 13.84995 ], [ 107.993878, 13.849872 ] ] ], [ [ [ 107.99442, 13.849853 ], [ 107.994762, 13.849909 ], [ 107.994764, 13.850039 ], [ 107.994746, 13.850572 ], [ 107.994754, 13.851011 ], [ 107.994758, 13.851626 ], [ 107.994757, 13.852186 ], [ 107.994428, 13.852161 ], [ 107.99442, 13.849853 ] ] ] ] } },
{ "type": "Feature", "properties": { "LONGTITUDE": 107.987537, "LATITUDE": 13.84738, "ALTITUDE": "", "LOT": "", "AREA": 5.71, "PLANT_NO": "", "PLANT_YEAR": "", "RAINFALL": 2200.0, "T_MIN": 12.0, "T_MAX": 39.0, "T_AVERAGE": 26.0, "SOIL_TYPE": "Ferralsols", "SLOPE": "", "DEPTH": "", "PH": "", "EC": "", "CEC": "", "OM": "", "N_TS": "", "P2O5_TS": "", "P2O5_DT": "", "K2O_TS": "", "K2O_DT": "", "Canxi": "", "Magie": "", "DENSITY": "", "BULK_DENSI": "", "POROSITY": "", "CLAY": "", "LOAM": "", "SAND": "" }, "geometry": { "type": "MultiPolygon", "coordinates": [ [ [ [ 107.986905, 13.848072 ], [ 107.986906, 13.847595 ], [ 107.986913, 13.847595 ], [ 107.986913, 13.847595 ], [ 107.98692, 13.847594 ], [ 107.986925, 13.847589 ], [ 107.986927, 13.847583 ], [ 107.986974, 13.846713 ], [ 107.986974, 13.846712 ], [ 107.986975, 13.846683 ], [ 107.98816, 13.846735 ], [ 107.988169, 13.848076 ], [ 107.986905, 13.848072 ] ] ], [ [ [ 107.989317, 13.846757 ], [ 107.989318, 13.846757 ], [ 107.989318, 13.846757 ], [ 107.989318, 13.846758 ], [ 107.989317, 13.846758 ], [ 107.989317, 13.846758 ], [ 107.989313, 13.846758 ], [ 107.989306, 13.846758 ], [ 107.989302, 13.846757 ], [ 107.989295, 13.846757 ], [ 107.989317, 13.846757 ] ] ], [ [ [ 107.98932, 13.846785 ], [ 107.989326, 13.846785 ], [ 107.989317, 13.846847 ], [ 107.989316, 13.846849 ], [ 107.9893, 13.847251 ], [ 107.9893, 13.847252 ], [ 107.9893, 13.847252 ], [ 107.989303, 13.847624 ], [ 107.989285, 13.84808 ], [ 107.988188, 13.848076 ], [ 107.988178, 13.846735 ], [ 107.98932, 13.846785 ] ] ], [ [ [ 107.986903, 13.848737 ], [ 107.986904, 13.848737 ], [ 107.986905, 13.84809 ], [ 107.988169, 13.848094 ], [ 107.988175, 13.848852 ], [ 107.988061, 13.848861 ], [ 107.987923, 13.848857 ], [ 107.987713, 13.848828 ], [ 107.987398, 13.848783 ], [ 107.987397, 13.848782 ], [ 107.987127, 13.848756 ], [ 107.987127, 13.848756 ], [ 107.986903, 13.848737 ] ] ], [ [ [ 107.989285, 13.848098 ], [ 107.989274, 13.848363 ], [ 107.989266, 13.848487 ], [ 107.98925, 13.84856 ], [ 107.989234, 13.848585 ], [ 107.989192, 13.848627 ], [ 107.989129, 13.848643 ], [ 107.989129, 13.848643 ], [ 107.988895, 13.848713 ], [ 107.988583, 13.848794 ], [ 107.988305, 13.848841 ], [ 107.988193, 13.84885 ], [ 107.988188, 13.848094 ], [ 107.989285, 13.848098 ] ] ] ] } },
{ "type": "Feature", "properties": { "LONGTITUDE": 107.995644, "LATITUDE": 13.846194, "ALTITUDE": "", "LOT": "2", "AREA": 6.54, "PLANT_NO": "", "PLANT_YEAR": "", "RAINFALL": 2200.0, "T_MIN": 12.0, "T_MAX": 39.0, "T_AVERAGE": 26.0, "SOIL_TYPE": "Ferralsols", "SLOPE": "", "DEPTH": "", "PH": "", "EC": "", "CEC": "", "OM": "", "N_TS": "", "P2O5_TS": "", "P2O5_DT": "", "K2O_TS": "", "K2O_DT": "", "Canxi": "", "Magie": "", "DENSITY": "", "BULK_DENSI": "", "POROSITY": "", "CLAY": "", "LOAM": "", "SAND": "" }, "geometry": { "type": "MultiPolygon", "coordinates": [ [ [ [ 107.996213, 13.847234 ], [ 107.996207, 13.847593 ], [ 107.995134, 13.847678 ], [ 107.995135, 13.847671 ], [ 107.99516, 13.847227 ], [ 107.99516, 13.847226 ], [ 107.99516, 13.847225 ], [ 107.99513, 13.846609 ], [ 107.995098, 13.846012 ], [ 107.995068, 13.845289 ], [ 107.995086, 13.845067 ], [ 107.995086, 13.845067 ], [ 107.995099, 13.844807 ], [ 107.996217, 13.84471 ], [ 107.996217, 13.845281 ], [ 107.996217, 13.845541 ], [ 107.996197, 13.845786 ], [ 107.996196, 13.845786 ], [ 107.996189, 13.846132 ], [ 107.996189, 13.846133 ], [ 107.99619, 13.846363 ], [ 107.996191, 13.846364 ], [ 107.996213, 13.846666 ], [ 107.996219, 13.846881 ], [ 107.996213, 13.847234 ] ] ], [ [ [ 107.996224, 13.845787 ], [ 107.996245, 13.845543 ], [ 107.996245, 13.845542 ], [ 107.996245, 13.845281 ], [ 107.996245, 13.844696 ], [ 107.996245, 13.844689 ], [ 107.996246, 13.844689 ], [ 107.997624, 13.844692 ], [ 107.997625, 13.844691 ], [ 107.997637, 13.844857 ], [ 107.997637, 13.84491 ], [ 107.997621, 13.844934 ], [ 107.99762, 13.844935 ], [ 107.997619, 13.844938 ], [ 107.997617, 13.844941 ], [ 107.997593, 13.845022 ], [ 107.997592, 13.845027 ], [ 107.997585, 13.845119 ], [ 107.997585, 13.84512 ], [ 107.997584, 13.845238 ], [ 107.99757, 13.845426 ], [ 107.99757, 13.845428 ], [ 107.997571, 13.845437 ], [ 107.997582, 13.845467 ], [ 107.997584, 13.845472 ], [ 107.997585, 13.845474 ], [ 107.997615, 13.845516 ], [ 107.997626, 13.845544 ], [ 107.997643, 13.845677 ], [ 107.997643, 13.845678 ], [ 107.997654, 13.845736 ], [ 107.997657, 13.845744 ], [ 107.997666, 13.845754 ], [ 107.997696, 13.845772 ], [ 107.997697, 13.845773 ], [ 107.997711, 13.845777 ], [ 107.997713, 13.845777 ], [ 107.997809, 13.845771 ], [ 107.997913, 13.845768 ], [ 107.99793, 13.845772 ], [ 107.997939, 13.845782 ], [ 107.997943, 13.845804 ], [ 107.997947, 13.845854 ], [ 107.997947, 13.846129 ], [ 107.997948, 13.846132 ], [ 107.997913, 13.846135 ], [ 107.997378, 13.846188 ], [ 107.997343, 13.846237 ], [ 107.997331, 13.846254 ], [ 107.996218, 13.846328 ], [ 107.996217, 13.846133 ], [ 107.996224, 13.845787 ] ] ], [ [ [ 107.997614, 13.845104 ], [ 107.997614, 13.845104 ], [ 107.997613, 13.845121 ], [ 107.997614, 13.845104 ] ] ], [ [ [ 107.997975, 13.846129 ], [ 107.997975, 13.846129 ], [ 107.997975, 13.846129 ], [ 107.997975, 13.846129 ], [ 107.997975, 13.846129 ] ] ], [ [ [ 107.995032, 13.845382 ], [ 107.995034, 13.845355 ], [ 107.995034, 13.845376 ], [ 107.995036, 13.845415 ], [ 107.995039, 13.845478 ], [ 107.99504, 13.845501 ], [ 107.995041, 13.845529 ], [ 107.995041, 13.845543 ], [ 107.995042, 13.845549 ], [ 107.995042, 13.845553 ], [ 107.995032, 13.845382 ] ] ] ] } },
{ "type": "Feature", "properties": { "LONGTITUDE": 107.926153, "LATITUDE": 13.904574, "ALTITUDE": "", "LOT": "15", "AREA": 2.97, "PLANT_NO": "", "PLANT_YEAR": "", "RAINFALL": 2200.0, "T_MIN": 12.0, "T_MAX": 39.0, "T_AVERAGE": 26.0, "SOIL_TYPE": "Ferralsols", "SLOPE": "", "DEPTH": "", "PH": "", "EC": "", "CEC": "", "OM": "", "N_TS": "", "P2O5_TS": "", "P2O5_DT": "", "K2O_TS": "", "K2O_DT": "", "Canxi": "", "Magie": "", "DENSITY": "", "BULK_DENSI": "", "POROSITY": "", "CLAY": "", "LOAM": "", "SAND": "" }, "geometry": { "type": "Polygon", "coordinates": [ [ [ 107.92571, 13.903496 ], [ 107.92607, 13.903756 ], [ 107.926324, 13.90394 ], [ 107.926529, 13.904089 ], [ 107.92668, 13.904198 ], [ 107.927349, 13.904661 ], [ 107.926625, 13.905652 ], [ 107.925692, 13.904983 ], [ 107.925691, 13.904982 ], [ 107.924956, 13.904566 ], [ 107.92571, 13.903496 ] ] ] } },
{ "type": "Feature", "properties": { "LONGTITUDE": 107.992301, "LATITUDE": 13.84529, "ALTITUDE": "", "LOT": "", "AREA": 5.14, "PLANT_NO": "", "PLANT_YEAR": "", "RAINFALL": 2200.0, "T_MIN": 12.0, "T_MAX": 39.0, "T_AVERAGE": 26.0, "SOIL_TYPE": "Ferralsols", "SLOPE": "", "DEPTH": "", "PH": "", "EC": "", "CEC": "", "OM": "", "N_TS": "", "P2O5_TS": "", "P2O5_DT": "", "K2O_TS": "", "K2O_DT": "", "Canxi": "", "Magie": "", "DENSITY": "", "BULK_DENSI": "", "POROSITY": "", "CLAY": "", "LOAM": "", "SAND": "" }, "geometry": { "type": "MultiPolygon", "coordinates": [ [ [ [ 107.99168, 13.845509 ], [ 107.991672, 13.84531 ], [ 107.991681, 13.845082 ], [ 107.991687, 13.844895 ], [ 107.991682, 13.844768 ], [ 107.99293, 13.844695 ], [ 107.992926, 13.845267 ], [ 107.992909, 13.845283 ], [ 107.992907, 13.845286 ], [ 107.992905, 13.84529 ], [ 107.992894, 13.845352 ], [ 107.992893, 13.845354 ], [ 107.99289, 13.845574 ], [ 107.992885, 13.845651 ], [ 107.992855, 13.845697 ], [ 107.992788, 13.845719 ], [ 107.992535, 13.845764 ], [ 107.992081, 13.84582 ], [ 107.992081, 13.84582 ], [ 107.991739, 13.845867 ], [ 107.991734, 13.845869 ], [ 107.991707, 13.845884 ], [ 107.99168, 13.845509 ] ] ], [ [ [ 107.993919, 13.845289 ], [ 107.99394, 13.844635 ], [ 107.994712, 13.84459 ], [ 107.994702, 13.844681 ], [ 107.9947, 13.844683 ], [ 107.994699, 13.844687 ], [ 107.994697, 13.844723 ], [ 107.994697, 13.844727 ], [ 107.994697, 13.844727 ], [ 107.994697, 13.844729 ], [ 107.994691, 13.844854 ], [ 107.994691, 13.844855 ], [ 107.99469, 13.845163 ], [ 107.994365, 13.845212 ], [ 107.993964, 13.845272 ], [ 107.99396, 13.845273 ], [ 107.99396, 13.845274 ], [ 107.993926, 13.845295 ], [ 107.993925, 13.845296 ], [ 107.993922, 13.845291 ], [ 107.993919, 13.845289 ] ] ], [ [ [ 107.992948, 13.844676 ], [ 107.992953, 13.844032 ], [ 107.993398, 13.843996 ], [ 107.993943, 13.843951 ], [ 107.993922, 13.844618 ], [ 107.992948, 13.844676 ] ] ], [ [ [ 107.992945, 13.845248 ], [ 107.992948, 13.844694 ], [ 107.993921, 13.844636 ], [ 107.993901, 13.845286 ], [ 107.993815, 13.845287 ], [ 107.993814, 13.845287 ], [ 107.993713, 13.845297 ], [ 107.993606, 13.845288 ], [ 107.99346, 13.845246 ], [ 107.993459, 13.845246 ], [ 107.993322, 13.845214 ], [ 107.993319, 13.845214 ], [ 107.99313, 13.845208 ], [ 107.993129, 13.845208 ], [ 107.993128, 13.845208 ], [ 107.99301, 13.845222 ], [ 107.993007, 13.845223 ], [ 107.992953, 13.845242 ], [ 107.992951, 13.845243 ], [ 107.992948, 13.845245 ], [ 107.992945, 13.845248 ] ] ], [ [ [ 107.99168, 13.844699 ], [ 107.991686, 13.844453 ], [ 107.991689, 13.844143 ], [ 107.991688, 13.844136 ], [ 107.991688, 13.844136 ], [ 107.992934, 13.844034 ], [ 107.99293, 13.844677 ], [ 107.991682, 13.844751 ], [ 107.99168, 13.844699 ] ] ], [ [ [ 107.99394, 13.844617 ], [ 107.993962, 13.84395 ], [ 107.994672, 13.843892 ], [ 107.994673, 13.843892 ], [ 107.994743, 13.843885 ], [ 107.994713, 13.844572 ], [ 107.99394, 13.844617 ] ] ] ] } },
{ "type": "Feature", "properties": { "LONGTITUDE": 107.982297, "LATITUDE": 13.849736, "ALTITUDE": "", "LOT": "", "AREA": 10.87, "PLANT_NO": "", "PLANT_YEAR": "", "RAINFALL": 2200.0, "T_MIN": 12.0, "T_MAX": 39.0, "T_AVERAGE": 26.0, "SOIL_TYPE": "Ferralsols", "SLOPE": "", "DEPTH": "", "PH": "", "EC": "", "CEC": "", "OM": "", "N_TS": "", "P2O5_TS": "", "P2O5_DT": "", "K2O_TS": "", "K2O_DT": "", "Canxi": "", "Magie": "", "DENSITY": "", "BULK_DENSI": "", "POROSITY": "", "CLAY": "", "LOAM": "", "SAND": "" }, "geometry": { "type": "MultiPolygon", "coordinates": [ [ [ [ 107.982403, 13.850688 ], [ 107.982158, 13.850491 ], [ 107.982151, 13.850467 ], [ 107.982151, 13.850467 ], [ 107.982151, 13.850467 ], [ 107.982109, 13.85033 ], [ 107.981852, 13.8502 ], [ 107.981734, 13.850141 ], [ 107.981682, 13.850164 ], [ 107.981573, 13.850312 ], [ 107.981554, 13.850329 ], [ 107.981445, 13.850309 ], [ 107.981356, 13.850265 ], [ 107.981308, 13.850172 ], [ 107.981286, 13.850103 ], [ 107.981313, 13.850025 ], [ 107.981328, 13.849964 ], [ 107.981359, 13.849834 ], [ 107.981368, 13.849808 ], [ 107.981368, 13.849807 ], [ 107.981371, 13.849797 ], [ 107.981408, 13.849723 ], [ 107.981317, 13.849637 ], [ 107.981109, 13.849641 ], [ 107.981026, 13.849618 ], [ 107.980948, 13.849605 ], [ 107.980854, 13.849581 ], [ 107.980752, 13.849581 ], [ 107.98072, 13.849587 ], [ 107.980663, 13.849588 ], [ 107.980621, 13.849586 ], [ 107.980568, 13.849568 ], [ 107.980579, 13.849484 ], [ 107.980584, 13.849426 ], [ 107.980571, 13.849326 ], [ 107.980599, 13.849219 ], [ 107.980667, 13.848888 ], [ 107.980721, 13.848623 ], [ 107.980725, 13.848608 ], [ 107.980732, 13.84861 ], [ 107.980732, 13.84861 ], [ 107.980733, 13.84861 ], [ 107.981415, 13.848764 ], [ 107.98143, 13.848767 ], [ 107.981556, 13.848796 ], [ 107.981639, 13.848814 ], [ 107.981666, 13.84882 ], [ 107.982169, 13.848939 ], [ 107.98217, 13.848939 ], [ 107.982384, 13.848989 ], [ 107.982463, 13.849008 ], [ 107.982662, 13.849055 ], [ 107.983367, 13.849221 ], [ 107.983275, 13.849894 ], [ 107.983275, 13.849895 ], [ 107.983276, 13.8499 ], [ 107.983291, 13.849943 ], [ 107.983292, 13.849946 ], [ 107.983296, 13.84995 ], [ 107.983305, 13.849956 ], [ 107.98335, 13.849987 ], [ 107.983356, 13.849992 ], [ 107.983358, 13.849993 ], [ 107.983388, 13.850013 ], [ 107.983489, 13.850097 ], [ 107.983489, 13.850097 ], [ 107.983619, 13.850194 ], [ 107.983677, 13.850284 ], [ 107.983735, 13.8504 ], [ 107.983744, 13.85049 ], [ 107.983744, 13.850491 ], [ 107.983752, 13.850553 ], [ 107.983761, 13.850618 ], [ 107.983763, 13.850623 ], [ 107.983763, 13.850623 ], [ 107.98379, 13.850667 ], [ 107.983792, 13.850669 ], [ 107.983836, 13.850718 ], [ 107.98384, 13.850721 ], [ 107.983842, 13.850722 ], [ 107.98391, 13.850745 ], [ 107.983969, 13.850775 ], [ 107.984002, 13.850815 ], [ 107.984025, 13.850854 ], [ 107.984006, 13.850863 ], [ 107.983944, 13.85085 ], [ 107.983847, 13.850807 ], [ 107.983714, 13.850737 ], [ 107.983679, 13.85067 ], [ 107.983661, 13.850516 ], [ 107.98366, 13.850512 ], [ 107.9836, 13.850379 ], [ 107.983599, 13.850378 ], [ 107.983596, 13.850374 ], [ 107.983396, 13.850218 ], [ 107.983395, 13.850217 ], [ 107.983031, 13.850008 ], [ 107.983031, 13.850008 ], [ 107.983028, 13.850007 ], [ 107.982805, 13.849938 ], [ 107.9828, 13.849937 ], [ 107.982793, 13.849939 ], [ 107.982788, 13.849944 ], [ 107.982788, 13.849945 ], [ 107.982418, 13.850745 ], [ 107.982414, 13.850745 ], [ 107.982403, 13.850688 ] ] ], [ [ [ 107.984563, 13.850874 ], [ 107.98448, 13.850909 ], [ 107.984494, 13.851016 ], [ 107.984494, 13.851077 ], [ 107.984492, 13.851199 ], [ 107.98449, 13.851205 ], [ 107.984491, 13.851242 ], [ 107.984486, 13.851504 ], [ 107.984484, 13.851513 ], [ 107.984479, 13.851572 ], [ 107.984465, 13.851599 ], [ 107.984465, 13.851604 ], [ 107.984473, 13.85161 ], [ 107.984476, 13.851623 ], [ 107.984462, 13.851661 ], [ 107.984396, 13.851648 ], [ 107.984238, 13.85165 ], [ 107.98401, 13.851618 ], [ 107.983984, 13.851546 ], [ 107.98387, 13.851501 ], [ 107.983793, 13.851524 ], [ 107.983687, 13.851519 ], [ 107.98342, 13.851415 ], [ 107.983375, 13.851382 ], [ 107.983305, 13.85123 ], [ 107.983289, 13.851218 ], [ 107.983089, 13.851073 ], [ 107.982983, 13.851078 ], [ 107.982956, 13.851052 ], [ 107.982863, 13.850913 ], [ 107.982606, 13.850876 ], [ 107.982436, 13.850808 ], [ 107.982436, 13.850808 ], [ 107.982424, 13.850772 ], [ 107.982428, 13.850772 ], [ 107.982434, 13.85077 ], [ 107.982439, 13.850765 ], [ 107.98244, 13.850764 ], [ 107.982808, 13.849967 ], [ 107.983018, 13.850032 ], [ 107.98338, 13.85024 ], [ 107.983576, 13.850393 ], [ 107.983633, 13.850521 ], [ 107.983651, 13.850676 ], [ 107.983653, 13.850681 ], [ 107.983692, 13.850753 ], [ 107.983692, 13.850753 ], [ 107.983697, 13.850758 ], [ 107.983697, 13.850759 ], [ 107.983835, 13.850831 ], [ 107.983835, 13.850831 ], [ 107.983934, 13.850875 ], [ 107.983936, 13.850876 ], [ 107.984005, 13.85089 ], [ 107.984008, 13.850891 ], [ 107.984014, 13.850889 ], [ 107.98405, 13.850872 ], [ 107.984051, 13.850871 ], [ 107.984056, 13.850866 ], [ 107.984058, 13.85086 ], [ 107.984056, 13.850853 ], [ 107.984026, 13.850801 ], [ 107.984026, 13.850801 ], [ 107.984025, 13.850799 ], [ 107.983989, 13.850756 ], [ 107.983985, 13.850752 ], [ 107.983985, 13.850752 ], [ 107.983922, 13.85072 ], [ 107.98392, 13.850719 ], [ 107.983855, 13.850698 ], [ 107.983813, 13.850652 ], [ 107.983789, 13.850612 ], [ 107.983771, 13.850487 ], [ 107.983762, 13.850395 ], [ 107.983761, 13.85039 ], [ 107.983701, 13.850272 ], [ 107.983701, 13.850271 ], [ 107.983701, 13.85027 ], [ 107.983657, 13.850203 ], [ 107.98448, 13.850337 ], [ 107.984482, 13.850338 ], [ 107.984489, 13.850336 ], [ 107.984491, 13.850335 ], [ 107.984535, 13.8503 ], [ 107.984539, 13.850296 ], [ 107.98454, 13.850294 ], [ 107.984561, 13.850242 ], [ 107.984562, 13.850238 ], [ 107.984581, 13.850358 ], [ 107.984581, 13.850358 ], [ 107.984586, 13.850386 ], [ 107.984626, 13.850638 ], [ 107.984634, 13.850811 ], [ 107.984563, 13.850874 ] ], [ [ 107.983227, 13.850774 ], [ 107.982966, 13.850609 ], [ 107.982978, 13.850593 ], [ 107.983107, 13.850411 ], [ 107.983339, 13.850601 ], [ 107.983227, 13.850774 ] ] ], [ [ [ 107.980731, 13.848582 ], [ 107.980809, 13.848266 ], [ 107.980881, 13.847972 ], [ 107.980894, 13.84791 ], [ 107.980894, 13.84791 ], [ 107.980894, 13.84791 ], [ 107.980902, 13.847881 ], [ 107.981128, 13.847945 ], [ 107.981128, 13.847945 ], [ 107.981606, 13.848063 ], [ 107.981606, 13.848063 ], [ 107.981784, 13.848107 ], [ 107.981785, 13.848107 ], [ 107.982307, 13.848226 ], [ 107.983133, 13.848408 ], [ 107.983133, 13.848408 ], [ 107.983464, 13.848476 ], [ 107.983449, 13.84862 ], [ 107.983371, 13.849194 ], [ 107.982433, 13.848973 ], [ 107.982402, 13.848966 ], [ 107.98239, 13.848963 ], [ 107.982176, 13.848912 ], [ 107.982175, 13.848912 ], [ 107.982175, 13.848912 ], [ 107.981672, 13.848794 ], [ 107.981658, 13.848791 ], [ 107.981647, 13.848788 ], [ 107.981645, 13.848788 ], [ 107.981641, 13.848787 ], [ 107.981593, 13.848776 ], [ 107.981421, 13.848737 ], [ 107.98074, 13.848584 ], [ 107.980732, 13.848582 ], [ 107.980732, 13.848582 ], [ 107.980731, 13.848582 ] ] ], [ [ [ 107.983476, 13.848623 ], [ 107.983476, 13.848623 ], [ 107.983491, 13.848482 ], [ 107.983652, 13.848515 ], [ 107.983652, 13.848515 ], [ 107.984183, 13.848619 ], [ 107.98431, 13.848649 ], [ 107.984326, 13.848654 ], [ 107.984349, 13.848661 ], [ 107.984376, 13.848679 ], [ 107.984392, 13.848706 ], [ 107.984404, 13.848734 ], [ 107.984422, 13.848861 ], [ 107.984472, 13.84921 ], [ 107.984472, 13.84921 ], [ 107.984517, 13.849456 ], [ 107.984518, 13.84946 ], [ 107.98448, 13.849455 ], [ 107.984172, 13.849382 ], [ 107.983665, 13.849263 ], [ 107.9834, 13.849201 ], [ 107.983398, 13.8492 ], [ 107.983476, 13.848623 ] ] ], [ [ [ 107.983394, 13.849227 ], [ 107.983396, 13.849228 ], [ 107.983507, 13.849254 ], [ 107.983509, 13.849254 ], [ 107.983526, 13.849258 ], [ 107.983651, 13.849288 ], [ 107.98384, 13.849332 ], [ 107.984026, 13.849376 ], [ 107.984252, 13.849429 ], [ 107.984478, 13.849482 ], [ 107.984481, 13.849482 ], [ 107.984481, 13.849482 ], [ 107.984482, 13.849482 ], [ 107.984509, 13.849485 ], [ 107.984522, 13.849487 ], [ 107.984523, 13.849487 ], [ 107.984524, 13.849489 ], [ 107.984589, 13.849842 ], [ 107.98459, 13.849843 ], [ 107.984605, 13.849897 ], [ 107.984569, 13.849929 ], [ 107.984566, 13.849932 ], [ 107.984565, 13.849934 ], [ 107.98454, 13.849992 ], [ 107.984539, 13.849996 ], [ 107.984534, 13.850235 ], [ 107.984515, 13.850281 ], [ 107.984478, 13.85031 ], [ 107.983635, 13.850172 ], [ 107.983605, 13.85015 ], [ 107.983605, 13.85015 ], [ 107.983507, 13.850076 ], [ 107.983499, 13.85007 ], [ 107.983405, 13.849992 ], [ 107.983404, 13.849992 ], [ 107.98334, 13.849947 ], [ 107.983316, 13.84993 ], [ 107.983303, 13.849894 ], [ 107.983394, 13.849227 ] ], [ [ 107.98357, 13.849688 ], [ 107.98341, 13.84962 ], [ 107.983441, 13.849552 ], [ 107.983604, 13.849619 ], [ 107.98357, 13.849688 ] ] ] ] } },
{ "type": "Feature", "properties": { "LONGTITUDE": 107.994114, "LATITUDE": 13.847229, "ALTITUDE": "", "LOT": "43", "AREA": 1.05, "PLANT_NO": "", "PLANT_YEAR": "", "RAINFALL": 2200.0, "T_MIN": 12.0, "T_MAX": 39.0, "T_AVERAGE": 26.0, "SOIL_TYPE": "Ferralsols", "SLOPE": "", "DEPTH": "", "PH": "", "EC": "", "CEC": "", "OM": "", "N_TS": "", "P2O5_TS": "", "P2O5_DT": "", "K2O_TS": "", "K2O_DT": "", "Canxi": "", "Magie": "", "DENSITY": "", "BULK_DENSI": "", "POROSITY": "", "CLAY": "", "LOAM": "", "SAND": "" }, "geometry": { "type": "MultiPolygon", "coordinates": [ [ [ [ 107.993841, 13.847419 ], [ 107.993858, 13.84724 ], [ 107.993887, 13.847217 ], [ 107.99389, 13.847213 ], [ 107.993892, 13.847209 ], [ 107.99392, 13.847082 ], [ 107.99392, 13.84708 ], [ 107.993948, 13.846839 ], [ 107.993969, 13.846699 ], [ 107.994378, 13.846689 ], [ 107.994393, 13.847724 ], [ 107.994279, 13.847729 ], [ 107.994278, 13.847729 ], [ 107.99393, 13.847768 ], [ 107.993896, 13.847748 ], [ 107.993853, 13.847694 ], [ 107.993834, 13.847542 ], [ 107.993841, 13.847419 ] ] ], [ [ [ 107.994756, 13.84668 ], [ 107.994764, 13.847063 ], [ 107.99473, 13.847699 ], [ 107.99473, 13.847708 ], [ 107.994612, 13.847715 ], [ 107.994412, 13.847723 ], [ 107.994397, 13.846689 ], [ 107.994756, 13.84668 ] ] ] ] } },
{ "type": "Feature", "properties": { "LONGTITUDE": 107.99599, "LATITUDE": 13.855582, "ALTITUDE": "", "LOT": "42", "AREA": 5.48, "PLANT_NO": "", "PLANT_YEAR": "", "RAINFALL": 2200.0, "T_MIN": 12.0, "T_MAX": 39.0, "T_AVERAGE": 26.0, "SOIL_TYPE": "Ferralsols", "SLOPE": "", "DEPTH": "", "PH": "", "EC": "", "CEC": "", "OM": "", "N_TS": "", "P2O5_TS": "", "P2O5_DT": "", "K2O_TS": "", "K2O_DT": "", "Canxi": "", "Magie": "", "DENSITY": "", "BULK_DENSI": "", "POROSITY": "", "CLAY": "", "LOAM": "", "SAND": "" }, "geometry": { "type": "MultiPolygon", "coordinates": [ [ [ [ 107.995246, 13.856051 ], [ 107.995258, 13.8557 ], [ 107.995258, 13.855699 ], [ 107.995262, 13.855327 ], [ 107.995262, 13.855326 ], [ 107.995262, 13.855326 ], [ 107.995254, 13.855016 ], [ 107.996734, 13.855089 ], [ 107.996717, 13.856039 ], [ 107.996683, 13.856105 ], [ 107.996563, 13.856134 ], [ 107.996382, 13.856148 ], [ 107.996071, 13.856136 ], [ 107.995771, 13.856126 ], [ 107.995423, 13.856088 ], [ 107.995245, 13.856055 ], [ 107.995246, 13.856051 ] ] ], [ [ [ 107.996752, 13.85509 ], [ 107.998316, 13.855167 ], [ 107.99831, 13.855322 ], [ 107.99831, 13.855323 ], [ 107.998302, 13.855888 ], [ 107.998302, 13.855888 ], [ 107.998303, 13.855889 ], [ 107.997942, 13.855915 ], [ 107.997681, 13.855919 ], [ 107.997309, 13.855923 ], [ 107.997308, 13.855923 ], [ 107.996834, 13.855946 ], [ 107.996824, 13.855948 ], [ 107.996747, 13.855981 ], [ 107.996744, 13.855982 ], [ 107.996737, 13.85599 ], [ 107.996752, 13.85509 ] ] ], [ [ [ 107.996763, 13.854498 ], [ 107.997817, 13.854557 ], [ 107.998112, 13.854573 ], [ 107.998266, 13.854573 ], [ 107.998323, 13.854573 ], [ 107.998323, 13.854574 ], [ 107.998324, 13.854952 ], [ 107.998317, 13.855149 ], [ 107.996753, 13.855072 ], [ 107.996763, 13.854498 ] ] ], [ [ [ 107.996745, 13.854497 ], [ 107.996734, 13.855071 ], [ 107.995254, 13.854998 ], [ 107.995254, 13.854985 ], [ 107.995254, 13.854984 ], [ 107.995246, 13.854705 ], [ 107.995245, 13.854704 ], [ 107.99523, 13.854413 ], [ 107.99523, 13.854413 ], [ 107.996745, 13.854497 ] ] ] ] } },
{ "type": "Feature", "properties": { "LONGTITUDE": 107.986232, "LATITUDE": 13.85277, "ALTITUDE": "", "LOT": "", "AREA": 5.22, "PLANT_NO": "", "PLANT_YEAR": "", "RAINFALL": 2200.0, "T_MIN": 12.0, "T_MAX": 39.0, "T_AVERAGE": 26.0, "SOIL_TYPE": "Ferralsols", "SLOPE": "", "DEPTH": "", "PH": "", "EC": "", "CEC": "", "OM": "", "N_TS": "", "P2O5_TS": "", "P2O5_DT": "", "K2O_TS": "", "K2O_DT": "", "Canxi": "", "Magie": "", "DENSITY": "", "BULK_DENSI": "", "POROSITY": "", "CLAY": "", "LOAM": "", "SAND": "" }, "geometry": { "type": "MultiPolygon", "coordinates": [ [ [ [ 107.985369, 13.852389 ], [ 107.985399, 13.852331 ], [ 107.985405, 13.852321 ], [ 107.985412, 13.852307 ], [ 107.985436, 13.852306 ], [ 107.985474, 13.852305 ], [ 107.985523, 13.852303 ], [ 107.985523, 13.852303 ], [ 107.987048, 13.852236 ], [ 107.987104, 13.853193 ], [ 107.985845, 13.853303 ], [ 107.985769, 13.853198 ], [ 107.985583, 13.852912 ], [ 107.985438, 13.852667 ], [ 107.985378, 13.852552 ], [ 107.98536, 13.852469 ], [ 107.985369, 13.852389 ] ] ], [ [ [ 107.986501, 13.854877 ], [ 107.987207, 13.854813 ], [ 107.987264, 13.855622 ], [ 107.986753, 13.85564 ], [ 107.986752, 13.85564 ], [ 107.986711, 13.855642 ], [ 107.986711, 13.855642 ], [ 107.986711, 13.855642 ], [ 107.98665, 13.855645 ], [ 107.986649, 13.85564 ], [ 107.986642, 13.855604 ], [ 107.98664, 13.855599 ], [ 107.986627, 13.855392 ], [ 107.98663, 13.855214 ], [ 107.98663, 13.855213 ], [ 107.98663, 13.855208 ], [ 107.986592, 13.855018 ], [ 107.986589, 13.85501 ], [ 107.986588, 13.855009 ], [ 107.986501, 13.854877 ] ] ], [ [ [ 107.98717, 13.854009 ], [ 107.987435, 13.853986 ], [ 107.987435, 13.853986 ], [ 107.987485, 13.85477 ], [ 107.987225, 13.854794 ], [ 107.98717, 13.854009 ] ] ], [ [ [ 107.987105, 13.853211 ], [ 107.987149, 13.853975 ], [ 107.986626, 13.854019 ], [ 107.9863, 13.854047 ], [ 107.986284, 13.854049 ], [ 107.986277, 13.854049 ], [ 107.986275, 13.854049 ], [ 107.986275, 13.854049 ], [ 107.986275, 13.854049 ], [ 107.986271, 13.85405 ], [ 107.986269, 13.85405 ], [ 107.986268, 13.854029 ], [ 107.986267, 13.854007 ], [ 107.986265, 13.854 ], [ 107.986211, 13.853841 ], [ 107.986209, 13.853836 ], [ 107.986209, 13.853835 ], [ 107.986045, 13.853577 ], [ 107.986044, 13.853576 ], [ 107.985857, 13.85332 ], [ 107.987105, 13.853211 ] ] ], [ [ [ 107.986284, 13.854085 ], [ 107.986374, 13.854077 ], [ 107.987152, 13.854011 ], [ 107.987206, 13.854795 ], [ 107.98649, 13.85486 ], [ 107.98647, 13.854831 ], [ 107.98637, 13.854655 ], [ 107.986328, 13.854528 ], [ 107.986298, 13.854364 ], [ 107.986277, 13.854183 ], [ 107.986271, 13.854087 ], [ 107.986271, 13.854087 ], [ 107.986271, 13.854086 ], [ 107.986284, 13.854085 ] ] ], [ [ [ 107.987486, 13.854788 ], [ 107.987539, 13.855612 ], [ 107.987283, 13.855621 ], [ 107.987226, 13.854812 ], [ 107.987486, 13.854788 ] ] ], [ [ [ 107.987219, 13.852229 ], [ 107.987226, 13.852228 ], [ 107.987226, 13.852228 ], [ 107.987279, 13.852226 ], [ 107.987335, 13.852224 ], [ 107.987389, 13.853168 ], [ 107.987122, 13.853191 ], [ 107.987066, 13.852235 ], [ 107.987219, 13.852229 ] ] ], [ [ [ 107.98739, 13.853186 ], [ 107.987433, 13.85395 ], [ 107.987432, 13.85395 ], [ 107.987168, 13.853973 ], [ 107.987123, 13.853209 ], [ 107.98739, 13.853186 ] ] ] ] } },
{ "type": "Feature", "properties": { "LONGTITUDE": 107.977017, "LATITUDE": 13.844829, "ALTITUDE": "", "LOT": "26", "AREA": 6.81, "PLANT_NO": "", "PLANT_YEAR": "", "RAINFALL": 2200.0, "T_MIN": 12.0, "T_MAX": 39.0, "T_AVERAGE": 26.0, "SOIL_TYPE": "Ferralsols", "SLOPE": "", "DEPTH": "", "PH": "", "EC": "", "CEC": "", "OM": "", "N_TS": "", "P2O5_TS": "", "P2O5_DT": "", "K2O_TS": "", "K2O_DT": "", "Canxi": "", "Magie": "", "DENSITY": "", "BULK_DENSI": "", "POROSITY": "", "CLAY": "", "LOAM": "", "SAND": "" }, "geometry": { "type": "MultiPolygon", "coordinates": [ [ [ [ 107.975957, 13.844665 ], [ 107.975974, 13.844599 ], [ 107.976005, 13.844535 ], [ 107.976251, 13.844185 ], [ 107.976409, 13.843987 ], [ 107.97641, 13.843985 ], [ 107.976411, 13.843984 ], [ 107.976438, 13.843922 ], [ 107.976438, 13.84392 ], [ 107.976499, 13.843702 ], [ 107.976594, 13.843478 ], [ 107.976594, 13.843478 ], [ 107.976617, 13.843419 ], [ 107.976618, 13.843414 ], [ 107.976618, 13.843413 ], [ 107.976615, 13.843361 ], [ 107.976914, 13.8436 ], [ 107.977027, 13.843697 ], [ 107.977028, 13.843697 ], [ 107.977028, 13.843697 ], [ 107.977307, 13.843935 ], [ 107.977954, 13.844497 ], [ 107.977955, 13.844497 ], [ 107.978077, 13.844595 ], [ 107.977418, 13.846297 ], [ 107.977094, 13.846031 ], [ 107.976729, 13.845725 ], [ 107.97659, 13.845532 ], [ 107.976589, 13.845531 ], [ 107.9763, 13.845196 ], [ 107.976006, 13.844801 ], [ 107.975982, 13.844766 ], [ 107.975961, 13.84472 ], [ 107.975957, 13.844665 ] ] ], [ [ [ 107.978092, 13.844607 ], [ 107.978485, 13.84492 ], [ 107.978486, 13.844921 ], [ 107.978966, 13.845239 ], [ 107.978966, 13.84524 ], [ 107.979153, 13.845364 ], [ 107.979133, 13.845431 ], [ 107.979065, 13.845658 ], [ 107.978872, 13.846113 ], [ 107.978872, 13.846114 ], [ 107.978592, 13.846976 ], [ 107.978592, 13.846976 ], [ 107.978544, 13.847126 ], [ 107.97849, 13.847103 ], [ 107.978489, 13.847103 ], [ 107.978323, 13.847042 ], [ 107.978075, 13.846876 ], [ 107.977807, 13.846631 ], [ 107.977807, 13.84663 ], [ 107.977542, 13.846399 ], [ 107.977541, 13.846398 ], [ 107.977433, 13.846309 ], [ 107.978092, 13.844607 ] ] ] ] } },
{ "type": "Feature", "properties": { "LONGTITUDE": 107.984833, "LATITUDE": 13.841735, "ALTITUDE": "", "LOT": "14", "AREA": 5.69, "PLANT_NO": "", "PLANT_YEAR": "", "RAINFALL": 2200.0, "T_MIN": 12.0, "T_MAX": 39.0, "T_AVERAGE": 26.0, "SOIL_TYPE": "Ferralsols", "SLOPE": "", "DEPTH": "", "PH": "", "EC": "", "CEC": "", "OM": "", "N_TS": "", "P2O5_TS": "", "P2O5_DT": "", "K2O_TS": "", "K2O_DT": "", "Canxi": "", "Magie": "", "DENSITY": "", "BULK_DENSI": "", "POROSITY": "", "CLAY": "", "LOAM": "", "SAND": "" }, "geometry": { "type": "Polygon", "coordinates": [ [ [ 107.986387, 13.842279 ], [ 107.986387, 13.842216 ], [ 107.986367, 13.842215 ], [ 107.986289, 13.842215 ], [ 107.985736, 13.842214 ], [ 107.985734, 13.842747 ], [ 107.985734, 13.842838 ], [ 107.985734, 13.842843 ], [ 107.985315, 13.84285 ], [ 107.984591, 13.842826 ], [ 107.983874, 13.842796 ], [ 107.983629, 13.842788 ], [ 107.983414, 13.842774 ], [ 107.983369, 13.84278 ], [ 107.983315, 13.842743 ], [ 107.983279, 13.842717 ], [ 107.983279, 13.842717 ], [ 107.983297, 13.842692 ], [ 107.983978, 13.841756 ], [ 107.984075, 13.841631 ], [ 107.984868, 13.840619 ], [ 107.986379, 13.840692 ], [ 107.98638, 13.840692 ], [ 107.986374, 13.841164 ], [ 107.986374, 13.841164 ], [ 107.986374, 13.841164 ], [ 107.986387, 13.842279 ], [ 107.986387, 13.842279 ] ] ] } },
{ "type": "Feature", "properties": { "LONGTITUDE": 107.995579, "LATITUDE": 13.840661, "ALTITUDE": "", "LOT": "8", "AREA": 3.84, "PLANT_NO": "", "PLANT_YEAR": "", "RAINFALL": 2200.0, "T_MIN": 12.0, "T_MAX": 39.0, "T_AVERAGE": 26.0, "SOIL_TYPE": "Ferralsols", "SLOPE": "", "DEPTH": "", "PH": "", "EC": "", "CEC": "", "OM": "", "N_TS": "", "P2O5_TS": "", "P2O5_DT": "", "K2O_TS": "", "K2O_DT": "", "Canxi": "", "Magie": "", "DENSITY": "", "BULK_DENSI": "", "POROSITY": "", "CLAY": "", "LOAM": "", "SAND": "" }, "geometry": { "type": "MultiPolygon", "coordinates": [ [ [ [ 107.996096, 13.842529 ], [ 107.995091, 13.842616 ], [ 107.995033, 13.840258 ], [ 107.995074, 13.83873 ], [ 107.995075, 13.838706 ], [ 107.995076, 13.838706 ], [ 107.99508, 13.838706 ], [ 107.995081, 13.838706 ], [ 107.995089, 13.838706 ], [ 107.995089, 13.838706 ], [ 107.995205, 13.838713 ], [ 107.995217, 13.838713 ], [ 107.995176, 13.839378 ], [ 107.9952, 13.839421 ], [ 107.9952, 13.839421 ], [ 107.995209, 13.839449 ], [ 107.995829, 13.839472 ], [ 107.995897, 13.840073 ], [ 107.995899, 13.840079 ], [ 107.995901, 13.840082 ], [ 107.99593, 13.840106 ], [ 107.996014, 13.840276 ], [ 107.996018, 13.840319 ], [ 107.996026, 13.840393 ], [ 107.996026, 13.840394 ], [ 107.99603, 13.840417 ], [ 107.996048, 13.840572 ], [ 107.996068, 13.840822 ], [ 107.996081, 13.840979 ], [ 107.996097, 13.841563 ], [ 107.996102, 13.8419 ], [ 107.996102, 13.841905 ], [ 107.996102, 13.841905 ], [ 107.996103, 13.841949 ], [ 107.996103, 13.84195 ], [ 107.996111, 13.842135 ], [ 107.996111, 13.842139 ], [ 107.996113, 13.842179 ], [ 107.996113, 13.842179 ], [ 107.996125, 13.842473 ], [ 107.996096, 13.842529 ] ] ], [ [ [ 107.996329, 13.842508 ], [ 107.996231, 13.842517 ], [ 107.996129, 13.842526 ], [ 107.996152, 13.842483 ], [ 107.996153, 13.842476 ], [ 107.996153, 13.842476 ], [ 107.996141, 13.842178 ], [ 107.996335, 13.842167 ], [ 107.996329, 13.842508 ] ] ] ] } },
{ "type": "Feature", "properties": { "LONGTITUDE": 107.920082, "LATITUDE": 13.903517, "ALTITUDE": "", "LOT": "19", "AREA": 7.17, "PLANT_NO": "", "PLANT_YEAR": "", "RAINFALL": 2200.0, "T_MIN": 12.0, "T_MAX": 39.0, "T_AVERAGE": 26.0, "SOIL_TYPE": "Ferralsols", "SLOPE": "", "DEPTH": "", "PH": "", "EC": "", "CEC": "", "OM": "", "N_TS": "", "P2O5_TS": "", "P2O5_DT": "", "K2O_TS": "", "K2O_DT": "", "Canxi": "", "Magie": "", "DENSITY": "", "BULK_DENSI": "", "POROSITY": "", "CLAY": "", "LOAM": "", "SAND": "" }, "geometry": { "type": "MultiPolygon", "coordinates": [ [ [ [ 107.921775, 13.904704 ], [ 107.921712, 13.904694 ], [ 107.921078, 13.904552 ], [ 107.920388, 13.904318 ], [ 107.920388, 13.904318 ], [ 107.920074, 13.904211 ], [ 107.920073, 13.904211 ], [ 107.919795, 13.904119 ], [ 107.919407, 13.903843 ], [ 107.918886, 13.903363 ], [ 107.918885, 13.903363 ], [ 107.918375, 13.902919 ], [ 107.918312, 13.902864 ], [ 107.918302, 13.902874 ], [ 107.918302, 13.902874 ], [ 107.918097, 13.902495 ], [ 107.918103, 13.902329 ], [ 107.918591, 13.902515 ], [ 107.918592, 13.902515 ], [ 107.921277, 13.903382 ], [ 107.920915, 13.904497 ], [ 107.920932, 13.904503 ], [ 107.921294, 13.903387 ], [ 107.922067, 13.903637 ], [ 107.921815, 13.904576 ], [ 107.921775, 13.904704 ] ] ], [ [ [ 107.918103, 13.902302 ], [ 107.918117, 13.901908 ], [ 107.918843, 13.901706 ], [ 107.920041, 13.901777 ], [ 107.920541, 13.901799 ], [ 107.920514, 13.901887 ], [ 107.920203, 13.90299 ], [ 107.920196, 13.903005 ], [ 107.918651, 13.902506 ], [ 107.918601, 13.902489 ], [ 107.918108, 13.902303 ], [ 107.918105, 13.902302 ], [ 107.918104, 13.902302 ], [ 107.918103, 13.902302 ] ] ] ] } },
{ "type": "Feature", "properties": { "LONGTITUDE": 107.921686, "LATITUDE": 13.923164, "ALTITUDE": "", "LOT": "", "AREA": 4.26, "PLANT_NO": "", "PLANT_YEAR": "", "RAINFALL": 2200.0, "T_MIN": 12.0, "T_MAX": 39.0, "T_AVERAGE": 26.0, "SOIL_TYPE": "Ferralsols", "SLOPE": "", "DEPTH": "", "PH": "", "EC": "", "CEC": "", "OM": "", "N_TS": "", "P2O5_TS": "", "P2O5_DT": "", "K2O_TS": "", "K2O_DT": "", "Canxi": "", "Magie": "", "DENSITY": "", "BULK_DENSI": "", "POROSITY": "", "CLAY": "", "LOAM": "", "SAND": "" }, "geometry": { "type": "MultiPolygon", "coordinates": [ [ [ [ 107.921149, 13.923509 ], [ 107.921149, 13.923508 ], [ 107.921155, 13.923014 ], [ 107.921167, 13.92253 ], [ 107.921183, 13.922129 ], [ 107.921253, 13.922135 ], [ 107.921274, 13.922137 ], [ 107.921286, 13.922138 ], [ 107.921308, 13.92214 ], [ 107.922241, 13.922246 ], [ 107.922241, 13.922246 ], [ 107.922135, 13.924198 ], [ 107.921949, 13.924178 ], [ 107.921323, 13.924109 ], [ 107.921321, 13.924109 ], [ 107.921321, 13.924109 ], [ 107.921321, 13.924109 ], [ 107.921321, 13.924109 ], [ 107.921321, 13.924109 ], [ 107.921321, 13.924109 ], [ 107.921321, 13.924109 ], [ 107.9213, 13.924107 ], [ 107.921294, 13.924107 ], [ 107.921288, 13.924106 ], [ 107.921265, 13.924104 ], [ 107.921237, 13.924102 ], [ 107.921148, 13.924092 ], [ 107.921131, 13.923882 ], [ 107.921149, 13.923509 ] ] ], [ [ [ 107.922153, 13.9242 ], [ 107.92226, 13.922248 ], [ 107.923099, 13.922343 ], [ 107.923017, 13.923016 ], [ 107.922863, 13.924278 ], [ 107.922153, 13.9242 ], [ 107.922153, 13.9242 ] ] ] ] } },
{ "type": "Feature", "properties": { "LONGTITUDE": 107.924239, "LATITUDE": 13.925128, "ALTITUDE": "", "LOT": "", "AREA": 6.16, "PLANT_NO": "", "PLANT_YEAR": "", "RAINFALL": 2200.0, "T_MIN": 12.0, "T_MAX": 39.0, "T_AVERAGE": 26.0, "SOIL_TYPE": "Ferralsols", "SLOPE": "", "DEPTH": "", "PH": "", "EC": "", "CEC": "", "OM": "", "N_TS": "", "P2O5_TS": "", "P2O5_DT": "", "K2O_TS": "", "K2O_DT": "", "Canxi": "", "Magie": "", "DENSITY": "", "BULK_DENSI": "", "POROSITY": "", "CLAY": "", "LOAM": "", "SAND": "" }, "geometry": { "type": "MultiPolygon", "coordinates": [ [ [ [ 107.922732, 13.925724 ], [ 107.922873, 13.924514 ], [ 107.923184, 13.924551 ], [ 107.923421, 13.924579 ], [ 107.923445, 13.92437 ], [ 107.923568, 13.924383 ], [ 107.923569, 13.924383 ], [ 107.925341, 13.924578 ], [ 107.92554, 13.9246 ], [ 107.925746, 13.924622 ], [ 107.925722, 13.924667 ], [ 107.92563, 13.924798 ], [ 107.92563, 13.924799 ], [ 107.925629, 13.9248 ], [ 107.925469, 13.925054 ], [ 107.925293, 13.925305 ], [ 107.925292, 13.925307 ], [ 107.925292, 13.925307 ], [ 107.925291, 13.925307 ], [ 107.925291, 13.925308 ], [ 107.925096, 13.925645 ], [ 107.924927, 13.925886 ], [ 107.924926, 13.925885 ], [ 107.924922, 13.925884 ], [ 107.92401, 13.925886 ], [ 107.922732, 13.925724 ] ] ], [ [ [ 107.922637, 13.926543 ], [ 107.922637, 13.926543 ], [ 107.92273, 13.925742 ], [ 107.924008, 13.925904 ], [ 107.924009, 13.925904 ], [ 107.924916, 13.925902 ], [ 107.924837, 13.926014 ], [ 107.924528, 13.926434 ], [ 107.924527, 13.926435 ], [ 107.924527, 13.926436 ], [ 107.924526, 13.926438 ], [ 107.924525, 13.926439 ], [ 107.924523, 13.926442 ], [ 107.924378, 13.926776 ], [ 107.924359, 13.926808 ], [ 107.92351, 13.9267 ], [ 107.92351, 13.9267 ], [ 107.92351, 13.9267 ], [ 107.923069, 13.92665 ], [ 107.922629, 13.9266 ], [ 107.922637, 13.926543 ] ] ] ] } },
{ "type": "Feature", "properties": { "LONGTITUDE": 107.942869, "LATITUDE": 13.90799, "ALTITUDE": "", "LOT": "3", "AREA": 2.99, "PLANT_NO": "", "PLANT_YEAR": "", "RAINFALL": 2200.0, "T_MIN": 12.0, "T_MAX": 39.0, "T_AVERAGE": 26.0, "SOIL_TYPE": "Ferralsols", "SLOPE": "", "DEPTH": "", "PH": "", "EC": "", "CEC": "", "OM": "", "N_TS": "", "P2O5_TS": "", "P2O5_DT": "", "K2O_TS": "", "K2O_DT": "", "Canxi": "", "Magie": "", "DENSITY": "", "BULK_DENSI": "", "POROSITY": "", "CLAY": "", "LOAM": "", "SAND": "" }, "geometry": { "type": "MultiPolygon", "coordinates": [ [ [ [ 107.943633, 13.907401 ], [ 107.943815, 13.907376 ], [ 107.943843, 13.907373 ], [ 107.943864, 13.907542 ], [ 107.943865, 13.907543 ], [ 107.94399, 13.908214 ], [ 107.943989, 13.908214 ], [ 107.943774, 13.908269 ], [ 107.94233, 13.908607 ], [ 107.942259, 13.908415 ], [ 107.942148, 13.908111 ], [ 107.942147, 13.908108 ], [ 107.942146, 13.908107 ], [ 107.942146, 13.908106 ], [ 107.941747, 13.907663 ], [ 107.943633, 13.907401 ] ] ], [ [ [ 107.940963, 13.907756 ], [ 107.94114, 13.907745 ], [ 107.94117, 13.907743 ], [ 107.941171, 13.907743 ], [ 107.941714, 13.907667 ], [ 107.942123, 13.908122 ], [ 107.94227, 13.908525 ], [ 107.942302, 13.908613 ], [ 107.941946, 13.908697 ], [ 107.941918, 13.908703 ], [ 107.941713, 13.908736 ], [ 107.941712, 13.908736 ], [ 107.941666, 13.908599 ], [ 107.941629, 13.908539 ], [ 107.9416, 13.908491 ], [ 107.941431, 13.908313 ], [ 107.940928, 13.907758 ], [ 107.940963, 13.907756 ] ], [ [ 107.941599, 13.90849 ], [ 107.941492, 13.908377 ], [ 107.941598, 13.908489 ], [ 107.941599, 13.90849 ] ] ] ] } },
{ "type": "Feature", "properties": { "LONGTITUDE": 107.938307, "LATITUDE": 13.905352, "ALTITUDE": "", "LOT": "5", "AREA": 4.48, "PLANT_NO": "", "PLANT_YEAR": "", "RAINFALL": 2200.0, "T_MIN": 12.0, "T_MAX": 39.0, "T_AVERAGE": 26.0, "SOIL_TYPE": "Ferralsols", "SLOPE": "", "DEPTH": "", "PH": "", "EC": "", "CEC": "", "OM": "", "N_TS": "", "P2O5_TS": "", "P2O5_DT": "", "K2O_TS": "", "K2O_DT": "", "Canxi": "", "Magie": "", "DENSITY": "", "BULK_DENSI": "", "POROSITY": "", "CLAY": "", "LOAM": "", "SAND": "" }, "geometry": { "type": "Polygon", "coordinates": [ [ [ 107.936661, 13.904382 ], [ 107.936889, 13.904404 ], [ 107.937909, 13.904462 ], [ 107.938388, 13.904478 ], [ 107.93869, 13.9045 ], [ 107.939582, 13.904595 ], [ 107.939913, 13.904644 ], [ 107.939938, 13.904657 ], [ 107.939953, 13.904693 ], [ 107.939952, 13.904745 ], [ 107.939931, 13.904857 ], [ 107.939768, 13.905832 ], [ 107.939768, 13.905832 ], [ 107.939768, 13.905831 ], [ 107.939755, 13.905831 ], [ 107.93961, 13.905829 ], [ 107.93961, 13.905829 ], [ 107.939543, 13.905829 ], [ 107.939542, 13.905829 ], [ 107.939539, 13.905829 ], [ 107.939305, 13.905877 ], [ 107.939304, 13.905877 ], [ 107.938926, 13.905984 ], [ 107.938555, 13.906094 ], [ 107.938552, 13.906095 ], [ 107.938551, 13.906096 ], [ 107.938411, 13.906186 ], [ 107.938325, 13.90623 ], [ 107.938325, 13.90623 ], [ 107.93832, 13.906235 ], [ 107.938318, 13.906238 ], [ 107.938295, 13.906322 ], [ 107.938284, 13.906313 ], [ 107.938279, 13.906309 ], [ 107.936779, 13.904523 ], [ 107.936734, 13.90447 ], [ 107.936661, 13.904382 ] ] ] } },
{ "type": "Feature", "properties": { "LONGTITUDE": 107.927225, "LATITUDE": 13.906497, "ALTITUDE": "", "LOT": "11", "AREA": 5.42, "PLANT_NO": "", "PLANT_YEAR": "", "RAINFALL": 2200.0, "T_MIN": 12.0, "T_MAX": 39.0, "T_AVERAGE": 26.0, "SOIL_TYPE": "Ferralsols", "SLOPE": "", "DEPTH": "", "PH": "", "EC": "", "CEC": "", "OM": "", "N_TS": "", "P2O5_TS": "", "P2O5_DT": "", "K2O_TS": "", "K2O_DT": "", "Canxi": "", "Magie": "", "DENSITY": "", "BULK_DENSI": "", "POROSITY": "", "CLAY": "", "LOAM": "", "SAND": "" }, "geometry": { "type": "MultiPolygon", "coordinates": [ [ [ [ 107.926043, 13.906496 ], [ 107.926752, 13.905525 ], [ 107.92848, 13.906675 ], [ 107.928433, 13.906735 ], [ 107.92815, 13.907089 ], [ 107.927931, 13.90737 ], [ 107.927866, 13.907468 ], [ 107.927869, 13.907463 ], [ 107.927545, 13.907286 ], [ 107.927543, 13.907286 ], [ 107.927205, 13.90715 ], [ 107.927205, 13.90715 ], [ 107.926987, 13.907063 ], [ 107.926686, 13.906938 ], [ 107.926356, 13.906802 ], [ 107.926355, 13.906802 ], [ 107.926221, 13.906753 ], [ 107.926133, 13.906705 ], [ 107.926022, 13.906632 ], [ 107.92597, 13.906598 ], [ 107.926043, 13.906496 ] ] ], [ [ [ 107.928492, 13.906661 ], [ 107.926763, 13.905511 ], [ 107.927372, 13.904677 ], [ 107.92774, 13.904932 ], [ 107.929111, 13.905882 ], [ 107.928819, 13.906251 ], [ 107.928492, 13.906661 ] ] ] ] } },
{ "type": "Feature", "properties": { "LONGTITUDE": 107.924365, "LATITUDE": 13.921956, "ALTITUDE": "", "LOT": "", "AREA": 5.14, "PLANT_NO": "", "PLANT_YEAR": "", "RAINFALL": 2200.0, "T_MIN": 12.0, "T_MAX": 39.0, "T_AVERAGE": 26.0, "SOIL_TYPE": "Ferralsols", "SLOPE": "", "DEPTH": "", "PH": "", "EC": "", "CEC": "", "OM": "", "N_TS": "", "P2O5_TS": "", "P2O5_DT": "", "K2O_TS": "", "K2O_DT": "", "Canxi": "", "Magie": "", "DENSITY": "", "BULK_DENSI": "", "POROSITY": "", "CLAY": "", "LOAM": "", "SAND": "" }, "geometry": { "type": "MultiPolygon", "coordinates": [ [ [ [ 107.92314, 13.922315 ], [ 107.92314, 13.922315 ], [ 107.92325, 13.921329 ], [ 107.92325, 13.921329 ], [ 107.92559, 13.921377 ], [ 107.925588, 13.92139 ], [ 107.925478, 13.92191 ], [ 107.925477, 13.921915 ], [ 107.925421, 13.922472 ], [ 107.92542, 13.922476 ], [ 107.925419, 13.922582 ], [ 107.924878, 13.922517 ], [ 107.924878, 13.922517 ], [ 107.923139, 13.92232 ], [ 107.92314, 13.922315 ] ] ], [ [ [ 107.923306, 13.920828 ], [ 107.923337, 13.92055 ], [ 107.925359, 13.920587 ], [ 107.925489, 13.92059 ], [ 107.925528, 13.920677 ], [ 107.925597, 13.920864 ], [ 107.925626, 13.921144 ], [ 107.925593, 13.92136 ], [ 107.925592, 13.921359 ], [ 107.923252, 13.921311 ], [ 107.923306, 13.920828 ] ] ] ] } },
{ "type": "Feature", "properties": { "LONGTITUDE": 107.93768, "LATITUDE": 13.907598, "ALTITUDE": "", "LOT": "8", "AREA": 3.81, "PLANT_NO": "", "PLANT_YEAR": "", "RAINFALL": 2200.0, "T_MIN": 12.0, "T_MAX": 39.0, "T_AVERAGE": 26.0, "SOIL_TYPE": "Ferralsols", "SLOPE": "", "DEPTH": "", "PH": "", "EC": "", "CEC": "", "OM": "", "N_TS": "", "P2O5_TS": "", "P2O5_DT": "", "K2O_TS": "", "K2O_DT": "", "Canxi": "", "Magie": "", "DENSITY": "", "BULK_DENSI": "", "POROSITY": "", "CLAY": "", "LOAM": "", "SAND": "" }, "geometry": { "type": "Polygon", "coordinates": [ [ [ 107.938292, 13.906463 ], [ 107.938323, 13.906528 ], [ 107.938482, 13.906698 ], [ 107.938799, 13.907255 ], [ 107.938855, 13.907375 ], [ 107.938965, 13.907717 ], [ 107.939003, 13.907973 ], [ 107.938945, 13.908 ], [ 107.938916, 13.908014 ], [ 107.938915, 13.908014 ], [ 107.937844, 13.908608 ], [ 107.93777, 13.908649 ], [ 107.937745, 13.908661 ], [ 107.937598, 13.908732 ], [ 107.937518, 13.908537 ], [ 107.936453, 13.907709 ], [ 107.936356, 13.907633 ], [ 107.938292, 13.906463 ] ] ] } },
{ "type": "Feature", "properties": { "LONGTITUDE": 107.996105, "LATITUDE": 13.848751, "ALTITUDE": "", "LOT": "39", "AREA": 4.82, "PLANT_NO": "", "PLANT_YEAR": "", "RAINFALL": 2200.0, "T_MIN": 12.0, "T_MAX": 39.0, "T_AVERAGE": 26.0, "SOIL_TYPE": "Ferralsols", "SLOPE": "", "DEPTH": "", "PH": "", "EC": "", "CEC": "", "OM": "", "N_TS": "", "P2O5_TS": "", "P2O5_DT": "", "K2O_TS": "", "K2O_DT": "", "Canxi": "", "Magie": "", "DENSITY": "", "BULK_DENSI": "", "POROSITY": "", "CLAY": "", "LOAM": "", "SAND": "" }, "geometry": { "type": "MultiPolygon", "coordinates": [ [ [ [ 107.996133, 13.847626 ], [ 107.996132, 13.847708 ], [ 107.996132, 13.847708 ], [ 107.996132, 13.847708 ], [ 107.996126, 13.848409 ], [ 107.99612, 13.848828 ], [ 107.99612, 13.848828 ], [ 107.99612, 13.848829 ], [ 107.99612, 13.84883 ], [ 107.99612, 13.84883 ], [ 107.996142, 13.849046 ], [ 107.996143, 13.849047 ], [ 107.996144, 13.849051 ], [ 107.996144, 13.849052 ], [ 107.996212, 13.849178 ], [ 107.996213, 13.849179 ], [ 107.996214, 13.84918 ], [ 107.996215, 13.849181 ], [ 107.996218, 13.849184 ], [ 107.99622, 13.849186 ], [ 107.996222, 13.849187 ], [ 107.996227, 13.849188 ], [ 107.996229, 13.849188 ], [ 107.99701, 13.849175 ], [ 107.996991, 13.849239 ], [ 107.996991, 13.84924 ], [ 107.996985, 13.849258 ], [ 107.996965, 13.849328 ], [ 107.996832, 13.849358 ], [ 107.996831, 13.849358 ], [ 107.99683, 13.849359 ], [ 107.99683, 13.849359 ], [ 107.996724, 13.849396 ], [ 107.996723, 13.849396 ], [ 107.996721, 13.849397 ], [ 107.99672, 13.849398 ], [ 107.996718, 13.8494 ], [ 107.996718, 13.8494 ], [ 107.996582, 13.849536 ], [ 107.996581, 13.849537 ], [ 107.99658, 13.849538 ], [ 107.996372, 13.849818 ], [ 107.996372, 13.849818 ], [ 107.996368, 13.849824 ], [ 107.995313, 13.84987 ], [ 107.995255, 13.849873 ], [ 107.995208, 13.849875 ], [ 107.995212, 13.849379 ], [ 107.995205, 13.84919 ], [ 107.99521, 13.849125 ], [ 107.995201, 13.848663 ], [ 107.995202, 13.848486 ], [ 107.995202, 13.848127 ], [ 107.9952, 13.847709 ], [ 107.9952, 13.8477 ], [ 107.996133, 13.847626 ] ] ], [ [ [ 107.995955, 13.850578 ], [ 107.995955, 13.850578 ], [ 107.995955, 13.850578 ], [ 107.995955, 13.850578 ], [ 107.995955, 13.850578 ] ] ], [ [ [ 107.997009, 13.849244 ], [ 107.997009, 13.849244 ], [ 107.997009, 13.849244 ], [ 107.997009, 13.849244 ], [ 107.997009, 13.849244 ] ] ], [ [ [ 107.995721, 13.852237 ], [ 107.995645, 13.852232 ], [ 107.995356, 13.852216 ], [ 107.995355, 13.852071 ], [ 107.995234, 13.852072 ], [ 107.99522, 13.85155 ], [ 107.99522, 13.851545 ], [ 107.99522, 13.85154 ], [ 107.995226, 13.851367 ], [ 107.99522, 13.851176 ], [ 107.995219, 13.850945 ], [ 107.995213, 13.850884 ], [ 107.995212, 13.850876 ], [ 107.995211, 13.850868 ], [ 107.99521, 13.850605 ], [ 107.995203, 13.850466 ], [ 107.995199, 13.850101 ], [ 107.995208, 13.849902 ], [ 107.995208, 13.849893 ], [ 107.996355, 13.849842 ], [ 107.99619, 13.850083 ], [ 107.996189, 13.850084 ], [ 107.996111, 13.8502 ], [ 107.996021, 13.850334 ], [ 107.996021, 13.850334 ], [ 107.996021, 13.850335 ], [ 107.996021, 13.850335 ], [ 107.996021, 13.850336 ], [ 107.995939, 13.850495 ], [ 107.995938, 13.850497 ], [ 107.995937, 13.850501 ], [ 107.995937, 13.850503 ], [ 107.995936, 13.850578 ], [ 107.995936, 13.850578 ], [ 107.995935, 13.850748 ], [ 107.995919, 13.85089 ], [ 107.995872, 13.851063 ], [ 107.995871, 13.851064 ], [ 107.995871, 13.851065 ], [ 107.995849, 13.851244 ], [ 107.995806, 13.851358 ], [ 107.995806, 13.851359 ], [ 107.995805, 13.851362 ], [ 107.995805, 13.851364 ], [ 107.995799, 13.851521 ], [ 107.995787, 13.851814 ], [ 107.995787, 13.851814 ], [ 107.995787, 13.851814 ], [ 107.995785, 13.851981 ], [ 107.995785, 13.851981 ], [ 107.995785, 13.851981 ], [ 107.995785, 13.852239 ], [ 107.995784, 13.85224 ], [ 107.995721, 13.852237 ] ] ] ] } },
{ "type": "Feature", "properties": { "LONGTITUDE": 107.996004, "LATITUDE": 13.853748, "ALTITUDE": "", "LOT": "", "AREA": 5.13, "PLANT_NO": "", "PLANT_YEAR": "", "RAINFALL": 2200.0, "T_MIN": 12.0, "T_MAX": 39.0, "T_AVERAGE": 26.0, "SOIL_TYPE": "Ferralsols", "SLOPE": "", "DEPTH": "", "PH": "", "EC": "", "CEC": "", "OM": "", "N_TS": "", "P2O5_TS": "", "P2O5_DT": "", "K2O_TS": "", "K2O_DT": "", "Canxi": "", "Magie": "", "DENSITY": "", "BULK_DENSI": "", "POROSITY": "", "CLAY": "", "LOAM": "", "SAND": "" }, "geometry": { "type": "MultiPolygon", "coordinates": [ [ [ [ 107.995247, 13.853306 ], [ 107.996765, 13.853392 ], [ 107.99675, 13.85419 ], [ 107.995242, 13.854125 ], [ 107.995242, 13.853682 ], [ 107.995247, 13.853306 ] ] ], [ [ [ 107.995252, 13.852975 ], [ 107.99587, 13.853009 ], [ 107.99679, 13.85306 ], [ 107.996765, 13.853375 ], [ 107.995247, 13.853289 ], [ 107.995252, 13.852975 ] ] ], [ [ [ 107.996768, 13.854209 ], [ 107.99832, 13.854275 ], [ 107.998322, 13.854362 ], [ 107.998323, 13.854573 ], [ 107.998266, 13.854573 ], [ 107.998112, 13.854573 ], [ 107.998086, 13.854572 ], [ 107.997817, 13.854557 ], [ 107.996763, 13.854498 ], [ 107.996768, 13.854209 ] ] ], [ [ [ 107.996783, 13.853394 ], [ 107.998296, 13.853479 ], [ 107.998292, 13.853645 ], [ 107.998292, 13.853646 ], [ 107.998292, 13.853647 ], [ 107.998312, 13.854004 ], [ 107.998319, 13.854257 ], [ 107.996769, 13.854191 ], [ 107.996783, 13.853394 ] ] ], [ [ [ 107.996809, 13.853061 ], [ 107.99807, 13.853132 ], [ 107.998228, 13.853132 ], [ 107.998306, 13.853132 ], [ 107.998306, 13.853132 ], [ 107.998297, 13.853461 ], [ 107.996784, 13.853376 ], [ 107.996809, 13.853061 ] ] ], [ [ [ 107.995242, 13.854156 ], [ 107.995242, 13.854155 ], [ 107.995242, 13.854143 ], [ 107.99675, 13.854208 ], [ 107.996745, 13.854497 ], [ 107.99523, 13.854413 ], [ 107.99523, 13.854411 ], [ 107.995242, 13.854156 ] ] ] ] } },
{ "type": "Feature", "properties": { "LONGTITUDE": 107.921974, "LATITUDE": 13.92838, "ALTITUDE": "", "LOT": "", "AREA": 4.01, "PLANT_NO": "", "PLANT_YEAR": "", "RAINFALL": 2200.0, "T_MIN": 12.0, "T_MAX": 39.0, "T_AVERAGE": 26.0, "SOIL_TYPE": "Ferralsols", "SLOPE": "", "DEPTH": "", "PH": "", "EC": "", "CEC": "", "OM": "", "N_TS": "", "P2O5_TS": "", "P2O5_DT": "", "K2O_TS": "", "K2O_DT": "", "Canxi": "", "Magie": "", "DENSITY": "", "BULK_DENSI": "", "POROSITY": "", "CLAY": "", "LOAM": "", "SAND": "" }, "geometry": { "type": "MultiPolygon", "coordinates": [ [ [ [ 107.921439, 13.929602 ], [ 107.921775, 13.927132 ], [ 107.922506, 13.927231 ], [ 107.922507, 13.927231 ], [ 107.922508, 13.927231 ], [ 107.922398, 13.928052 ], [ 107.922208, 13.929483 ], [ 107.922186, 13.929623 ], [ 107.922186, 13.929623 ], [ 107.922152, 13.929624 ], [ 107.921493, 13.929627 ], [ 107.921463, 13.929626 ], [ 107.921439, 13.929609 ], [ 107.921439, 13.929602 ] ] ], [ [ [ 107.922509, 13.927213 ], [ 107.921777, 13.927114 ], [ 107.921856, 13.926539 ], [ 107.921856, 13.926539 ], [ 107.922589, 13.926622 ], [ 107.92251, 13.927214 ], [ 107.922509, 13.927213 ] ] ], [ [ [ 107.921217, 13.926474 ], [ 107.92123, 13.926475 ], [ 107.921258, 13.926477 ], [ 107.921297, 13.926479 ], [ 107.921388, 13.926485 ], [ 107.921837, 13.926536 ], [ 107.921759, 13.927112 ], [ 107.921208, 13.927037 ], [ 107.921206, 13.927037 ], [ 107.921206, 13.927037 ], [ 107.921203, 13.926978 ], [ 107.921217, 13.926474 ] ] ], [ [ [ 107.921207, 13.927055 ], [ 107.921756, 13.92713 ], [ 107.921423, 13.929584 ], [ 107.92139, 13.929486 ], [ 107.921283, 13.92828 ], [ 107.921233, 13.927522 ], [ 107.921207, 13.927055 ] ] ] ] } },
{ "type": "Feature", "properties": { "LONGTITUDE": 107.994322, "LATITUDE": 13.852873, "ALTITUDE": "", "LOT": "47", "AREA": 3.22, "PLANT_NO": "", "PLANT_YEAR": "", "RAINFALL": 2200.0, "T_MIN": 12.0, "T_MAX": 39.0, "T_AVERAGE": 26.0, "SOIL_TYPE": "Ferralsols", "SLOPE": "", "DEPTH": "", "PH": "", "EC": "", "CEC": "", "OM": "", "N_TS": "", "P2O5_TS": "", "P2O5_DT": "", "K2O_TS": "", "K2O_DT": "", "Canxi": "", "Magie": "", "DENSITY": "", "BULK_DENSI": "", "POROSITY": "", "CLAY": "", "LOAM": "", "SAND": "" }, "geometry": { "type": "MultiPolygon", "coordinates": [ [ [ [ 107.993885, 13.853564 ], [ 107.993888, 13.853472 ], [ 107.993907, 13.853052 ], [ 107.993907, 13.853051 ], [ 107.993913, 13.85227 ], [ 107.993917, 13.852151 ], [ 107.99392, 13.852152 ], [ 107.993926, 13.852152 ], [ 107.993971, 13.852155 ], [ 107.994739, 13.852212 ], [ 107.994739, 13.852213 ], [ 107.994739, 13.852213 ], [ 107.994752, 13.852615 ], [ 107.994758, 13.852958 ], [ 107.994728, 13.85333 ], [ 107.994728, 13.853331 ], [ 107.994722, 13.853595 ], [ 107.993885, 13.853564 ] ] ], [ [ [ 107.993857, 13.85355 ], [ 107.993857, 13.853549 ], [ 107.99386, 13.853471 ], [ 107.993857, 13.85355 ] ] ], [ [ [ 107.993884, 13.853582 ], [ 107.994722, 13.853613 ], [ 107.99472, 13.853721 ], [ 107.99472, 13.853721 ], [ 107.99472, 13.853721 ], [ 107.994722, 13.85402 ], [ 107.994719, 13.854192 ], [ 107.994719, 13.854194 ], [ 107.993896, 13.854223 ], [ 107.993895, 13.853993 ], [ 107.993895, 13.853992 ], [ 107.993882, 13.853654 ], [ 107.993884, 13.853582 ] ] ], [ [ [ 107.992172, 13.854335 ], [ 107.992144, 13.853912 ], [ 107.992466, 13.853912 ], [ 107.992467, 13.853621 ], [ 107.992527, 13.853617 ], [ 107.992536, 13.853617 ], [ 107.992541, 13.853616 ], [ 107.992569, 13.853614 ], [ 107.992573, 13.853614 ], [ 107.992576, 13.853614 ], [ 107.993048, 13.853604 ], [ 107.993059, 13.854252 ], [ 107.992179, 13.854283 ], [ 107.992169, 13.854283 ], [ 107.992172, 13.854335 ] ] ], [ [ [ 107.993073, 13.853603 ], [ 107.993073, 13.853603 ], [ 107.993302, 13.853598 ], [ 107.993797, 13.853588 ], [ 107.993797, 13.853588 ], [ 107.993829, 13.853587 ], [ 107.993856, 13.853586 ], [ 107.993854, 13.853653 ], [ 107.993854, 13.853654 ], [ 107.993854, 13.853654 ], [ 107.993867, 13.853993 ], [ 107.993868, 13.854272 ], [ 107.993868, 13.854272 ], [ 107.993868, 13.854224 ], [ 107.993853, 13.854224 ], [ 107.993825, 13.854225 ], [ 107.993767, 13.854227 ], [ 107.993413, 13.85424 ], [ 107.993077, 13.854251 ], [ 107.993067, 13.853603 ], [ 107.993073, 13.853603 ] ] ] ] } },
{ "type": "Feature", "properties": { "LONGTITUDE": 107.990581, "LATITUDE": 13.852615, "ALTITUDE": "", "LOT": "51", "AREA": 1.93, "PLANT_NO": "", "PLANT_YEAR": "", "RAINFALL": 2200.0, "T_MIN": 12.0, "T_MAX": 39.0, "T_AVERAGE": 26.0, "SOIL_TYPE": "Ferralsols", "SLOPE": "", "DEPTH": "", "PH": "", "EC": "", "CEC": "", "OM": "", "N_TS": "", "P2O5_TS": "", "P2O5_DT": "", "K2O_TS": "", "K2O_DT": "", "Canxi": "", "Magie": "", "DENSITY": "", "BULK_DENSI": "", "POROSITY": "", "CLAY": "", "LOAM": "", "SAND": "" }, "geometry": { "type": "Polygon", "coordinates": [ [ [ 107.990227, 13.851573 ], [ 107.990332, 13.851573 ], [ 107.990349, 13.851574 ], [ 107.990349, 13.851574 ], [ 107.99095, 13.851614 ], [ 107.99095, 13.851614 ], [ 107.990979, 13.851616 ], [ 107.991062, 13.851625 ], [ 107.99099, 13.851763 ], [ 107.990989, 13.851766 ], [ 107.990931, 13.851992 ], [ 107.990931, 13.851994 ], [ 107.990907, 13.852247 ], [ 107.990907, 13.852248 ], [ 107.990907, 13.852249 ], [ 107.990911, 13.852547 ], [ 107.990911, 13.852547 ], [ 107.990931, 13.852874 ], [ 107.99095, 13.853234 ], [ 107.99095, 13.853235 ], [ 107.990973, 13.853394 ], [ 107.991006, 13.853621 ], [ 107.990973, 13.853621 ], [ 107.990973, 13.853621 ], [ 107.99086, 13.85362 ], [ 107.990702, 13.85362 ], [ 107.990237, 13.853655 ], [ 107.990235, 13.853656 ], [ 107.990221, 13.853658 ], [ 107.990219, 13.85362 ], [ 107.990219, 13.853619 ], [ 107.990105, 13.851698 ], [ 107.990103, 13.851663 ], [ 107.990103, 13.851663 ], [ 107.990101, 13.851636 ], [ 107.9901, 13.851633 ], [ 107.990227, 13.851573 ] ] ] } },
{ "type": "Feature", "properties": { "LONGTITUDE": 107.984143, "LATITUDE": 13.848062, "ALTITUDE": "", "LOT": "", "AREA": 6.76, "PLANT_NO": "", "PLANT_YEAR": "", "RAINFALL": 2200.0, "T_MIN": 12.0, "T_MAX": 39.0, "T_AVERAGE": 26.0, "SOIL_TYPE": "Ferralsols", "SLOPE": "", "DEPTH": "", "PH": "", "EC": "", "CEC": "", "OM": "", "N_TS": "", "P2O5_TS": "", "P2O5_DT": "", "K2O_TS": "", "K2O_DT": "", "Canxi": "", "Magie": "", "DENSITY": "", "BULK_DENSI": "", "POROSITY": "", "CLAY": "", "LOAM": "", "SAND": "" }, "geometry": { "type": "MultiPolygon", "coordinates": [ [ [ [ 107.98266, 13.848276 ], [ 107.982933, 13.847458 ], [ 107.98294, 13.847459 ], [ 107.983028, 13.847462 ], [ 107.983028, 13.847462 ], [ 107.985626, 13.847551 ], [ 107.985559, 13.848666 ], [ 107.984386, 13.848653 ], [ 107.984363, 13.848638 ], [ 107.984362, 13.848637 ], [ 107.98436, 13.848636 ], [ 107.984338, 13.848629 ], [ 107.984338, 13.848629 ], [ 107.984318, 13.848623 ], [ 107.984317, 13.848623 ], [ 107.984189, 13.848593 ], [ 107.984188, 13.848593 ], [ 107.983657, 13.848489 ], [ 107.983482, 13.848453 ], [ 107.983482, 13.848453 ], [ 107.983139, 13.848382 ], [ 107.98266, 13.848276 ] ] ], [ [ [ 107.984404, 13.848671 ], [ 107.985568, 13.848684 ], [ 107.985573, 13.848683 ], [ 107.985574, 13.848682 ], [ 107.986246, 13.848087 ], [ 107.986886, 13.848089 ], [ 107.986885, 13.848736 ], [ 107.986838, 13.848732 ], [ 107.986837, 13.848732 ], [ 107.98663, 13.848727 ], [ 107.986629, 13.848727 ], [ 107.986415, 13.848727 ], [ 107.986411, 13.848728 ], [ 107.986287, 13.84876 ], [ 107.986284, 13.848761 ], [ 107.986136, 13.848841 ], [ 107.986136, 13.848841 ], [ 107.985956, 13.848947 ], [ 107.985955, 13.848947 ], [ 107.9858, 13.849051 ], [ 107.985611, 13.849168 ], [ 107.98561, 13.849169 ], [ 107.985448, 13.849289 ], [ 107.985447, 13.84929 ], [ 107.985366, 13.849371 ], [ 107.985312, 13.849423 ], [ 107.985311, 13.849424 ], [ 107.985262, 13.849479 ], [ 107.985261, 13.84948 ], [ 107.985165, 13.849615 ], [ 107.98496, 13.849893 ], [ 107.984925, 13.849926 ], [ 107.984889, 13.84995 ], [ 107.984889, 13.84995 ], [ 107.984863, 13.849968 ], [ 107.984832, 13.849979 ], [ 107.984804, 13.849988 ], [ 107.984771, 13.849991 ], [ 107.984737, 13.849986 ], [ 107.9847, 13.84997 ], [ 107.984678, 13.849948 ], [ 107.984634, 13.849896 ], [ 107.984617, 13.849837 ], [ 107.984499, 13.849206 ], [ 107.984432, 13.848728 ], [ 107.984431, 13.848725 ], [ 107.984418, 13.848694 ], [ 107.984417, 13.848693 ], [ 107.984404, 13.848671 ] ] ], [ [ [ 107.985644, 13.847552 ], [ 107.986887, 13.847595 ], [ 107.986887, 13.847595 ], [ 107.986886, 13.848071 ], [ 107.986242, 13.848069 ], [ 107.986237, 13.84807 ], [ 107.986236, 13.848071 ], [ 107.985578, 13.848654 ], [ 107.985644, 13.847552 ] ] ], [ [ [ 107.984351, 13.84744 ], [ 107.984351, 13.847459 ], [ 107.98435, 13.847481 ], [ 107.984351, 13.84744 ] ] ] ] } },
{ "type": "Feature", "properties": { "LONGTITUDE": 107.990232, "LATITUDE": 13.844984, "ALTITUDE": "", "LOT": "5", "AREA": 6.11, "PLANT_NO": "", "PLANT_YEAR": "", "RAINFALL": 2200.0, "T_MIN": 12.0, "T_MAX": 39.0, "T_AVERAGE": 26.0, "SOIL_TYPE": "Ferralsols", "SLOPE": "", "DEPTH": "", "PH": "", "EC": "", "CEC": "", "OM": "", "N_TS": "", "P2O5_TS": "", "P2O5_DT": "", "K2O_TS": "", "K2O_DT": "", "Canxi": "", "Magie": "", "DENSITY": "", "BULK_DENSI": "", "POROSITY": "", "CLAY": "", "LOAM": "", "SAND": "" }, "geometry": { "type": "MultiPolygon", "coordinates": [ [ [ [ 107.990185, 13.844286 ], [ 107.990326, 13.844274 ], [ 107.990727, 13.844242 ], [ 107.99073, 13.844384 ], [ 107.990731, 13.844385 ], [ 107.990763, 13.844758 ], [ 107.990774, 13.845035 ], [ 107.990774, 13.845035 ], [ 107.990799, 13.845341 ], [ 107.990799, 13.845341 ], [ 107.990819, 13.845551 ], [ 107.989728, 13.845726 ], [ 107.989688, 13.845098 ], [ 107.989652, 13.844461 ], [ 107.989644, 13.844329 ], [ 107.990185, 13.844286 ] ] ], [ [ [ 107.989592, 13.843001 ], [ 107.990619, 13.843012 ], [ 107.990686, 13.843012 ], [ 107.990686, 13.843012 ], [ 107.990684, 13.843084 ], [ 107.990684, 13.843084 ], [ 107.990684, 13.843084 ], [ 107.990689, 13.843348 ], [ 107.990689, 13.843348 ], [ 107.990708, 13.843623 ], [ 107.990723, 13.843901 ], [ 107.990725, 13.844162 ], [ 107.990725, 13.844163 ], [ 107.990726, 13.844224 ], [ 107.989643, 13.844311 ], [ 107.989619, 13.843906 ], [ 107.9896, 13.843508 ], [ 107.9896, 13.843508 ], [ 107.989599, 13.843495 ], [ 107.989575, 13.843011 ], [ 107.989574, 13.843003 ], [ 107.989592, 13.843001 ] ] ], [ [ [ 107.991109, 13.84594 ], [ 107.991119, 13.845894 ], [ 107.9911, 13.845706 ], [ 107.991079, 13.845448 ], [ 107.991052, 13.845089 ], [ 107.991046, 13.844872 ], [ 107.991025, 13.844717 ], [ 107.991005, 13.844387 ], [ 107.990996, 13.8443 ], [ 107.990978, 13.844062 ], [ 107.990971, 13.843833 ], [ 107.990954, 13.84367 ], [ 107.990943, 13.843511 ], [ 107.99094, 13.843366 ], [ 107.990933, 13.84309 ], [ 107.990926, 13.843035 ], [ 107.990928, 13.843007 ], [ 107.9913, 13.842983 ], [ 107.991351, 13.842978 ], [ 107.99136, 13.843183 ], [ 107.991369, 13.843372 ], [ 107.99135, 13.843495 ], [ 107.99135, 13.843496 ], [ 107.991333, 13.84362 ], [ 107.991308, 13.843817 ], [ 107.991308, 13.843818 ], [ 107.991308, 13.843818 ], [ 107.991312, 13.844125 ], [ 107.991312, 13.844126 ], [ 107.991336, 13.844343 ], [ 107.991337, 13.844343 ], [ 107.99135, 13.844424 ], [ 107.99135, 13.844425 ], [ 107.991378, 13.844568 ], [ 107.991378, 13.844569 ], [ 107.991396, 13.84462 ], [ 107.991403, 13.844697 ], [ 107.991411, 13.844828 ], [ 107.991418, 13.844977 ], [ 107.991397, 13.845197 ], [ 107.991397, 13.845198 ], [ 107.991397, 13.8452 ], [ 107.991404, 13.845234 ], [ 107.991421, 13.845349 ], [ 107.991421, 13.845351 ], [ 107.991424, 13.845359 ], [ 107.991445, 13.845501 ], [ 107.991459, 13.845681 ], [ 107.991459, 13.845681 ], [ 107.991485, 13.845925 ], [ 107.991468, 13.845925 ], [ 107.991468, 13.845925 ], [ 107.991109, 13.84594 ] ] ], [ [ [ 107.989571, 13.843496 ], [ 107.989591, 13.843907 ], [ 107.989624, 13.844463 ], [ 107.98966, 13.8451 ], [ 107.98966, 13.8451 ], [ 107.989686, 13.845499 ], [ 107.989343, 13.845529 ], [ 107.989268, 13.844266 ], [ 107.989268, 13.844265 ], [ 107.989211, 13.843832 ], [ 107.989193, 13.843701 ], [ 107.989185, 13.8435 ], [ 107.989571, 13.843496 ] ] ], [ [ [ 107.989395, 13.846706 ], [ 107.989395, 13.846705 ], [ 107.989344, 13.845556 ], [ 107.989687, 13.845526 ], [ 107.989701, 13.845743 ], [ 107.989708, 13.845838 ], [ 107.989708, 13.845838 ], [ 107.989743, 13.846322 ], [ 107.989756, 13.846728 ], [ 107.989711, 13.846732 ], [ 107.989395, 13.846759 ], [ 107.989395, 13.846706 ] ] ] ] } },
{ "type": "Feature", "properties": { "LONGTITUDE": 107.987985, "LATITUDE": 13.852669, "ALTITUDE": "", "LOT": "55", "AREA": 4.64, "PLANT_NO": "", "PLANT_YEAR": "", "RAINFALL": 2200.0, "T_MIN": 12.0, "T_MAX": 39.0, "T_AVERAGE": 26.0, "SOIL_TYPE": "Ferralsols", "SLOPE": "", "DEPTH": "", "PH": "", "EC": "", "CEC": "", "OM": "", "N_TS": "", "P2O5_TS": "", "P2O5_DT": "", "K2O_TS": "", "K2O_DT": "", "Canxi": "", "Magie": "", "DENSITY": "", "BULK_DENSI": "", "POROSITY": "", "CLAY": "", "LOAM": "", "SAND": "" }, "geometry": { "type": "MultiPolygon", "coordinates": [ [ [ [ 107.987335, 13.852224 ], [ 107.988587, 13.852169 ], [ 107.988634, 13.853059 ], [ 107.987389, 13.853168 ], [ 107.987335, 13.852224 ] ] ], [ [ [ 107.98951, 13.852129 ], [ 107.989513, 13.852128 ], [ 107.989516, 13.852127 ], [ 107.989646, 13.852058 ], [ 107.989663, 13.852051 ], [ 107.989679, 13.852223 ], [ 107.989679, 13.852224 ], [ 107.989721, 13.852551 ], [ 107.989725, 13.852855 ], [ 107.989725, 13.852964 ], [ 107.988652, 13.853057 ], [ 107.988606, 13.852168 ], [ 107.98951, 13.852129 ] ] ], [ [ [ 107.989725, 13.852982 ], [ 107.989727, 13.853316 ], [ 107.989727, 13.853317 ], [ 107.989735, 13.853524 ], [ 107.989735, 13.853527 ], [ 107.989782, 13.853743 ], [ 107.989741, 13.853747 ], [ 107.98974, 13.853747 ], [ 107.989713, 13.85375 ], [ 107.988693, 13.853839 ], [ 107.988653, 13.853075 ], [ 107.989725, 13.852982 ] ] ], [ [ [ 107.988635, 13.853077 ], [ 107.988674, 13.853841 ], [ 107.987433, 13.85395 ], [ 107.98739, 13.853186 ], [ 107.988635, 13.853077 ] ] ] ] } },
{ "type": "Feature", "properties": { "LONGTITUDE": 107.988037, "LATITUDE": 13.855974, "ALTITUDE": "", "LOT": "52", "AREA": 5.25, "PLANT_NO": "", "PLANT_YEAR": "", "RAINFALL": 2200.0, "T_MIN": 12.0, "T_MAX": 39.0, "T_AVERAGE": 26.0, "SOIL_TYPE": "Ferralsols", "SLOPE": "", "DEPTH": "", "PH": "", "EC": "", "CEC": "", "OM": "", "N_TS": "", "P2O5_TS": "", "P2O5_DT": "", "K2O_TS": "", "K2O_DT": "", "Canxi": "", "Magie": "", "DENSITY": "", "BULK_DENSI": "", "POROSITY": "", "CLAY": "", "LOAM": "", "SAND": "" }, "geometry": { "type": "MultiPolygon", "coordinates": [ [ [ [ 107.987541, 13.855648 ], [ 107.987542, 13.855648 ], [ 107.988564, 13.85555 ], [ 107.988751, 13.855532 ], [ 107.988789, 13.856325 ], [ 107.987394, 13.856416 ], [ 107.987323, 13.856294 ], [ 107.987301, 13.856248 ], [ 107.987284, 13.855657 ], [ 107.987541, 13.855648 ] ] ], [ [ [ 107.98886, 13.857439 ], [ 107.988808, 13.856342 ], [ 107.989879, 13.856271 ], [ 107.989879, 13.856324 ], [ 107.989879, 13.856325 ], [ 107.989917, 13.856641 ], [ 107.989917, 13.856642 ], [ 107.989959, 13.856842 ], [ 107.98996, 13.856845 ], [ 107.989983, 13.856894 ], [ 107.989979, 13.856898 ], [ 107.989935, 13.85694 ], [ 107.989909, 13.856966 ], [ 107.989889, 13.856985 ], [ 107.989609, 13.857237 ], [ 107.989487, 13.857333 ], [ 107.98936, 13.857394 ], [ 107.989148, 13.857422 ], [ 107.988945, 13.857432 ], [ 107.988944, 13.857432 ], [ 107.98886, 13.857439 ] ] ], [ [ [ 107.986712, 13.855678 ], [ 107.986761, 13.855676 ], [ 107.986773, 13.855675 ], [ 107.986843, 13.855673 ], [ 107.987266, 13.855658 ], [ 107.987281, 13.856204 ], [ 107.987279, 13.856201 ], [ 107.987278, 13.856198 ], [ 107.987268, 13.856188 ], [ 107.987266, 13.856187 ], [ 107.987208, 13.856162 ], [ 107.987202, 13.85616 ], [ 107.986956, 13.856107 ], [ 107.986844, 13.856047 ], [ 107.986738, 13.855927 ], [ 107.986692, 13.855827 ], [ 107.986664, 13.855704 ], [ 107.986661, 13.855694 ], [ 107.98666, 13.855687 ], [ 107.98666, 13.855686 ], [ 107.98666, 13.855685 ], [ 107.986659, 13.855683 ], [ 107.986659, 13.855681 ], [ 107.986659, 13.855681 ], [ 107.986658, 13.85568 ], [ 107.986712, 13.855678 ] ] ], [ [ [ 107.987404, 13.856434 ], [ 107.98879, 13.856343 ], [ 107.988841, 13.85744 ], [ 107.988727, 13.857449 ], [ 107.988529, 13.857431 ], [ 107.988304, 13.857316 ], [ 107.988027, 13.857112 ], [ 107.987814, 13.856942 ], [ 107.987621, 13.856751 ], [ 107.98747, 13.856546 ], [ 107.987404, 13.856434 ] ] ], [ [ [ 107.989797, 13.855432 ], [ 107.989823, 13.85543 ], [ 107.989824, 13.855431 ], [ 107.989879, 13.855425 ], [ 107.989881, 13.855463 ], [ 107.989877, 13.856015 ], [ 107.989877, 13.856015 ], [ 107.989877, 13.856015 ], [ 107.989878, 13.856253 ], [ 107.988807, 13.856324 ], [ 107.98877, 13.855531 ], [ 107.989797, 13.855432 ] ] ] ] } },
{ "type": "Feature", "properties": { "LONGTITUDE": 107.982671, "LATITUDE": 13.837557, "ALTITUDE": "", "LOT": "16", "AREA": 6.81, "PLANT_NO": "", "PLANT_YEAR": "", "RAINFALL": 2200.0, "T_MIN": 12.0, "T_MAX": 39.0, "T_AVERAGE": 26.0, "SOIL_TYPE": "Ferralsols", "SLOPE": "", "DEPTH": "", "PH": "", "EC": "", "CEC": "", "OM": "", "N_TS": "", "P2O5_TS": "", "P2O5_DT": "", "K2O_TS": "", "K2O_DT": "", "Canxi": "", "Magie": "", "DENSITY": "", "BULK_DENSI": "", "POROSITY": "", "CLAY": "", "LOAM": "", "SAND": "" }, "geometry": { "type": "MultiPolygon", "coordinates": [ [ [ [ 107.982724, 13.838466 ], [ 107.981951, 13.837832 ], [ 107.982084, 13.837418 ], [ 107.982296, 13.836849 ], [ 107.982389, 13.836649 ], [ 107.982443, 13.836688 ], [ 107.982445, 13.836689 ], [ 107.982445, 13.83669 ], [ 107.982688, 13.836807 ], [ 107.982863, 13.836959 ], [ 107.982902, 13.83701 ], [ 107.982962, 13.837088 ], [ 107.982966, 13.837091 ], [ 107.983124, 13.837194 ], [ 107.983124, 13.837194 ], [ 107.983315, 13.837314 ], [ 107.98339, 13.837373 ], [ 107.982724, 13.838466 ] ] ], [ [ [ 107.983818, 13.841389 ], [ 107.983827, 13.841408 ], [ 107.983686, 13.841286 ], [ 107.983738, 13.841194 ], [ 107.983818, 13.841389 ] ] ], [ [ [ 107.981598, 13.83882 ], [ 107.981598, 13.83882 ], [ 107.98161, 13.838788 ], [ 107.98229, 13.839369 ], [ 107.982068, 13.839883 ], [ 107.981409, 13.839302 ], [ 107.981407, 13.839301 ], [ 107.981406, 13.8393 ], [ 107.981598, 13.83882 ] ] ], [ [ [ 107.982446, 13.839011 ], [ 107.982445, 13.839012 ], [ 107.982298, 13.839352 ], [ 107.981617, 13.838769 ], [ 107.98186, 13.83811 ], [ 107.981861, 13.83811 ], [ 107.981945, 13.83785 ], [ 107.982715, 13.838482 ], [ 107.982446, 13.839011 ] ] ], [ [ [ 107.982739, 13.840471 ], [ 107.982464, 13.840234 ], [ 107.982082, 13.839896 ], [ 107.982305, 13.839382 ], [ 107.98296, 13.839942 ], [ 107.982739, 13.840471 ] ] ], [ [ [ 107.983273, 13.839049 ], [ 107.983273, 13.83905 ], [ 107.983236, 13.83945 ], [ 107.982968, 13.839925 ], [ 107.982313, 13.839364 ], [ 107.982462, 13.839019 ], [ 107.98273, 13.838495 ], [ 107.983299, 13.838962 ], [ 107.983273, 13.839049 ] ] ], [ [ [ 107.983357, 13.838693 ], [ 107.983357, 13.838694 ], [ 107.983308, 13.838932 ], [ 107.983305, 13.838943 ], [ 107.982738, 13.838478 ], [ 107.983404, 13.837384 ], [ 107.983423, 13.837398 ], [ 107.983453, 13.837465 ], [ 107.983452, 13.837557 ], [ 107.983404, 13.837946 ], [ 107.983404, 13.837947 ], [ 107.983398, 13.838181 ], [ 107.983398, 13.838181 ], [ 107.983398, 13.838184 ], [ 107.983423, 13.838305 ], [ 107.983425, 13.838309 ], [ 107.983426, 13.838311 ], [ 107.983463, 13.838359 ], [ 107.983357, 13.838693 ] ] ], [ [ [ 107.982754, 13.840483 ], [ 107.982975, 13.839954 ], [ 107.98366, 13.840539 ], [ 107.98366, 13.840559 ], [ 107.98365, 13.84079 ], [ 107.98367, 13.841027 ], [ 107.983729, 13.841173 ], [ 107.983671, 13.841274 ], [ 107.982754, 13.840483 ] ] ], [ [ [ 107.983248, 13.839466 ], [ 107.983521, 13.839648 ], [ 107.983539, 13.839791 ], [ 107.983663, 13.840031 ], [ 107.983656, 13.840311 ], [ 107.983659, 13.840515 ], [ 107.982983, 13.839937 ], [ 107.983248, 13.839466 ] ] ], [ [ [ 107.983291, 13.839053 ], [ 107.983319, 13.838961 ], [ 107.983326, 13.838936 ], [ 107.983326, 13.838936 ], [ 107.983375, 13.838698 ], [ 107.983481, 13.838366 ], [ 107.983528, 13.838377 ], [ 107.983531, 13.838377 ], [ 107.983534, 13.838377 ], [ 107.983542, 13.838375 ], [ 107.983502, 13.838459 ], [ 107.983465, 13.838606 ], [ 107.983427, 13.838762 ], [ 107.98341, 13.83907 ], [ 107.983477, 13.839333 ], [ 107.983477, 13.839333 ], [ 107.98351, 13.83957 ], [ 107.983517, 13.839624 ], [ 107.983255, 13.839449 ], [ 107.983291, 13.839053 ] ] ] ] } },
{ "type": "Feature", "properties": { "LONGTITUDE": 107.986908, "LATITUDE": 13.839634, "ALTITUDE": "", "LOT": "13", "AREA": 5.66, "PLANT_NO": "", "PLANT_YEAR": "", "RAINFALL": 2200.0, "T_MIN": 12.0, "T_MAX": 39.0, "T_AVERAGE": 26.0, "SOIL_TYPE": "Ferralsols", "SLOPE": "", "DEPTH": "", "PH": "", "EC": "", "CEC": "", "OM": "", "N_TS": "", "P2O5_TS": "", "P2O5_DT": "", "K2O_TS": "", "K2O_DT": "", "Canxi": "", "Magie": "", "DENSITY": "", "BULK_DENSI": "", "POROSITY": "", "CLAY": "", "LOAM": "", "SAND": "" }, "geometry": { "type": "MultiPolygon", "coordinates": [ [ [ [ 107.986421, 13.839159 ], [ 107.986421, 13.839042 ], [ 107.986449, 13.839046 ], [ 107.986451, 13.839046 ], [ 107.98654, 13.839046 ], [ 107.986781, 13.83914 ], [ 107.9871, 13.839269 ], [ 107.987103, 13.83927 ], [ 107.987228, 13.83929 ], [ 107.98723, 13.83929 ], [ 107.987396, 13.839292 ], [ 107.987385, 13.840225 ], [ 107.98642, 13.840193 ], [ 107.986421, 13.839199 ], [ 107.986421, 13.839159 ] ] ], [ [ [ 107.988225, 13.84027 ], [ 107.98896, 13.840294 ], [ 107.989017, 13.841217 ], [ 107.989017, 13.841218 ], [ 107.989011, 13.841218 ], [ 107.988336, 13.841195 ], [ 107.988163, 13.841189 ], [ 107.988225, 13.84027 ] ] ], [ [ [ 107.988289, 13.839327 ], [ 107.988318, 13.839328 ], [ 107.988646, 13.83935 ], [ 107.988646, 13.83935 ], [ 107.988764, 13.839354 ], [ 107.988827, 13.839365 ], [ 107.988869, 13.839387 ], [ 107.988891, 13.839414 ], [ 107.988906, 13.839458 ], [ 107.988922, 13.839639 ], [ 107.988924, 13.839707 ], [ 107.988959, 13.840276 ], [ 107.988226, 13.840252 ], [ 107.988289, 13.839327 ] ] ], [ [ [ 107.987403, 13.840244 ], [ 107.988207, 13.84027 ], [ 107.988144, 13.841188 ], [ 107.987732, 13.841173 ], [ 107.987392, 13.841162 ], [ 107.987403, 13.840244 ] ] ], [ [ [ 107.988208, 13.840252 ], [ 107.987404, 13.840226 ], [ 107.987415, 13.839293 ], [ 107.987464, 13.839293 ], [ 107.987625, 13.839298 ], [ 107.987954, 13.839311 ], [ 107.98827, 13.839326 ], [ 107.988208, 13.840252 ] ] ], [ [ [ 107.98642, 13.840423 ], [ 107.98642, 13.840423 ], [ 107.98642, 13.840212 ], [ 107.987385, 13.840243 ], [ 107.987374, 13.841161 ], [ 107.98642, 13.841128 ], [ 107.986419, 13.841128 ], [ 107.986411, 13.841128 ], [ 107.98642, 13.840423 ] ] ] ] } },
{ "type": "Feature", "properties": { "LONGTITUDE": 107.995677, "LATITUDE": 13.843697, "ALTITUDE": "", "LOT": "1", "AREA": 4.65, "PLANT_NO": "", "PLANT_YEAR": "", "RAINFALL": 2200.0, "T_MIN": 12.0, "T_MAX": 39.0, "T_AVERAGE": 26.0, "SOIL_TYPE": "Ferralsols", "SLOPE": "", "DEPTH": "", "PH": "", "EC": "", "CEC": "", "OM": "", "N_TS": "", "P2O5_TS": "", "P2O5_DT": "", "K2O_TS": "", "K2O_DT": "", "Canxi": "", "Magie": "", "DENSITY": "", "BULK_DENSI": "", "POROSITY": "", "CLAY": "", "LOAM": "", "SAND": "" }, "geometry": { "type": "MultiPolygon", "coordinates": [ [ [ [ 107.995678, 13.842647 ], [ 107.996172, 13.842614 ], [ 107.996198, 13.84263 ], [ 107.996235, 13.842656 ], [ 107.996248, 13.842681 ], [ 107.996248, 13.842681 ], [ 107.996268, 13.84272 ], [ 107.996279, 13.842807 ], [ 107.996279, 13.842951 ], [ 107.996272, 13.843161 ], [ 107.996283, 13.843451 ], [ 107.996283, 13.843451 ], [ 107.996283, 13.843451 ], [ 107.996274, 13.843499 ], [ 107.996241, 13.843632 ], [ 107.996241, 13.843634 ], [ 107.996234, 13.843738 ], [ 107.996218, 13.844683 ], [ 107.995101, 13.84478 ], [ 107.995112, 13.844563 ], [ 107.995112, 13.844562 ], [ 107.995112, 13.844035 ], [ 107.995112, 13.844035 ], [ 107.9951, 13.843563 ], [ 107.995088, 13.843039 ], [ 107.995088, 13.843038 ], [ 107.995074, 13.842784 ], [ 107.99507, 13.842688 ], [ 107.995678, 13.842647 ] ] ], [ [ [ 107.997623, 13.844665 ], [ 107.996246, 13.844662 ], [ 107.996262, 13.843739 ], [ 107.996269, 13.843637 ], [ 107.996282, 13.843584 ], [ 107.996288, 13.843584 ], [ 107.996305, 13.843583 ], [ 107.996363, 13.843578 ], [ 107.996582, 13.843567 ], [ 107.997508, 13.843505 ], [ 107.997516, 13.843505 ], [ 107.997516, 13.843506 ], [ 107.997549, 13.843759 ], [ 107.99755, 13.843762 ], [ 107.997566, 13.843826 ], [ 107.997591, 13.843968 ], [ 107.997596, 13.844173 ], [ 107.997594, 13.844284 ], [ 107.997594, 13.844284 ], [ 107.997594, 13.844286 ], [ 107.997609, 13.844465 ], [ 107.997623, 13.844665 ] ] ] ] } },
{ "type": "Feature", "properties": { "LONGTITUDE": 107.92389, "LATITUDE": 13.903217, "ALTITUDE": "", "LOT": "16", "AREA": 6.51, "PLANT_NO": "", "PLANT_YEAR": "", "RAINFALL": 2200.0, "T_MIN": 12.0, "T_MAX": 39.0, "T_AVERAGE": 26.0, "SOIL_TYPE": "Ferralsols", "SLOPE": "", "DEPTH": "", "PH": "", "EC": "", "CEC": "", "OM": "", "N_TS": "", "P2O5_TS": "", "P2O5_DT": "", "K2O_TS": "", "K2O_DT": "", "Canxi": "", "Magie": "", "DENSITY": "", "BULK_DENSI": "", "POROSITY": "", "CLAY": "", "LOAM": "", "SAND": "" }, "geometry": { "type": "Polygon", "coordinates": [ [ [ 107.9221, 13.903619 ], [ 107.922416, 13.902445 ], [ 107.922523, 13.902048 ], [ 107.92257, 13.901882 ], [ 107.922984, 13.901898 ], [ 107.923473, 13.901932 ], [ 107.923557, 13.901992 ], [ 107.923713, 13.902169 ], [ 107.923718, 13.902174 ], [ 107.923719, 13.902174 ], [ 107.92568, 13.903475 ], [ 107.925345, 13.903951 ], [ 107.925009, 13.904427 ], [ 107.924924, 13.904548 ], [ 107.924921, 13.904551 ], [ 107.9249, 13.904544 ], [ 107.922225, 13.90366 ], [ 107.9221, 13.903619 ] ], [ [ 107.92353, 13.902356 ], [ 107.923234, 13.902342 ], [ 107.923258, 13.902016 ], [ 107.923544, 13.902035 ], [ 107.92353, 13.902356 ] ] ] } },
{ "type": "Feature", "properties": { "LONGTITUDE": 107.979217, "LATITUDE": 13.84651, "ALTITUDE": "", "LOT": "27", "AREA": 4.58, "PLANT_NO": "", "PLANT_YEAR": "", "RAINFALL": 2200.0, "T_MIN": 12.0, "T_MAX": 39.0, "T_AVERAGE": 26.0, "SOIL_TYPE": "Ferralsols", "SLOPE": "", "DEPTH": "", "PH": "", "EC": "", "CEC": "", "OM": "", "N_TS": "", "P2O5_TS": "", "P2O5_DT": "", "K2O_TS": "", "K2O_DT": "", "Canxi": "", "Magie": "", "DENSITY": "", "BULK_DENSI": "", "POROSITY": "", "CLAY": "", "LOAM": "", "SAND": "" }, "geometry": { "type": "MultiPolygon", "coordinates": [ [ [ [ 107.97862, 13.84701 ], [ 107.978621, 13.847009 ], [ 107.978907, 13.846126 ], [ 107.9791, 13.845671 ], [ 107.979101, 13.845669 ], [ 107.979121, 13.845602 ], [ 107.979855, 13.846058 ], [ 107.979553, 13.846831 ], [ 107.979551, 13.846832 ], [ 107.979551, 13.846833 ], [ 107.979323, 13.847418 ], [ 107.979299, 13.847412 ], [ 107.979008, 13.847299 ], [ 107.979007, 13.847299 ], [ 107.97865, 13.847172 ], [ 107.978578, 13.847141 ], [ 107.97862, 13.84701 ] ] ], [ [ [ 107.979342, 13.847422 ], [ 107.979565, 13.846847 ], [ 107.980343, 13.847264 ], [ 107.980208, 13.847648 ], [ 107.980193, 13.847644 ], [ 107.979815, 13.847537 ], [ 107.979814, 13.847536 ], [ 107.979342, 13.847422 ] ] ], [ [ [ 107.979126, 13.845584 ], [ 107.97919, 13.845368 ], [ 107.979396, 13.84482 ], [ 107.98016, 13.845275 ], [ 107.979861, 13.84604 ], [ 107.979126, 13.845584 ] ] ], [ [ [ 107.980609, 13.846505 ], [ 107.979877, 13.84605 ], [ 107.980176, 13.845285 ], [ 107.980889, 13.84571 ], [ 107.980609, 13.846505 ] ] ], [ [ [ 107.980349, 13.847246 ], [ 107.979573, 13.846831 ], [ 107.979871, 13.846068 ], [ 107.980603, 13.846523 ], [ 107.980349, 13.847246 ] ] ] ] } },
{ "type": "Feature", "properties": { "LONGTITUDE": 107.993752, "LATITUDE": 13.843377, "ALTITUDE": "", "LOT": "3", "AREA": 4.19, "PLANT_NO": "", "PLANT_YEAR": "", "RAINFALL": 2200.0, "T_MIN": 12.0, "T_MAX": 39.0, "T_AVERAGE": 26.0, "SOIL_TYPE": "Ferralsols", "SLOPE": "", "DEPTH": "", "PH": "", "EC": "", "CEC": "", "OM": "", "N_TS": "", "P2O5_TS": "", "P2O5_DT": "", "K2O_TS": "", "K2O_DT": "", "Canxi": "", "Magie": "", "DENSITY": "", "BULK_DENSI": "", "POROSITY": "", "CLAY": "", "LOAM": "", "SAND": "" }, "geometry": { "type": "MultiPolygon", "coordinates": [ [ [ [ 107.99468, 13.842738 ], [ 107.994681, 13.842738 ], [ 107.99469, 13.842737 ], [ 107.994692, 13.842779 ], [ 107.994697, 13.842933 ], [ 107.994701, 13.843082 ], [ 107.994701, 13.843083 ], [ 107.994701, 13.843083 ], [ 107.994708, 13.843122 ], [ 107.994707, 13.843199 ], [ 107.994705, 13.843307 ], [ 107.994701, 13.843433 ], [ 107.994699, 13.843496 ], [ 107.994698, 13.84352 ], [ 107.994697, 13.843543 ], [ 107.994697, 13.843543 ], [ 107.994697, 13.843544 ], [ 107.994701, 13.843633 ], [ 107.994701, 13.843634 ], [ 107.994713, 13.843719 ], [ 107.994718, 13.843758 ], [ 107.994718, 13.843758 ], [ 107.994718, 13.843759 ], [ 107.994729, 13.8438 ], [ 107.994739, 13.84384 ], [ 107.994739, 13.843858 ], [ 107.99467, 13.843865 ], [ 107.992794, 13.844018 ], [ 107.992764, 13.842883 ], [ 107.99468, 13.842738 ] ] ], [ [ [ 107.992745, 13.842884 ], [ 107.992775, 13.84402 ], [ 107.991687, 13.844109 ], [ 107.991681, 13.843977 ], [ 107.991704, 13.843829 ], [ 107.991703, 13.843654 ], [ 107.991705, 13.843569 ], [ 107.991565, 13.843572 ], [ 107.991509, 13.842978 ], [ 107.992745, 13.842884 ] ] ] ] } },
{ "type": "Feature", "properties": { "LONGTITUDE": 107.993208, "LATITUDE": 13.839505, "ALTITUDE": "", "LOT": "10", "AREA": 4.2, "PLANT_NO": "", "PLANT_YEAR": "", "RAINFALL": 2200.0, "T_MIN": 12.0, "T_MAX": 39.0, "T_AVERAGE": 26.0, "SOIL_TYPE": "Ferralsols", "SLOPE": "", "DEPTH": "", "PH": "", "EC": "", "CEC": "", "OM": "", "N_TS": "", "P2O5_TS": "", "P2O5_DT": "", "K2O_TS": "", "K2O_DT": "", "Canxi": "", "Magie": "", "DENSITY": "", "BULK_DENSI": "", "POROSITY": "", "CLAY": "", "LOAM": "", "SAND": "" }, "geometry": { "type": "MultiPolygon", "coordinates": [ [ [ [ 107.992689, 13.840182 ], [ 107.992717, 13.840078 ], [ 107.992772, 13.839941 ], [ 107.992772, 13.83994 ], [ 107.992802, 13.839858 ], [ 107.992803, 13.839854 ], [ 107.992803, 13.839854 ], [ 107.9928, 13.839511 ], [ 107.992803, 13.839065 ], [ 107.992803, 13.839065 ], [ 107.992798, 13.838776 ], [ 107.992805, 13.838702 ], [ 107.992829, 13.838652 ], [ 107.992869, 13.838618 ], [ 107.993032, 13.838611 ], [ 107.99332, 13.838625 ], [ 107.993616, 13.83864 ], [ 107.993616, 13.83864 ], [ 107.993752, 13.838644 ], [ 107.993734, 13.840369 ], [ 107.992776, 13.840397 ], [ 107.99274, 13.840397 ], [ 107.992741, 13.840398 ], [ 107.992664, 13.840341 ], [ 107.992689, 13.840182 ] ] ], [ [ [ 107.993771, 13.838645 ], [ 107.993908, 13.83865 ], [ 107.99419, 13.838659 ], [ 107.994443, 13.838673 ], [ 107.994638, 13.838682 ], [ 107.994619, 13.839763 ], [ 107.994608, 13.840378 ], [ 107.994375, 13.840373 ], [ 107.994365, 13.840373 ], [ 107.993906, 13.840364 ], [ 107.993906, 13.840364 ], [ 107.993905, 13.840364 ], [ 107.993753, 13.840368 ], [ 107.993771, 13.838645 ] ] ], [ [ [ 107.992644, 13.84036 ], [ 107.992674, 13.840382 ], [ 107.992655, 13.840382 ], [ 107.992586, 13.840382 ], [ 107.992586, 13.840358 ], [ 107.992644, 13.84036 ] ] ], [ [ [ 107.992674, 13.840382 ], [ 107.992674, 13.840382 ], [ 107.992674, 13.840383 ], [ 107.992674, 13.840382 ] ] ], [ [ [ 107.991654, 13.839807 ], [ 107.991792, 13.839819 ], [ 107.991866, 13.839845 ], [ 107.991902, 13.839875 ], [ 107.991919, 13.839914 ], [ 107.991916, 13.839976 ], [ 107.991916, 13.839976 ], [ 107.991916, 13.839977 ], [ 107.99192, 13.840217 ], [ 107.991922, 13.840221 ], [ 107.991938, 13.840265 ], [ 107.991939, 13.840267 ], [ 107.991944, 13.840272 ], [ 107.991946, 13.840273 ], [ 107.991979, 13.840284 ], [ 107.99198, 13.840285 ], [ 107.992132, 13.84033 ], [ 107.992134, 13.84033 ], [ 107.992315, 13.840359 ], [ 107.992318, 13.840359 ], [ 107.992318, 13.840359 ], [ 107.992478, 13.840355 ], [ 107.992567, 13.840358 ], [ 107.992568, 13.840382 ], [ 107.991394, 13.840374 ], [ 107.991392, 13.840358 ], [ 107.991388, 13.840142 ], [ 107.991388, 13.840142 ], [ 107.991375, 13.839805 ], [ 107.991375, 13.8398 ], [ 107.991654, 13.839807 ] ] ] ] } },
{ "type": "Feature", "properties": { "LONGTITUDE": 107.978105, "LATITUDE": 13.837889, "ALTITUDE": "", "LOT": "21", "AREA": 4.22, "PLANT_NO": "", "PLANT_YEAR": "", "RAINFALL": 2200.0, "T_MIN": 12.0, "T_MAX": 39.0, "T_AVERAGE": 26.0, "SOIL_TYPE": "Ferralsols", "SLOPE": "", "DEPTH": "", "PH": "", "EC": "", "CEC": "", "OM": "", "N_TS": "", "P2O5_TS": "", "P2O5_DT": "", "K2O_TS": "", "K2O_DT": "", "Canxi": "", "Magie": "", "DENSITY": "", "BULK_DENSI": "", "POROSITY": "", "CLAY": "", "LOAM": "", "SAND": "" }, "geometry": { "type": "Polygon", "coordinates": [ [ [ 107.977208, 13.837752 ], [ 107.977533, 13.837341 ], [ 107.977533, 13.837341 ], [ 107.977921, 13.836816 ], [ 107.977922, 13.836816 ], [ 107.978032, 13.836648 ], [ 107.978104, 13.836558 ], [ 107.978159, 13.836491 ], [ 107.979299, 13.837272 ], [ 107.979269, 13.837341 ], [ 107.978901, 13.838256 ], [ 107.978901, 13.838256 ], [ 107.978901, 13.838256 ], [ 107.978894, 13.838274 ], [ 107.978507, 13.839237 ], [ 107.97848, 13.839287 ], [ 107.977947, 13.838922 ], [ 107.977943, 13.838919 ], [ 107.977943, 13.838919 ], [ 107.97794, 13.838917 ], [ 107.976911, 13.838212 ], [ 107.977208, 13.837752 ] ] ] } },
{ "type": "Feature", "properties": { "LONGTITUDE": 107.977234, "LATITUDE": 13.841414, "ALTITUDE": "", "LOT": "23", "AREA": 6.63, "PLANT_NO": "", "PLANT_YEAR": "", "RAINFALL": 2200.0, "T_MIN": 12.0, "T_MAX": 39.0, "T_AVERAGE": 26.0, "SOIL_TYPE": "Ferralsols", "SLOPE": "", "DEPTH": "", "PH": "", "EC": "", "CEC": "", "OM": "", "N_TS": "", "P2O5_TS": "", "P2O5_DT": "", "K2O_TS": "", "K2O_DT": "", "Canxi": "", "Magie": "", "DENSITY": "", "BULK_DENSI": "", "POROSITY": "", "CLAY": "", "LOAM": "", "SAND": "" }, "geometry": { "type": "MultiPolygon", "coordinates": [ [ [ [ 107.975944, 13.840481 ], [ 107.975989, 13.840448 ], [ 107.976015, 13.840443 ], [ 107.976058, 13.840448 ], [ 107.976106, 13.84047 ], [ 107.976494, 13.84074 ], [ 107.976495, 13.840741 ], [ 107.976544, 13.84077 ], [ 107.976545, 13.84077 ], [ 107.976548, 13.840771 ], [ 107.976587, 13.84078 ], [ 107.97659, 13.84078 ], [ 107.976594, 13.84078 ], [ 107.976625, 13.840771 ], [ 107.976627, 13.84077 ], [ 107.976668, 13.840753 ], [ 107.97667, 13.840752 ], [ 107.976674, 13.840749 ], [ 107.977032, 13.840262 ], [ 107.978391, 13.841103 ], [ 107.978748, 13.841338 ], [ 107.978253, 13.842566 ], [ 107.977922, 13.842299 ], [ 107.977921, 13.842298 ], [ 107.97764, 13.842104 ], [ 107.977637, 13.842101 ], [ 107.977635, 13.842101 ], [ 107.977572, 13.842056 ], [ 107.977288, 13.841859 ], [ 107.97572, 13.840771 ], [ 107.975944, 13.840481 ] ] ], [ [ [ 107.978764, 13.841349 ], [ 107.979047, 13.841534 ], [ 107.979327, 13.841734 ], [ 107.979328, 13.841734 ], [ 107.980308, 13.842353 ], [ 107.980226, 13.842592 ], [ 107.980092, 13.842976 ], [ 107.979819, 13.843598 ], [ 107.978858, 13.843086 ], [ 107.978692, 13.842919 ], [ 107.978691, 13.842919 ], [ 107.978268, 13.842578 ], [ 107.978764, 13.841349 ] ] ], [ [ [ 107.976405, 13.84128 ], [ 107.976842, 13.841583 ], [ 107.976913, 13.841632 ], [ 107.977053, 13.84173 ], [ 107.977117, 13.841774 ], [ 107.977173, 13.841813 ], [ 107.977185, 13.841821 ], [ 107.977183, 13.84182 ], [ 107.976405, 13.84128 ] ] ] ] } },
{ "type": "Feature", "properties": { "LONGTITUDE": 107.993525, "LATITUDE": 13.848532, "ALTITUDE": "", "LOT": "44", "AREA": 6.46, "PLANT_NO": "", "PLANT_YEAR": "", "RAINFALL": 2200.0, "T_MIN": 12.0, "T_MAX": 39.0, "T_AVERAGE": 26.0, "SOIL_TYPE": "Ferralsols", "SLOPE": "", "DEPTH": "", "PH": "", "EC": "", "CEC": "", "OM": "", "N_TS": "", "P2O5_TS": "", "P2O5_DT": "", "K2O_TS": "", "K2O_DT": "", "Canxi": "", "Magie": "", "DENSITY": "", "BULK_DENSI": "", "POROSITY": "", "CLAY": "", "LOAM": "", "SAND": "" }, "geometry": { "type": "MultiPolygon", "coordinates": [ [ [ [ 107.993861, 13.849753 ], [ 107.993859, 13.849838 ], [ 107.99384, 13.849815 ], [ 107.993837, 13.849813 ], [ 107.993776, 13.849765 ], [ 107.993774, 13.849764 ], [ 107.993774, 13.849764 ], [ 107.993616, 13.84968 ], [ 107.993614, 13.849679 ], [ 107.993265, 13.849556 ], [ 107.993147, 13.849503 ], [ 107.993184, 13.847269 ], [ 107.993229, 13.847258 ], [ 107.9935, 13.847239 ], [ 107.993737, 13.847226 ], [ 107.99383, 13.847244 ], [ 107.993813, 13.847417 ], [ 107.993813, 13.847418 ], [ 107.993806, 13.847542 ], [ 107.993806, 13.847543 ], [ 107.993806, 13.847544 ], [ 107.993826, 13.847701 ], [ 107.993827, 13.847706 ], [ 107.993829, 13.847707 ], [ 107.993876, 13.847767 ], [ 107.99388, 13.84777 ], [ 107.993903, 13.847783 ], [ 107.993861, 13.849753 ] ] ], [ [ [ 107.992611, 13.849446 ], [ 107.992422, 13.849943 ], [ 107.9924, 13.849997 ], [ 107.992358, 13.849975 ], [ 107.992303, 13.849934 ], [ 107.9922, 13.849847 ], [ 107.992083, 13.849739 ], [ 107.992, 13.849632 ], [ 107.991913, 13.849592 ], [ 107.991728, 13.849524 ], [ 107.991623, 13.849491 ], [ 107.991535, 13.849429 ], [ 107.991602, 13.849335 ], [ 107.991663, 13.849339 ], [ 107.991903, 13.849371 ], [ 107.992466, 13.849473 ], [ 107.992485, 13.84933 ], [ 107.99256, 13.849242 ], [ 107.992619, 13.849195 ], [ 107.992622, 13.849212 ], [ 107.992624, 13.849215 ], [ 107.992655, 13.849277 ], [ 107.992656, 13.849278 ], [ 107.992656, 13.849278 ], [ 107.992671, 13.849303 ], [ 107.992611, 13.849446 ] ] ], [ [ [ 107.993549, 13.849685 ], [ 107.993549, 13.849685 ], [ 107.993582, 13.849697 ], [ 107.993549, 13.849685 ] ] ], [ [ [ 107.993548, 13.849685 ], [ 107.993534, 13.84968 ], [ 107.993527, 13.849677 ], [ 107.993461, 13.850175 ], [ 107.993461, 13.850175 ], [ 107.993443, 13.850172 ], [ 107.993287, 13.850153 ], [ 107.993177, 13.850184 ], [ 107.992962, 13.850175 ], [ 107.992906, 13.850171 ], [ 107.992811, 13.850147 ], [ 107.992712, 13.850122 ], [ 107.99259, 13.85008 ], [ 107.99248, 13.850033 ], [ 107.992519, 13.84995 ], [ 107.992729, 13.849565 ], [ 107.992772, 13.849485 ], [ 107.992776, 13.849478 ], [ 107.992847, 13.849506 ], [ 107.992857, 13.849487 ], [ 107.99287, 13.849462 ], [ 107.992892, 13.849417 ], [ 107.993254, 13.849581 ], [ 107.993255, 13.849582 ], [ 107.993548, 13.849685 ], [ 107.993548, 13.849685 ] ] ], [ [ [ 107.993883, 13.84958 ], [ 107.993921, 13.847793 ], [ 107.993927, 13.847795 ], [ 107.993929, 13.847795 ], [ 107.99428, 13.847756 ], [ 107.994394, 13.847751 ], [ 107.994401, 13.849831 ], [ 107.99388, 13.849746 ], [ 107.993883, 13.84958 ] ] ], [ [ [ 107.992751, 13.849323 ], [ 107.9927, 13.849296 ], [ 107.99268, 13.849265 ], [ 107.99265, 13.849205 ], [ 107.992633, 13.849123 ], [ 107.992612, 13.849011 ], [ 107.992612, 13.849009 ], [ 107.992559, 13.848851 ], [ 107.992544, 13.848757 ], [ 107.99255, 13.848383 ], [ 107.992558, 13.848045 ], [ 107.992558, 13.848044 ], [ 107.992558, 13.848044 ], [ 107.992555, 13.847701 ], [ 107.992566, 13.847602 ], [ 107.992589, 13.847512 ], [ 107.992637, 13.847449 ], [ 107.99277, 13.847382 ], [ 107.992929, 13.847334 ], [ 107.993165, 13.847274 ], [ 107.993129, 13.849494 ], [ 107.992751, 13.849323 ] ] ], [ [ [ 107.99442, 13.849834 ], [ 107.994413, 13.84775 ], [ 107.994614, 13.847742 ], [ 107.994718, 13.847736 ], [ 107.994718, 13.847741 ], [ 107.994718, 13.847742 ], [ 107.994716, 13.847897 ], [ 107.994716, 13.848711 ], [ 107.994706, 13.84931 ], [ 107.994716, 13.849518 ], [ 107.994741, 13.849728 ], [ 107.99476, 13.84989 ], [ 107.99442, 13.849834 ] ] ] ] } },
{ "type": "Feature", "properties": { "LONGTITUDE": 107.992522, "LATITUDE": 13.846181, "ALTITUDE": "", "LOT": "4", "AREA": 2.17, "PLANT_NO": "", "PLANT_YEAR": "", "RAINFALL": 2200.0, "T_MIN": 12.0, "T_MAX": 39.0, "T_AVERAGE": 26.0, "SOIL_TYPE": "Ferralsols", "SLOPE": "", "DEPTH": "", "PH": "", "EC": "", "CEC": "", "OM": "", "N_TS": "", "P2O5_TS": "", "P2O5_DT": "", "K2O_TS": "", "K2O_DT": "", "Canxi": "", "Magie": "", "DENSITY": "", "BULK_DENSI": "", "POROSITY": "", "CLAY": "", "LOAM": "", "SAND": "" }, "geometry": { "type": "MultiPolygon", "coordinates": [ [ [ [ 107.992085, 13.845847 ], [ 107.992539, 13.845791 ], [ 107.99254, 13.845791 ], [ 107.992794, 13.845746 ], [ 107.992796, 13.845745 ], [ 107.992869, 13.84572 ], [ 107.992871, 13.845719 ], [ 107.992876, 13.845715 ], [ 107.992882, 13.845706 ], [ 107.992949, 13.845756 ], [ 107.992949, 13.845756 ], [ 107.992985, 13.845783 ], [ 107.993039, 13.846202 ], [ 107.993039, 13.846203 ], [ 107.993059, 13.846416 ], [ 107.993059, 13.846421 ], [ 107.993062, 13.846457 ], [ 107.992936, 13.846514 ], [ 107.992916, 13.84656 ], [ 107.99252, 13.846618 ], [ 107.992342, 13.846656 ], [ 107.992277, 13.846614 ], [ 107.99215, 13.846326 ], [ 107.992126, 13.846271 ], [ 107.992105, 13.84621 ], [ 107.992104, 13.846209 ], [ 107.992075, 13.846125 ], [ 107.992075, 13.846125 ], [ 107.992004, 13.845924 ], [ 107.991983, 13.845866 ], [ 107.991982, 13.845861 ], [ 107.992085, 13.845847 ] ] ], [ [ [ 107.993968, 13.84529 ], [ 107.994357, 13.845231 ], [ 107.994378, 13.846689 ], [ 107.993969, 13.846699 ], [ 107.993977, 13.846642 ], [ 107.994006, 13.846449 ], [ 107.994007, 13.846447 ], [ 107.994007, 13.846364 ], [ 107.994006, 13.846361 ], [ 107.993965, 13.846184 ], [ 107.993953, 13.845987 ], [ 107.993952, 13.845957 ], [ 107.993944, 13.845521 ], [ 107.993944, 13.845521 ], [ 107.993942, 13.845416 ], [ 107.993961, 13.845388 ], [ 107.993962, 13.845387 ], [ 107.993964, 13.845381 ], [ 107.993964, 13.845379 ], [ 107.993959, 13.845343 ], [ 107.993957, 13.845338 ], [ 107.993957, 13.845336 ], [ 107.993937, 13.84531 ], [ 107.993968, 13.84529 ] ] ], [ [ [ 107.994699, 13.84518 ], [ 107.994698, 13.845371 ], [ 107.994708, 13.845724 ], [ 107.994742, 13.846269 ], [ 107.994756, 13.846667 ], [ 107.994756, 13.84668 ], [ 107.994397, 13.846689 ], [ 107.994376, 13.845228 ], [ 107.994699, 13.84518 ] ] ] ] } },
{ "type": "Feature", "properties": { "LONGTITUDE": 107.924044, "LATITUDE": 13.919242, "ALTITUDE": "", "LOT": "", "AREA": 5.21, "PLANT_NO": "", "PLANT_YEAR": "", "RAINFALL": 2200.0, "T_MIN": 12.0, "T_MAX": 39.0, "T_AVERAGE": 26.0, "SOIL_TYPE": "Ferralsols", "SLOPE": "", "DEPTH": "", "PH": "", "EC": "", "CEC": "", "OM": "", "N_TS": "", "P2O5_TS": "", "P2O5_DT": "", "K2O_TS": "", "K2O_DT": "", "Canxi": "", "Magie": "", "DENSITY": "", "BULK_DENSI": "", "POROSITY": "", "CLAY": "", "LOAM": "", "SAND": "" }, "geometry": { "type": "Polygon", "coordinates": [ [ [ 107.922611, 13.91868 ], [ 107.922611, 13.918679 ], [ 107.923979, 13.917921 ], [ 107.923955, 13.917934 ], [ 107.923956, 13.917937 ], [ 107.924055, 13.918064 ], [ 107.924402, 13.918695 ], [ 107.924403, 13.918696 ], [ 107.924404, 13.918697 ], [ 107.92466, 13.919127 ], [ 107.92466, 13.919128 ], [ 107.92466, 13.919129 ], [ 107.924946, 13.919568 ], [ 107.925241, 13.920101 ], [ 107.925424, 13.920447 ], [ 107.925476, 13.920563 ], [ 107.925412, 13.920561 ], [ 107.925372, 13.92056 ], [ 107.92536, 13.92056 ], [ 107.92536, 13.92056 ], [ 107.925359, 13.92056 ], [ 107.925333, 13.920559 ], [ 107.92334, 13.920523 ], [ 107.92334, 13.920516 ], [ 107.923341, 13.920515 ], [ 107.923341, 13.920515 ], [ 107.923341, 13.920513 ], [ 107.92334, 13.920507 ], [ 107.923339, 13.920507 ], [ 107.923298, 13.920402 ], [ 107.92262, 13.9187 ], [ 107.92262, 13.918699 ], [ 107.92262, 13.918699 ], [ 107.922618, 13.918694 ], [ 107.922613, 13.918682 ], [ 107.922612, 13.91868 ], [ 107.922611, 13.91868 ] ] ] } },
{ "type": "Feature", "properties": { "LONGTITUDE": 107.942382, "LATITUDE": 13.905535, "ALTITUDE": "", "LOT": "1", "AREA": 6.1, "PLANT_NO": "", "PLANT_YEAR": "", "RAINFALL": 2200.0, "T_MIN": 12.0, "T_MAX": 39.0, "T_AVERAGE": 26.0, "SOIL_TYPE": "Ferralsols", "SLOPE": "", "DEPTH": "", "PH": "", "EC": "", "CEC": "", "OM": "", "N_TS": "", "P2O5_TS": "", "P2O5_DT": "", "K2O_TS": "", "K2O_DT": "", "Canxi": "", "Magie": "", "DENSITY": "", "BULK_DENSI": "", "POROSITY": "", "CLAY": "", "LOAM": "", "SAND": "" }, "geometry": { "type": "MultiPolygon", "coordinates": [ [ [ [ 107.941449, 13.904755 ], [ 107.941939, 13.904798 ], [ 107.942288, 13.904831 ], [ 107.942762, 13.904876 ], [ 107.943211, 13.904879 ], [ 107.943451, 13.904875 ], [ 107.943553, 13.904883 ], [ 107.943554, 13.904883 ], [ 107.943554, 13.904883 ], [ 107.943554, 13.904883 ], [ 107.943566, 13.904932 ], [ 107.943558, 13.905011 ], [ 107.943588, 13.905255 ], [ 107.943498, 13.905263 ], [ 107.943319, 13.905281 ], [ 107.943343, 13.905463 ], [ 107.943162, 13.905488 ], [ 107.943268, 13.905828 ], [ 107.943648, 13.905767 ], [ 107.943688, 13.906099 ], [ 107.941288, 13.906342 ], [ 107.941115, 13.905047 ], [ 107.941115, 13.905047 ], [ 107.941083, 13.90481 ], [ 107.941083, 13.90481 ], [ 107.941083, 13.90481 ], [ 107.941083, 13.90481 ], [ 107.941083, 13.904809 ], [ 107.941075, 13.904727 ], [ 107.941449, 13.904755 ] ] ], [ [ [ 107.940026, 13.906285 ], [ 107.939932, 13.906098 ], [ 107.939949, 13.905784 ], [ 107.93999, 13.905471 ], [ 107.940047, 13.905177 ], [ 107.940131, 13.904801 ], [ 107.940146, 13.904755 ], [ 107.940169, 13.904724 ], [ 107.940219, 13.904708 ], [ 107.940482, 13.904707 ], [ 107.940957, 13.904718 ], [ 107.941047, 13.904725 ], [ 107.941055, 13.904808 ], [ 107.941087, 13.905049 ], [ 107.941087, 13.905049 ], [ 107.94126, 13.906345 ], [ 107.940254, 13.906447 ], [ 107.940253, 13.906447 ], [ 107.940253, 13.906447 ], [ 107.940189, 13.906456 ], [ 107.940145, 13.906462 ], [ 107.940129, 13.906464 ], [ 107.940102, 13.906471 ], [ 107.940026, 13.906285 ] ] ] ] } },
{ "type": "Feature", "properties": { "LONGTITUDE": 107.93029, "LATITUDE": 13.905697, "ALTITUDE": "", "LOT": "12", "AREA": 5.6, "PLANT_NO": "", "PLANT_YEAR": "", "RAINFALL": 2200.0, "T_MIN": 12.0, "T_MAX": 39.0, "T_AVERAGE": 26.0, "SOIL_TYPE": "Ferralsols", "SLOPE": "", "DEPTH": "", "PH": "", "EC": "", "CEC": "", "OM": "", "N_TS": "", "P2O5_TS": "", "P2O5_DT": "", "K2O_TS": "", "K2O_DT": "", "Canxi": "", "Magie": "", "DENSITY": "", "BULK_DENSI": "", "POROSITY": "", "CLAY": "", "LOAM": "", "SAND": "" }, "geometry": { "type": "MultiPolygon", "coordinates": [ [ [ [ 107.929156, 13.905846 ], [ 107.928985, 13.905728 ], [ 107.928995, 13.905716 ], [ 107.928995, 13.905715 ], [ 107.930059, 13.904278 ], [ 107.930586, 13.904823 ], [ 107.931384, 13.905674 ], [ 107.931385, 13.905675 ], [ 107.931595, 13.905885 ], [ 107.93118, 13.906304 ], [ 107.93118, 13.906304 ], [ 107.931162, 13.906326 ], [ 107.931138, 13.906354 ], [ 107.930973, 13.906242 ], [ 107.930849, 13.906425 ], [ 107.931272, 13.906683 ], [ 107.931277, 13.906678 ], [ 107.931165, 13.906802 ], [ 107.930878, 13.907117 ], [ 107.929959, 13.906439 ], [ 107.929167, 13.905854 ], [ 107.929167, 13.905853 ], [ 107.929166, 13.905853 ], [ 107.929156, 13.905846 ] ] ], [ [ [ 107.931158, 13.90685 ], [ 107.931287, 13.906709 ], [ 107.931287, 13.906709 ], [ 107.931304, 13.90669 ], [ 107.931304, 13.906689 ], [ 107.931305, 13.906689 ], [ 107.931308, 13.906685 ], [ 107.931422, 13.906545 ], [ 107.93177, 13.906222 ], [ 107.931853, 13.906145 ], [ 107.931864, 13.906156 ], [ 107.932282, 13.906595 ], [ 107.932496, 13.906836 ], [ 107.932496, 13.906836 ], [ 107.932496, 13.906836 ], [ 107.932438, 13.90688 ], [ 107.932284, 13.906998 ], [ 107.931518, 13.90759 ], [ 107.931513, 13.907585 ], [ 107.930901, 13.907133 ], [ 107.931158, 13.90685 ] ] ] ] } },
{ "type": "Feature", "properties": { "LONGTITUDE": 107.925411, "LATITUDE": 13.905584, "ALTITUDE": "", "LOT": "18", "AREA": 6.29, "PLANT_NO": "", "PLANT_YEAR": "", "RAINFALL": 2200.0, "T_MIN": 12.0, "T_MAX": 39.0, "T_AVERAGE": 26.0, "SOIL_TYPE": "Ferralsols", "SLOPE": "", "DEPTH": "", "PH": "", "EC": "", "CEC": "", "OM": "", "N_TS": "", "P2O5_TS": "", "P2O5_DT": "", "K2O_TS": "", "K2O_DT": "", "Canxi": "", "Magie": "", "DENSITY": "", "BULK_DENSI": "", "POROSITY": "", "CLAY": "", "LOAM": "", "SAND": "" }, "geometry": { "type": "MultiPolygon", "coordinates": [ [ [ [ 107.924246, 13.90551 ], [ 107.924936, 13.904586 ], [ 107.924937, 13.904587 ], [ 107.924941, 13.904588 ], [ 107.924941, 13.904589 ], [ 107.925677, 13.905006 ], [ 107.926609, 13.905674 ], [ 107.926609, 13.905674 ], [ 107.92602, 13.90648 ], [ 107.92602, 13.90648 ], [ 107.925972, 13.906547 ], [ 107.925947, 13.906582 ], [ 107.925928, 13.90657 ], [ 107.925927, 13.90657 ], [ 107.925926, 13.906569 ], [ 107.925488, 13.906343 ], [ 107.925098, 13.906123 ], [ 107.924875, 13.905981 ], [ 107.924676, 13.905831 ], [ 107.924675, 13.90583 ], [ 107.924269, 13.905582 ], [ 107.924269, 13.905581 ], [ 107.924268, 13.905581 ], [ 107.924213, 13.905553 ], [ 107.924246, 13.90551 ] ] ], [ [ [ 107.921841, 13.904583 ], [ 107.921842, 13.904583 ], [ 107.921948, 13.904185 ], [ 107.921997, 13.904004 ], [ 107.922093, 13.903646 ], [ 107.923121, 13.903985 ], [ 107.92271, 13.904898 ], [ 107.922028, 13.904746 ], [ 107.922027, 13.904746 ], [ 107.921802, 13.904709 ], [ 107.921841, 13.904583 ] ] ], [ [ [ 107.922729, 13.904903 ], [ 107.923139, 13.903991 ], [ 107.923501, 13.904111 ], [ 107.924909, 13.904576 ], [ 107.924188, 13.905541 ], [ 107.924066, 13.90548 ], [ 107.923598, 13.905188 ], [ 107.923598, 13.905188 ], [ 107.923596, 13.905187 ], [ 107.923062, 13.904987 ], [ 107.92306, 13.904986 ], [ 107.922717, 13.9049 ], [ 107.922729, 13.904903 ] ] ] ] } },
{ "type": "Feature", "properties": { "LONGTITUDE": 107.979526, "LATITUDE": 13.834061, "ALTITUDE": "", "LOT": "20", "AREA": 6.73, "PLANT_NO": "", "PLANT_YEAR": "", "RAINFALL": 2200.0, "T_MIN": 12.0, "T_MAX": 39.0, "T_AVERAGE": 26.0, "SOIL_TYPE": "Ferralsols", "SLOPE": "", "DEPTH": "", "PH": "", "EC": "", "CEC": "", "OM": "", "N_TS": "", "P2O5_TS": "", "P2O5_DT": "", "K2O_TS": "", "K2O_DT": "", "Canxi": "", "Magie": "", "DENSITY": "", "BULK_DENSI": "", "POROSITY": "", "CLAY": "", "LOAM": "", "SAND": "" }, "geometry": { "type": "MultiPolygon", "coordinates": [ [ [ [ 107.979436, 13.834734 ], [ 107.978596, 13.834216 ], [ 107.978638, 13.83415 ], [ 107.979466, 13.832992 ], [ 107.979516, 13.832998 ], [ 107.979575, 13.833043 ], [ 107.979597, 13.833097 ], [ 107.979599, 13.833138 ], [ 107.979575, 13.833204 ], [ 107.979534, 13.833257 ], [ 107.979532, 13.83326 ], [ 107.97953, 13.833262 ], [ 107.979469, 13.833392 ], [ 107.979467, 13.8334 ], [ 107.979458, 13.833458 ], [ 107.979457, 13.833459 ], [ 107.979448, 13.833552 ], [ 107.979448, 13.833554 ], [ 107.979452, 13.833567 ], [ 107.979481, 13.833621 ], [ 107.979482, 13.833621 ], [ 107.979485, 13.833626 ], [ 107.979531, 13.833675 ], [ 107.979559, 13.833729 ], [ 107.97956, 13.83377 ], [ 107.979556, 13.833794 ], [ 107.979556, 13.833796 ], [ 107.97955, 13.83388 ], [ 107.97955, 13.833882 ], [ 107.979553, 13.833895 ], [ 107.979561, 13.833903 ], [ 107.979735, 13.834035 ], [ 107.979778, 13.834079 ], [ 107.979815, 13.834136 ], [ 107.979825, 13.834145 ], [ 107.97983, 13.834147 ], [ 107.979829, 13.834149 ], [ 107.979831, 13.834153 ], [ 107.979833, 13.834156 ], [ 107.980457, 13.834546 ], [ 107.980051, 13.835129 ], [ 107.979454, 13.834749 ], [ 107.979454, 13.834749 ], [ 107.979449, 13.834748 ], [ 107.979447, 13.834748 ], [ 107.979446, 13.834743 ], [ 107.979436, 13.834734 ] ] ], [ [ [ 107.980056, 13.835154 ], [ 107.980695, 13.835561 ], [ 107.979844, 13.836673 ], [ 107.979809, 13.836624 ], [ 107.979806, 13.836621 ], [ 107.979561, 13.83645 ], [ 107.979561, 13.83645 ], [ 107.97928, 13.836271 ], [ 107.980056, 13.835154 ] ] ], [ [ [ 107.980726, 13.834693 ], [ 107.980726, 13.834692 ], [ 107.980475, 13.834536 ], [ 107.979851, 13.834146 ], [ 107.979853, 13.834145 ], [ 107.979861, 13.834138 ], [ 107.980157, 13.833765 ], [ 107.980205, 13.833792 ], [ 107.980327, 13.833892 ], [ 107.98043, 13.833984 ], [ 107.980434, 13.833988 ], [ 107.980436, 13.833988 ], [ 107.980723, 13.834128 ], [ 107.980875, 13.834207 ], [ 107.980996, 13.834275 ], [ 107.981055, 13.834308 ], [ 107.98077, 13.834641 ], [ 107.980769, 13.834642 ], [ 107.980726, 13.834693 ] ] ], [ [ [ 107.979855, 13.836689 ], [ 107.98071, 13.835571 ], [ 107.981285, 13.835936 ], [ 107.981089, 13.836225 ], [ 107.980833, 13.836569 ], [ 107.980833, 13.836569 ], [ 107.980831, 13.836571 ], [ 107.980829, 13.836571 ], [ 107.980826, 13.836574 ], [ 107.980825, 13.836579 ], [ 107.980825, 13.83658 ], [ 107.980703, 13.836753 ], [ 107.980703, 13.836752 ], [ 107.980679, 13.83674 ], [ 107.980671, 13.836735 ], [ 107.980638, 13.836717 ], [ 107.980424, 13.836602 ], [ 107.980354, 13.836716 ], [ 107.980309, 13.83669 ], [ 107.98024, 13.83665 ], [ 107.980034, 13.836882 ], [ 107.979944, 13.836814 ], [ 107.979855, 13.836689 ] ] ], [ [ [ 107.980706, 13.835546 ], [ 107.980067, 13.835139 ], [ 107.980473, 13.834556 ], [ 107.980716, 13.834708 ], [ 107.980716, 13.834708 ], [ 107.980719, 13.834708 ], [ 107.980717, 13.834713 ], [ 107.98072, 13.834726 ], [ 107.980758, 13.834798 ], [ 107.980758, 13.834799 ], [ 107.980762, 13.834804 ], [ 107.981048, 13.835099 ], [ 107.980706, 13.835546 ] ] ], [ [ [ 107.981295, 13.835921 ], [ 107.980722, 13.835556 ], [ 107.981061, 13.835112 ], [ 107.981189, 13.835245 ], [ 107.981281, 13.835486 ], [ 107.981293, 13.835524 ], [ 107.981295, 13.835529 ], [ 107.981319, 13.835574 ], [ 107.981375, 13.835684 ], [ 107.981375, 13.835686 ], [ 107.981376, 13.835687 ], [ 107.981405, 13.835731 ], [ 107.981406, 13.835733 ], [ 107.981447, 13.835785 ], [ 107.981429, 13.835785 ], [ 107.981429, 13.835785 ], [ 107.981422, 13.835786 ], [ 107.98142, 13.835787 ], [ 107.981354, 13.835837 ], [ 107.981351, 13.83584 ], [ 107.981295, 13.835921 ] ] ], [ [ [ 107.9787, 13.835788 ], [ 107.978701, 13.835787 ], [ 107.978702, 13.835785 ], [ 107.978807, 13.83556 ], [ 107.979136, 13.835147 ], [ 107.979443, 13.834774 ], [ 107.979446, 13.83477 ], [ 107.979447, 13.834766 ], [ 107.980041, 13.835144 ], [ 107.979264, 13.836261 ], [ 107.978906, 13.836033 ], [ 107.978909, 13.836023 ], [ 107.978905, 13.836009 ], [ 107.978898, 13.836001 ], [ 107.978669, 13.835836 ], [ 107.9787, 13.835788 ] ] ] ] } },
{ "type": "Feature", "properties": { "LONGTITUDE": 107.990826, "LATITUDE": 13.854405, "ALTITUDE": "", "LOT": "50", "AREA": 6.89, "PLANT_NO": "", "PLANT_YEAR": "", "RAINFALL": 2200.0, "T_MIN": 12.0, "T_MAX": 39.0, "T_AVERAGE": 26.0, "SOIL_TYPE": "Ferralsols", "SLOPE": "", "DEPTH": "", "PH": "", "EC": "", "CEC": "", "OM": "", "N_TS": "", "P2O5_TS": "", "P2O5_DT": "", "K2O_TS": "", "K2O_DT": "", "Canxi": "", "Magie": "", "DENSITY": "", "BULK_DENSI": "", "POROSITY": "", "CLAY": "", "LOAM": "", "SAND": "" }, "geometry": { "type": "MultiPolygon", "coordinates": [ [ [ [ 107.990211, 13.853688 ], [ 107.990218, 13.853687 ], [ 107.99024, 13.853682 ], [ 107.990702, 13.853647 ], [ 107.990844, 13.853647 ], [ 107.991053, 13.853648 ], [ 107.991092, 13.853651 ], [ 107.991147, 13.853657 ], [ 107.991148, 13.853657 ], [ 107.991149, 13.853657 ], [ 107.991365, 13.853651 ], [ 107.991366, 13.853651 ], [ 107.991366, 13.853651 ], [ 107.991405, 13.85365 ], [ 107.991461, 13.855118 ], [ 107.990261, 13.855162 ], [ 107.990211, 13.854002 ], [ 107.990211, 13.854002 ], [ 107.990191, 13.853694 ], [ 107.99019, 13.853692 ], [ 107.990211, 13.853688 ] ] ], [ [ [ 107.989909, 13.855463 ], [ 107.989909, 13.855463 ], [ 107.990254, 13.855461 ], [ 107.990254, 13.855462 ], [ 107.990255, 13.855463 ], [ 107.990341, 13.855943 ], [ 107.990411, 13.856559 ], [ 107.99041, 13.85656 ], [ 107.990406, 13.856563 ], [ 107.990298, 13.856656 ], [ 107.990193, 13.856707 ], [ 107.990191, 13.856708 ], [ 107.990189, 13.856709 ], [ 107.990112, 13.856763 ], [ 107.990108, 13.856766 ], [ 107.990004, 13.856872 ], [ 107.989986, 13.856835 ], [ 107.989944, 13.856638 ], [ 107.989907, 13.856323 ], [ 107.989905, 13.856015 ], [ 107.989909, 13.855463 ] ] ], [ [ [ 107.989917, 13.856641 ], [ 107.989915, 13.856626 ], [ 107.989915, 13.856626 ], [ 107.989917, 13.856641 ] ] ], [ [ [ 107.991531, 13.855945 ], [ 107.990358, 13.855933 ], [ 107.990273, 13.85546 ], [ 107.990261, 13.85518 ], [ 107.991463, 13.855136 ], [ 107.991553, 13.855944 ], [ 107.991535, 13.855945 ], [ 107.991532, 13.855945 ], [ 107.991531, 13.855945 ] ] ], [ [ [ 107.991502, 13.855963 ], [ 107.991438, 13.856085 ], [ 107.991377, 13.856199 ], [ 107.991306, 13.856243 ], [ 107.991188, 13.856283 ], [ 107.990844, 13.856398 ], [ 107.990843, 13.856398 ], [ 107.990542, 13.856508 ], [ 107.990542, 13.856509 ], [ 107.99043, 13.856552 ], [ 107.99036, 13.855951 ], [ 107.991502, 13.855963 ] ] ], [ [ [ 107.991244, 13.852117 ], [ 107.991239, 13.852055 ], [ 107.991483, 13.852056 ], [ 107.991499, 13.852055 ], [ 107.991531, 13.852699 ], [ 107.991533, 13.852747 ], [ 107.991529, 13.852747 ], [ 107.991294, 13.852744 ], [ 107.991244, 13.852117 ] ] ], [ [ [ 107.991343, 13.853363 ], [ 107.991296, 13.852762 ], [ 107.991534, 13.852764 ], [ 107.991564, 13.853377 ], [ 107.991577, 13.853618 ], [ 107.991364, 13.853624 ], [ 107.991343, 13.853363 ] ] ], [ [ [ 107.991586, 13.853645 ], [ 107.991864, 13.853638 ], [ 107.991865, 13.853638 ], [ 107.99192, 13.853634 ], [ 107.99192, 13.853634 ], [ 107.991926, 13.853633 ], [ 107.991925, 13.853633 ], [ 107.991965, 13.854437 ], [ 107.991965, 13.854438 ], [ 107.991977, 13.854683 ], [ 107.992162, 13.854657 ], [ 107.992195, 13.854652 ], [ 107.992255, 13.854644 ], [ 107.992338, 13.854899 ], [ 107.992347, 13.854964 ], [ 107.992243, 13.855016 ], [ 107.99148, 13.855117 ], [ 107.991424, 13.853649 ], [ 107.991586, 13.853645 ] ] ], [ [ [ 107.992247, 13.855034 ], [ 107.99225, 13.855033 ], [ 107.992349, 13.854983 ], [ 107.992365, 13.855109 ], [ 107.992367, 13.855126 ], [ 107.992369, 13.855133 ], [ 107.992432, 13.855423 ], [ 107.992504, 13.855534 ], [ 107.99253, 13.855578 ], [ 107.992597, 13.855675 ], [ 107.992722, 13.855762 ], [ 107.992728, 13.855815 ], [ 107.992729, 13.855821 ], [ 107.992521, 13.855843 ], [ 107.992153, 13.85588 ], [ 107.992152, 13.85588 ], [ 107.991829, 13.855925 ], [ 107.991573, 13.855943 ], [ 107.991573, 13.855943 ], [ 107.991573, 13.855943 ], [ 107.991572, 13.855943 ], [ 107.991481, 13.855135 ], [ 107.992247, 13.855034 ] ] ], [ [ [ 107.991927, 13.853633 ], [ 107.991927, 13.853633 ], [ 107.991926, 13.853633 ], [ 107.991926, 13.853633 ], [ 107.991927, 13.853633 ] ] ], [ [ [ 107.99193, 13.853633 ], [ 107.991927, 13.853633 ], [ 107.991927, 13.853633 ], [ 107.99193, 13.853633 ] ] ] ] } },
{ "type": "Feature", "properties": { "LONGTITUDE": 107.987295, "LATITUDE": 13.849479, "ALTITUDE": "", "LOT": "", "AREA": 3.63, "PLANT_NO": "", "PLANT_YEAR": "", "RAINFALL": 2200.0, "T_MIN": 12.0, "T_MAX": 39.0, "T_AVERAGE": 26.0, "SOIL_TYPE": "Ferralsols", "SLOPE": "", "DEPTH": "", "PH": "", "EC": "", "CEC": "", "OM": "", "N_TS": "", "P2O5_TS": "", "P2O5_DT": "", "K2O_TS": "", "K2O_DT": "", "Canxi": "", "Magie": "", "DENSITY": "", "BULK_DENSI": "", "POROSITY": "", "CLAY": "", "LOAM": "", "SAND": "" }, "geometry": { "type": "MultiPolygon", "coordinates": [ [ [ [ 107.986416, 13.848754 ], [ 107.986629, 13.848754 ], [ 107.986836, 13.848759 ], [ 107.987125, 13.848783 ], [ 107.987394, 13.848809 ], [ 107.987708, 13.848855 ], [ 107.987708, 13.848855 ], [ 107.98792, 13.848884 ], [ 107.987922, 13.848884 ], [ 107.988061, 13.848888 ], [ 107.988061, 13.848888 ], [ 107.988062, 13.848888 ], [ 107.988175, 13.848879 ], [ 107.988182, 13.849804 ], [ 107.988182, 13.849804 ], [ 107.988052, 13.849827 ], [ 107.987924, 13.849873 ], [ 107.987793, 13.849943 ], [ 107.987745, 13.850053 ], [ 107.987635, 13.850116 ], [ 107.98756, 13.850137 ], [ 107.98742, 13.850183 ], [ 107.987244, 13.85016 ], [ 107.986961, 13.850203 ], [ 107.986408, 13.848756 ], [ 107.986416, 13.848754 ] ] ], [ [ [ 107.989521, 13.848856 ], [ 107.989378, 13.848976 ], [ 107.98933, 13.849067 ], [ 107.989329, 13.849309 ], [ 107.989381, 13.849489 ], [ 107.989109, 13.849587 ], [ 107.988998, 13.849627 ], [ 107.988905, 13.849678 ], [ 107.988928, 13.849802 ], [ 107.988862, 13.84981 ], [ 107.988859, 13.849812 ], [ 107.988816, 13.849818 ], [ 107.988711, 13.84983 ], [ 107.988571, 13.849812 ], [ 107.988497, 13.84978 ], [ 107.98841, 13.849749 ], [ 107.988252, 13.849792 ], [ 107.9882, 13.849801 ], [ 107.988194, 13.848878 ], [ 107.988308, 13.848868 ], [ 107.988309, 13.848868 ], [ 107.988588, 13.84882 ], [ 107.988589, 13.84882 ], [ 107.988902, 13.848739 ], [ 107.988903, 13.848739 ], [ 107.989137, 13.848669 ], [ 107.989188, 13.848656 ], [ 107.989207, 13.848651 ], [ 107.989366, 13.848611 ], [ 107.989367, 13.848611 ], [ 107.989421, 13.848591 ], [ 107.989521, 13.848856 ] ] ] ] } },
{ "type": "Feature", "properties": { "LONGTITUDE": 107.988593, "LATITUDE": 13.844337, "ALTITUDE": "", "LOT": "7", "AREA": 7.73, "PLANT_NO": "", "PLANT_YEAR": "", "RAINFALL": 2200.0, "T_MIN": 12.0, "T_MAX": 39.0, "T_AVERAGE": 26.0, "SOIL_TYPE": "Ferralsols", "SLOPE": "", "DEPTH": "", "PH": "", "EC": "", "CEC": "", "OM": "", "N_TS": "", "P2O5_TS": "", "P2O5_DT": "", "K2O_TS": "", "K2O_DT": "", "Canxi": "", "Magie": "", "DENSITY": "", "BULK_DENSI": "", "POROSITY": "", "CLAY": "", "LOAM": "", "SAND": "" }, "geometry": { "type": "MultiPolygon", "coordinates": [ [ [ [ 107.988034, 13.844793 ], [ 107.987972, 13.843598 ], [ 107.988008, 13.843554 ], [ 107.988008, 13.843394 ], [ 107.987871, 13.843394 ], [ 107.987875, 13.843057 ], [ 107.988474, 13.843073 ], [ 107.988474, 13.843145 ], [ 107.988389, 13.843142 ], [ 107.988373, 13.843407 ], [ 107.988553, 13.843409 ], [ 107.988552, 13.843459 ], [ 107.988551, 13.843547 ], [ 107.988551, 13.84355 ], [ 107.988589, 13.84355 ], [ 107.988644, 13.843545 ], [ 107.989156, 13.843501 ], [ 107.989165, 13.843703 ], [ 107.989166, 13.843704 ], [ 107.989183, 13.843836 ], [ 107.98924, 13.844267 ], [ 107.989315, 13.845531 ], [ 107.98844, 13.845602 ], [ 107.988179, 13.845617 ], [ 107.988178, 13.845611 ], [ 107.988018, 13.844793 ], [ 107.98799, 13.844793 ], [ 107.988034, 13.844793 ] ] ], [ [ [ 107.989169, 13.8435 ], [ 107.989171, 13.8435 ], [ 107.989171, 13.8435 ], [ 107.989169, 13.8435 ], [ 107.989169, 13.8435 ] ] ], [ [ [ 107.986983, 13.846255 ], [ 107.986991, 13.845863 ], [ 107.987002, 13.845725 ], [ 107.987788, 13.845671 ], [ 107.988123, 13.845648 ], [ 107.988175, 13.845644 ], [ 107.988439, 13.845629 ], [ 107.989317, 13.845558 ], [ 107.989321, 13.845658 ], [ 107.989321, 13.845667 ], [ 107.989367, 13.846706 ], [ 107.989367, 13.84676 ], [ 107.989332, 13.846758 ], [ 107.989332, 13.846759 ], [ 107.989318, 13.846758 ], [ 107.989318, 13.846757 ], [ 107.989318, 13.846757 ], [ 107.989317, 13.846757 ], [ 107.989295, 13.846757 ], [ 107.989302, 13.846757 ], [ 107.986976, 13.846656 ], [ 107.986983, 13.846255 ] ] ], [ [ [ 107.987095, 13.843658 ], [ 107.987095, 13.843658 ], [ 107.987101, 13.843453 ], [ 107.987113, 13.84303 ], [ 107.987113, 13.843029 ], [ 107.987113, 13.843028 ], [ 107.98734, 13.843016 ], [ 107.987414, 13.843015 ], [ 107.987404, 13.843234 ], [ 107.987361, 13.843737 ], [ 107.987158, 13.84375 ], [ 107.987127, 13.844791 ], [ 107.98799, 13.844793 ], [ 107.98815, 13.845615 ], [ 107.988151, 13.845619 ], [ 107.987365, 13.845673 ], [ 107.987014, 13.845698 ], [ 107.987007, 13.845365 ], [ 107.987095, 13.843658 ] ] ] ] } },
{ "type": "Feature", "properties": { "LONGTITUDE": 107.979098, "LATITUDE": 13.839076, "ALTITUDE": "", "LOT": "18", "AREA": 6.66, "PLANT_NO": "", "PLANT_YEAR": "", "RAINFALL": 2200.0, "T_MIN": 12.0, "T_MAX": 39.0, "T_AVERAGE": 26.0, "SOIL_TYPE": "Ferralsols", "SLOPE": "", "DEPTH": "", "PH": "", "EC": "", "CEC": "", "OM": "", "N_TS": "", "P2O5_TS": "", "P2O5_DT": "", "K2O_TS": "", "K2O_DT": "", "Canxi": "", "Magie": "", "DENSITY": "", "BULK_DENSI": "", "POROSITY": "", "CLAY": "", "LOAM": "", "SAND": "" }, "geometry": { "type": "MultiPolygon", "coordinates": [ [ [ [ 107.979219, 13.839794 ], [ 107.979197, 13.839779 ], [ 107.979197, 13.839779 ], [ 107.97848, 13.839287 ], [ 107.978507, 13.839237 ], [ 107.978894, 13.838274 ], [ 107.979717, 13.838858 ], [ 107.979432, 13.839628 ], [ 107.979432, 13.839628 ], [ 107.979426, 13.839642 ], [ 107.979336, 13.839877 ], [ 107.979219, 13.839794 ] ] ], [ [ [ 107.979733, 13.838869 ], [ 107.98048, 13.839401 ], [ 107.980203, 13.840177 ], [ 107.980177, 13.840157 ], [ 107.980177, 13.840157 ], [ 107.980055, 13.840064 ], [ 107.980004, 13.840025 ], [ 107.980004, 13.840025 ], [ 107.979966, 13.839996 ], [ 107.979523, 13.839701 ], [ 107.979442, 13.839652 ], [ 107.979733, 13.838869 ] ] ], [ [ [ 107.980118, 13.837833 ], [ 107.980642, 13.838193 ], [ 107.98086, 13.838342 ], [ 107.980487, 13.839383 ], [ 107.97974, 13.838852 ], [ 107.980118, 13.837833 ] ] ], [ [ [ 107.980496, 13.839412 ], [ 107.981163, 13.839886 ], [ 107.98108, 13.840134 ], [ 107.980803, 13.840916 ], [ 107.980129, 13.840438 ], [ 107.980496, 13.839412 ] ] ], [ [ [ 107.980875, 13.838352 ], [ 107.981002, 13.838439 ], [ 107.981002, 13.838439 ], [ 107.981555, 13.838818 ], [ 107.981556, 13.838819 ], [ 107.981558, 13.83882 ], [ 107.981322, 13.839412 ], [ 107.981321, 13.839413 ], [ 107.981169, 13.839868 ], [ 107.980503, 13.839394 ], [ 107.980875, 13.838352 ] ] ], [ [ [ 107.979068, 13.837841 ], [ 107.979269, 13.837341 ], [ 107.979299, 13.837272 ], [ 107.980102, 13.837823 ], [ 107.979724, 13.838841 ], [ 107.978901, 13.838256 ], [ 107.979068, 13.837841 ] ] ] ] } },
{ "type": "Feature", "properties": { "LONGTITUDE": 107.985633, "LATITUDE": 13.840092, "ALTITUDE": "", "LOT": "15", "AREA": 7.59, "PLANT_NO": "", "PLANT_YEAR": "", "RAINFALL": 2200.0, "T_MIN": 12.0, "T_MAX": 39.0, "T_AVERAGE": 26.0, "SOIL_TYPE": "Ferralsols", "SLOPE": "", "DEPTH": "", "PH": "", "EC": "", "CEC": "", "OM": "", "N_TS": "", "P2O5_TS": "", "P2O5_DT": "", "K2O_TS": "", "K2O_DT": "", "Canxi": "", "Magie": "", "DENSITY": "", "BULK_DENSI": "", "POROSITY": "", "CLAY": "", "LOAM": "", "SAND": "" }, "geometry": { "type": "MultiPolygon", "coordinates": [ [ [ [ 107.985702, 13.839509 ], [ 107.986381, 13.839575 ], [ 107.986382, 13.839575 ], [ 107.986384, 13.839574 ], [ 107.986383, 13.840423 ], [ 107.98638, 13.840674 ], [ 107.984881, 13.840602 ], [ 107.985702, 13.839509 ] ] ], [ [ [ 107.984317, 13.840181 ], [ 107.984326, 13.840187 ], [ 107.984851, 13.840611 ], [ 107.984066, 13.841613 ], [ 107.983842, 13.841421 ], [ 107.983827, 13.841408 ], [ 107.983818, 13.841389 ], [ 107.983738, 13.841194 ], [ 107.984317, 13.840181 ] ] ], [ [ [ 107.984413, 13.838558 ], [ 107.984533, 13.838637 ], [ 107.984845, 13.838857 ], [ 107.984846, 13.838858 ], [ 107.984994, 13.838957 ], [ 107.984311, 13.840155 ], [ 107.983792, 13.839808 ], [ 107.984413, 13.838558 ] ] ], [ [ [ 107.98501, 13.838967 ], [ 107.985126, 13.839044 ], [ 107.985343, 13.839192 ], [ 107.985487, 13.839303 ], [ 107.985489, 13.839304 ], [ 107.985597, 13.839367 ], [ 107.985598, 13.839368 ], [ 107.9856, 13.839368 ], [ 107.985652, 13.839389 ], [ 107.985657, 13.83939 ], [ 107.985657, 13.83939 ], [ 107.985696, 13.839388 ], [ 107.985703, 13.839386 ], [ 107.985705, 13.839385 ], [ 107.985709, 13.839382 ], [ 107.985715, 13.839377 ], [ 107.985689, 13.839496 ], [ 107.984862, 13.840597 ], [ 107.984338, 13.840173 ], [ 107.984337, 13.840173 ], [ 107.984326, 13.840165 ], [ 107.98501, 13.838967 ] ] ], [ [ [ 107.984672, 13.838442 ], [ 107.984683, 13.838416 ], [ 107.984708, 13.838393 ], [ 107.984761, 13.838365 ], [ 107.984819, 13.838347 ], [ 107.984898, 13.838339 ], [ 107.985021, 13.838356 ], [ 107.985134, 13.838381 ], [ 107.985221, 13.838436 ], [ 107.985419, 13.838582 ], [ 107.985604, 13.838719 ], [ 107.985605, 13.83872 ], [ 107.985719, 13.838785 ], [ 107.985719, 13.838785 ], [ 107.985769, 13.838814 ], [ 107.98577, 13.838815 ], [ 107.985771, 13.838815 ], [ 107.985829, 13.838841 ], [ 107.985831, 13.838842 ], [ 107.985737, 13.839276 ], [ 107.985708, 13.839225 ], [ 107.985708, 13.839225 ], [ 107.985704, 13.83922 ], [ 107.98563, 13.839169 ], [ 107.985623, 13.839163 ], [ 107.985622, 13.839162 ], [ 107.985602, 13.839149 ], [ 107.985601, 13.839148 ], [ 107.985518, 13.83909 ], [ 107.985478, 13.839062 ], [ 107.985423, 13.83902 ], [ 107.985421, 13.83902 ], [ 107.985407, 13.839011 ], [ 107.985139, 13.838818 ], [ 107.985139, 13.838818 ], [ 107.984888, 13.838647 ], [ 107.984888, 13.838647 ], [ 107.984771, 13.838577 ], [ 107.9847, 13.838529 ], [ 107.984684, 13.838511 ], [ 107.98467, 13.838472 ], [ 107.984672, 13.838442 ] ] ], [ [ [ 107.98585, 13.838844 ], [ 107.985887, 13.838847 ], [ 107.985888, 13.838847 ], [ 107.985894, 13.838846 ], [ 107.985934, 13.838828 ], [ 107.985936, 13.838828 ], [ 107.985941, 13.838823 ], [ 107.985942, 13.83882 ], [ 107.985958, 13.838768 ], [ 107.985959, 13.838765 ], [ 107.985971, 13.838648 ], [ 107.985984, 13.838606 ], [ 107.986013, 13.838578 ], [ 107.986055, 13.838572 ], [ 107.986159, 13.83859 ], [ 107.98617, 13.838594 ], [ 107.986281, 13.838635 ], [ 107.986307, 13.838665 ], [ 107.986315, 13.838683 ], [ 107.986335, 13.838783 ], [ 107.986371, 13.838964 ], [ 107.986374, 13.838997 ], [ 107.986375, 13.839 ], [ 107.986384, 13.839027 ], [ 107.986384, 13.839027 ], [ 107.986384, 13.839557 ], [ 107.986383, 13.839557 ], [ 107.985709, 13.839492 ], [ 107.98585, 13.838844 ] ] ], [ [ [ 107.98351, 13.83957 ], [ 107.983477, 13.839333 ], [ 107.983477, 13.839333 ], [ 107.98341, 13.83907 ], [ 107.983427, 13.838762 ], [ 107.983465, 13.838606 ], [ 107.983502, 13.838459 ], [ 107.983542, 13.838375 ], [ 107.983611, 13.838364 ], [ 107.983614, 13.838363 ], [ 107.983681, 13.838336 ], [ 107.98374, 13.838329 ], [ 107.98385, 13.838324 ], [ 107.98385, 13.838324 ], [ 107.983857, 13.838323 ], [ 107.98395, 13.838319 ], [ 107.984088, 13.838335 ], [ 107.984154, 13.838367 ], [ 107.984234, 13.838437 ], [ 107.984236, 13.838438 ], [ 107.984398, 13.838547 ], [ 107.983776, 13.839797 ], [ 107.983517, 13.839624 ], [ 107.98351, 13.83957 ] ] ], [ [ [ 107.983656, 13.840311 ], [ 107.983663, 13.840031 ], [ 107.983539, 13.839791 ], [ 107.983521, 13.839648 ], [ 107.983774, 13.839818 ], [ 107.984301, 13.840171 ], [ 107.983729, 13.841173 ], [ 107.98367, 13.841027 ], [ 107.98365, 13.84079 ], [ 107.98366, 13.840559 ], [ 107.98366, 13.840539 ], [ 107.98366, 13.840539 ], [ 107.98366, 13.840539 ], [ 107.983659, 13.840515 ], [ 107.983659, 13.840515 ], [ 107.983656, 13.840311 ] ] ] ] } },
{ "type": "Feature", "properties": { "LONGTITUDE": 107.991127, "LATITUDE": 13.84088, "ALTITUDE": "", "LOT": "11", "AREA": 6.45, "PLANT_NO": "", "PLANT_YEAR": "", "RAINFALL": 2200.0, "T_MIN": 12.0, "T_MAX": 39.0, "T_AVERAGE": 26.0, "SOIL_TYPE": "Ferralsols", "SLOPE": "", "DEPTH": "", "PH": "", "EC": "", "CEC": "", "OM": "", "N_TS": "", "P2O5_TS": "", "P2O5_DT": "", "K2O_TS": "", "K2O_DT": "", "Canxi": "", "Magie": "", "DENSITY": "", "BULK_DENSI": "", "POROSITY": "", "CLAY": "", "LOAM": "", "SAND": "" }, "geometry": { "type": "MultiPolygon", "coordinates": [ [ [ [ 107.990944, 13.839798 ], [ 107.990945, 13.839798 ], [ 107.991356, 13.8398 ], [ 107.991356, 13.839805 ], [ 107.991356, 13.839805 ], [ 107.99137, 13.840143 ], [ 107.991374, 13.840359 ], [ 107.991374, 13.84036 ], [ 107.991375, 13.840373 ], [ 107.991375, 13.840374 ], [ 107.991375, 13.840375 ], [ 107.991377, 13.840387 ], [ 107.991377, 13.840387 ], [ 107.991377, 13.840388 ], [ 107.991381, 13.840407 ], [ 107.991381, 13.840411 ], [ 107.991381, 13.840435 ], [ 107.991381, 13.840443 ], [ 107.991381, 13.840444 ], [ 107.991492, 13.841893 ], [ 107.991495, 13.841939 ], [ 107.990887, 13.841971 ], [ 107.990876, 13.841851 ], [ 107.99086, 13.841536 ], [ 107.990857, 13.841201 ], [ 107.990842, 13.84096 ], [ 107.99083, 13.840677 ], [ 107.990806, 13.840417 ], [ 107.99079, 13.840289 ], [ 107.990765, 13.83989 ], [ 107.990759, 13.839789 ], [ 107.990944, 13.839798 ] ] ], [ [ [ 107.98951, 13.842157 ], [ 107.989462, 13.841363 ], [ 107.990604, 13.841338 ], [ 107.990605, 13.841338 ], [ 107.990616, 13.84163 ], [ 107.990616, 13.84163 ], [ 107.990636, 13.841998 ], [ 107.990636, 13.841999 ], [ 107.990648, 13.84209 ], [ 107.98951, 13.842157 ] ] ], [ [ [ 107.99065, 13.842107 ], [ 107.990685, 13.842371 ], [ 107.990712, 13.84272 ], [ 107.990716, 13.842924 ], [ 107.989592, 13.842922 ], [ 107.989557, 13.842923 ], [ 107.989557, 13.842922 ], [ 107.989511, 13.842175 ], [ 107.99065, 13.842107 ] ] ], [ [ [ 107.990764, 13.83989 ], [ 107.990764, 13.83989 ], [ 107.990764, 13.83989 ], [ 107.990764, 13.83989 ], [ 107.990765, 13.83989 ], [ 107.990765, 13.83989 ], [ 107.990764, 13.83989 ] ] ], [ [ [ 107.991496, 13.841966 ], [ 107.991499, 13.842005 ], [ 107.991499, 13.842007 ], [ 107.991554, 13.842909 ], [ 107.991554, 13.842909 ], [ 107.991555, 13.842909 ], [ 107.991531, 13.842911 ], [ 107.991273, 13.842913 ], [ 107.990949, 13.842931 ], [ 107.990936, 13.842654 ], [ 107.99091, 13.842215 ], [ 107.99089, 13.841998 ], [ 107.991496, 13.841966 ] ] ], [ [ [ 107.989418, 13.840384 ], [ 107.989407, 13.840094 ], [ 107.989404, 13.839823 ], [ 107.989404, 13.839822 ], [ 107.989403, 13.839796 ], [ 107.989666, 13.839805 ], [ 107.989667, 13.839805 ], [ 107.989986, 13.839802 ], [ 107.989986, 13.839802 ], [ 107.99039, 13.839786 ], [ 107.990525, 13.839782 ], [ 107.990525, 13.839783 ], [ 107.990526, 13.839794 ], [ 107.990526, 13.839795 ], [ 107.990582, 13.840516 ], [ 107.989424, 13.840567 ], [ 107.989418, 13.840384 ], [ 107.989418, 13.840384 ] ] ], [ [ [ 107.989425, 13.840585 ], [ 107.990584, 13.840534 ], [ 107.990597, 13.840703 ], [ 107.990606, 13.840997 ], [ 107.990604, 13.841319 ], [ 107.990604, 13.84132 ], [ 107.990604, 13.84132 ], [ 107.990604, 13.84132 ], [ 107.989461, 13.841345 ], [ 107.989425, 13.840772 ], [ 107.989425, 13.840614 ], [ 107.989425, 13.840614 ], [ 107.989425, 13.840585 ] ] ] ] } },
{ "type": "Feature", "properties": { "LONGTITUDE": 107.982422, "LATITUDE": 13.847443, "ALTITUDE": "", "LOT": "28", "AREA": 4.95, "PLANT_NO": "", "PLANT_YEAR": "", "RAINFALL": 2200.0, "T_MIN": 12.0, "T_MAX": 39.0, "T_AVERAGE": 26.0, "SOIL_TYPE": "Ferralsols", "SLOPE": "", "DEPTH": "", "PH": "", "EC": "", "CEC": "", "OM": "", "N_TS": "", "P2O5_TS": "", "P2O5_DT": "", "K2O_TS": "", "K2O_DT": "", "Canxi": "", "Magie": "", "DENSITY": "", "BULK_DENSI": "", "POROSITY": "", "CLAY": "", "LOAM": "", "SAND": "" }, "geometry": { "type": "MultiPolygon", "coordinates": [ [ [ [ 107.982096, 13.847437 ], [ 107.982378, 13.846604 ], [ 107.982948, 13.846946 ], [ 107.982952, 13.846948 ], [ 107.982952, 13.846948 ], [ 107.982971, 13.846959 ], [ 107.982927, 13.847445 ], [ 107.982926, 13.847446 ], [ 107.982928, 13.847453 ], [ 107.982933, 13.847458 ], [ 107.98266, 13.848276 ], [ 107.982687, 13.848282 ], [ 107.982313, 13.848199 ], [ 107.981872, 13.848099 ], [ 107.982096, 13.847437 ] ] ], [ [ [ 107.981338, 13.846979 ], [ 107.982076, 13.847438 ], [ 107.981854, 13.848095 ], [ 107.981791, 13.848081 ], [ 107.981645, 13.848045 ], [ 107.981642, 13.848043 ], [ 107.981641, 13.848043 ], [ 107.98164, 13.848043 ], [ 107.981617, 13.848038 ], [ 107.981135, 13.847919 ], [ 107.980994, 13.847879 ], [ 107.981338, 13.846979 ] ] ], [ [ [ 107.982082, 13.847421 ], [ 107.981344, 13.846962 ], [ 107.981648, 13.846165 ], [ 107.982363, 13.846594 ], [ 107.982082, 13.847421 ] ] ], [ [ [ 107.982819, 13.848311 ], [ 107.982817, 13.848311 ], [ 107.982816, 13.848311 ], [ 107.98281, 13.848309 ], [ 107.982819, 13.848311 ] ] ], [ [ [ 107.98294, 13.847459 ], [ 107.983028, 13.847462 ], [ 107.983028, 13.847462 ], [ 107.98294, 13.847459 ] ] ], [ [ [ 107.980363, 13.847263 ], [ 107.980619, 13.846533 ], [ 107.981322, 13.846969 ], [ 107.980976, 13.847874 ], [ 107.980614, 13.847771 ], [ 107.980374, 13.847699 ], [ 107.980225, 13.847653 ], [ 107.980363, 13.847263 ] ] ], [ [ [ 107.980906, 13.84572 ], [ 107.980992, 13.845771 ], [ 107.98104, 13.8458 ], [ 107.981632, 13.846156 ], [ 107.981328, 13.846952 ], [ 107.980626, 13.846515 ], [ 107.980906, 13.84572 ] ] ] ] } },
{ "type": "Feature", "properties": { "LONGTITUDE": 107.982464, "LATITUDE": 13.843256, "ALTITUDE": "", "LOT": "31", "AREA": 5.59, "PLANT_NO": "", "PLANT_YEAR": "", "RAINFALL": 2200.0, "T_MIN": 12.0, "T_MAX": 39.0, "T_AVERAGE": 26.0, "SOIL_TYPE": "Ferralsols", "SLOPE": "", "DEPTH": "", "PH": "", "EC": "", "CEC": "", "OM": "", "N_TS": "", "P2O5_TS": "", "P2O5_DT": "", "K2O_TS": "", "K2O_DT": "", "Canxi": "", "Magie": "", "DENSITY": "", "BULK_DENSI": "", "POROSITY": "", "CLAY": "", "LOAM": "", "SAND": "" }, "geometry": { "type": "MultiPolygon", "coordinates": [ [ [ [ 107.982286, 13.842095 ], [ 107.983038, 13.842643 ], [ 107.983038, 13.842643 ], [ 107.983133, 13.842713 ], [ 107.983132, 13.842785 ], [ 107.983077, 13.844417 ], [ 107.981795, 13.843584 ], [ 107.982286, 13.842095 ] ] ], [ [ [ 107.980266, 13.842589 ], [ 107.980452, 13.842053 ], [ 107.98083, 13.841035 ], [ 107.980832, 13.841037 ], [ 107.981597, 13.841594 ], [ 107.981597, 13.841594 ], [ 107.981018, 13.843078 ], [ 107.980266, 13.842589 ] ] ], [ [ [ 107.981613, 13.841605 ], [ 107.98227, 13.842084 ], [ 107.981779, 13.843573 ], [ 107.981033, 13.843088 ], [ 107.981613, 13.841605 ] ] ] ] } },
{ "type": "Feature", "properties": { "LONGTITUDE": 107.994897, "LATITUDE": 13.843698, "ALTITUDE": "", "LOT": "", "AREA": 0.78, "PLANT_NO": "", "PLANT_YEAR": "", "RAINFALL": 2200.0, "T_MIN": 12.0, "T_MAX": 39.0, "T_AVERAGE": 26.0, "SOIL_TYPE": "Ferralsols", "SLOPE": "", "DEPTH": "", "PH": "", "EC": "", "CEC": "", "OM": "", "N_TS": "", "P2O5_TS": "", "P2O5_DT": "", "K2O_TS": "", "K2O_DT": "", "Canxi": "", "Magie": "", "DENSITY": "", "BULK_DENSI": "", "POROSITY": "", "CLAY": "", "LOAM": "", "SAND": "" }, "geometry": { "type": "Polygon", "coordinates": [ [ [ 107.994717, 13.842733 ], [ 107.995022, 13.842693 ], [ 107.995033, 13.842692 ], [ 107.995037, 13.842785 ], [ 107.995037, 13.842785 ], [ 107.995052, 13.84304 ], [ 107.995064, 13.843564 ], [ 107.995064, 13.843564 ], [ 107.995076, 13.844035 ], [ 107.995076, 13.844562 ], [ 107.995068, 13.844697 ], [ 107.995068, 13.844703 ], [ 107.99472, 13.844688 ], [ 107.994731, 13.844581 ], [ 107.994731, 13.84458 ], [ 107.994762, 13.843884 ], [ 107.994762, 13.843884 ], [ 107.994761, 13.843881 ], [ 107.994764, 13.843878 ], [ 107.994765, 13.843877 ], [ 107.994767, 13.84387 ], [ 107.994767, 13.84387 ], [ 107.994767, 13.843859 ], [ 107.994767, 13.843838 ], [ 107.994767, 13.843835 ], [ 107.994746, 13.843754 ], [ 107.994742, 13.843725 ], [ 107.994729, 13.843631 ], [ 107.994725, 13.843543 ], [ 107.994726, 13.843528 ], [ 107.994727, 13.843497 ], [ 107.994727, 13.843497 ], [ 107.994729, 13.843433 ], [ 107.994733, 13.843308 ], [ 107.994733, 13.843307 ], [ 107.994735, 13.843184 ], [ 107.994736, 13.843121 ], [ 107.994736, 13.843121 ], [ 107.994736, 13.84312 ], [ 107.994736, 13.843119 ], [ 107.994729, 13.84308 ], [ 107.99472, 13.842778 ], [ 107.99472, 13.842778 ], [ 107.994718, 13.842735 ], [ 107.994717, 13.842733 ], [ 107.994717, 13.842733 ] ] ] } },
{ "type": "Feature", "properties": { "LONGTITUDE": 107.988118, "LATITUDE": 13.855145, "ALTITUDE": "", "LOT": "54", "AREA": 4.51, "PLANT_NO": "", "PLANT_YEAR": "", "RAINFALL": 2200.0, "T_MIN": 12.0, "T_MAX": 39.0, "T_AVERAGE": 26.0, "SOIL_TYPE": "Ferralsols", "SLOPE": "", "DEPTH": "", "PH": "", "EC": "", "CEC": "", "OM": "", "N_TS": "", "P2O5_TS": "", "P2O5_DT": "", "K2O_TS": "", "K2O_DT": "", "Canxi": "", "Magie": "", "DENSITY": "", "BULK_DENSI": "", "POROSITY": "", "CLAY": "", "LOAM": "", "SAND": "" }, "geometry": { "type": "MultiPolygon", "coordinates": [ [ [ [ 107.988712, 13.854678 ], [ 107.988749, 13.855496 ], [ 107.987539, 13.855612 ], [ 107.987486, 13.854788 ], [ 107.988712, 13.854678 ] ] ], [ [ [ 107.98968, 13.853789 ], [ 107.98968, 13.853789 ], [ 107.989715, 13.853786 ], [ 107.989743, 13.853783 ], [ 107.98979, 13.853779 ], [ 107.989793, 13.853796 ], [ 107.989834, 13.854012 ], [ 107.98983, 13.854356 ], [ 107.98983, 13.854357 ], [ 107.989831, 13.85456 ], [ 107.98873, 13.854658 ], [ 107.988695, 13.853876 ], [ 107.98968, 13.853789 ] ] ], [ [ [ 107.989831, 13.854578 ], [ 107.989831, 13.854728 ], [ 107.989832, 13.85473 ], [ 107.989865, 13.85504 ], [ 107.989874, 13.855261 ], [ 107.989878, 13.855388 ], [ 107.989822, 13.855394 ], [ 107.989822, 13.855394 ], [ 107.989794, 13.855396 ], [ 107.988768, 13.855494 ], [ 107.988731, 13.854676 ], [ 107.989831, 13.854578 ] ] ], [ [ [ 107.987435, 13.853986 ], [ 107.987436, 13.853986 ], [ 107.988676, 13.853877 ], [ 107.988711, 13.85466 ], [ 107.987485, 13.85477 ], [ 107.987435, 13.853986 ] ] ] ] } },
{ "type": "Feature", "properties": { "LONGTITUDE": 107.98782, "LATITUDE": 13.851796, "ALTITUDE": "", "LOT": "56", "AREA": 4.78, "PLANT_NO": "", "PLANT_YEAR": "", "RAINFALL": 2200.0, "T_MIN": 12.0, "T_MAX": 39.0, "T_AVERAGE": 26.0, "SOIL_TYPE": "Ferralsols", "SLOPE": "", "DEPTH": "", "PH": "", "EC": "", "CEC": "", "OM": "", "N_TS": "", "P2O5_TS": "", "P2O5_DT": "", "K2O_TS": "", "K2O_DT": "", "Canxi": "", "Magie": "", "DENSITY": "", "BULK_DENSI": "", "POROSITY": "", "CLAY": "", "LOAM": "", "SAND": "" }, "geometry": { "type": "MultiPolygon", "coordinates": [ [ [ [ 107.987096, 13.851538 ], [ 107.987102, 13.851539 ], [ 107.987116, 13.851536 ], [ 107.987122, 13.851531 ], [ 107.987189, 13.851467 ], [ 107.98847, 13.851385 ], [ 107.988584, 13.852142 ], [ 107.987224, 13.852201 ], [ 107.987175, 13.852203 ], [ 107.987066, 13.852208 ], [ 107.987056, 13.851529 ], [ 107.987096, 13.851538 ] ] ], [ [ [ 107.985441, 13.852266 ], [ 107.985443, 13.852263 ], [ 107.985446, 13.852259 ], [ 107.985447, 13.852259 ], [ 107.985516, 13.852163 ], [ 107.985571, 13.852119 ], [ 107.985842, 13.852008 ], [ 107.985843, 13.852008 ], [ 107.986397, 13.851766 ], [ 107.986768, 13.851632 ], [ 107.98677, 13.851631 ], [ 107.986963, 13.851548 ], [ 107.987031, 13.851523 ], [ 107.987037, 13.851525 ], [ 107.987047, 13.852209 ], [ 107.986, 13.852255 ], [ 107.985461, 13.852278 ], [ 107.985432, 13.852279 ], [ 107.985432, 13.852279 ], [ 107.985431, 13.85228 ], [ 107.985431, 13.85228 ], [ 107.985441, 13.852266 ] ] ], [ [ [ 107.9884, 13.850809 ], [ 107.988435, 13.850805 ], [ 107.988439, 13.850804 ], [ 107.988683, 13.850735 ], [ 107.988688, 13.850734 ], [ 107.989175, 13.850489 ], [ 107.989176, 13.850489 ], [ 107.989447, 13.85035 ], [ 107.989459, 13.850343 ], [ 107.98946, 13.850343 ], [ 107.989464, 13.85034 ], [ 107.989476, 13.850331 ], [ 107.989476, 13.850332 ], [ 107.989477, 13.850333 ], [ 107.989477, 13.850333 ], [ 107.989477, 13.850333 ], [ 107.989485, 13.850345 ], [ 107.989491, 13.850355 ], [ 107.989492, 13.850356 ], [ 107.989578, 13.850489 ], [ 107.989599, 13.850821 ], [ 107.989628, 13.851293 ], [ 107.988485, 13.851366 ], [ 107.9884, 13.850809 ] ] ], [ [ [ 107.989629, 13.851311 ], [ 107.989641, 13.851508 ], [ 107.989642, 13.851511 ], [ 107.989645, 13.851522 ], [ 107.989681, 13.851655 ], [ 107.989685, 13.85167 ], [ 107.989697, 13.851713 ], [ 107.989702, 13.851733 ], [ 107.989705, 13.851745 ], [ 107.989705, 13.851745 ], [ 107.989708, 13.851754 ], [ 107.989663, 13.851788 ], [ 107.989659, 13.851791 ], [ 107.989657, 13.851797 ], [ 107.989647, 13.851891 ], [ 107.989647, 13.851892 ], [ 107.989647, 13.851894 ], [ 107.98966, 13.852021 ], [ 107.989659, 13.852021 ], [ 107.989505, 13.852102 ], [ 107.989465, 13.852104 ], [ 107.988603, 13.852141 ], [ 107.988488, 13.851384 ], [ 107.989629, 13.851311 ] ] ], [ [ [ 107.9873, 13.851361 ], [ 107.987301, 13.851359 ], [ 107.987417, 13.85123 ], [ 107.987419, 13.851228 ], [ 107.987544, 13.851054 ], [ 107.987638, 13.850943 ], [ 107.98783, 13.850897 ], [ 107.988162, 13.850838 ], [ 107.988382, 13.850811 ], [ 107.988467, 13.851367 ], [ 107.987209, 13.851447 ], [ 107.9873, 13.851361 ] ] ] ] } },
{ "type": "Feature", "properties": { "LONGTITUDE": 107.976171, "LATITUDE": 13.842228, "ALTITUDE": "", "LOT": "25", "AREA": 6.81, "PLANT_NO": "", "PLANT_YEAR": "", "RAINFALL": 2200.0, "T_MIN": 12.0, "T_MAX": 39.0, "T_AVERAGE": 26.0, "SOIL_TYPE": "Ferralsols", "SLOPE": "", "DEPTH": "", "PH": "", "EC": "", "CEC": "", "OM": "", "N_TS": "", "P2O5_TS": "", "P2O5_DT": "", "K2O_TS": "", "K2O_DT": "", "Canxi": "", "Magie": "", "DENSITY": "", "BULK_DENSI": "", "POROSITY": "", "CLAY": "", "LOAM": "", "SAND": "" }, "geometry": { "type": "MultiPolygon", "coordinates": [ [ [ [ 107.975194, 13.841447 ], [ 107.975703, 13.840793 ], [ 107.977258, 13.841872 ], [ 107.977258, 13.841872 ], [ 107.977317, 13.841913 ], [ 107.977543, 13.84207 ], [ 107.977543, 13.84207 ], [ 107.977613, 13.842118 ], [ 107.977029, 13.843662 ], [ 107.976932, 13.843579 ], [ 107.976931, 13.843579 ], [ 107.976608, 13.843321 ], [ 107.976312, 13.84306 ], [ 107.976311, 13.843058 ], [ 107.976235, 13.842972 ], [ 107.976232, 13.84297 ], [ 107.975993, 13.842828 ], [ 107.975993, 13.842828 ], [ 107.975993, 13.842827 ], [ 107.975608, 13.842633 ], [ 107.975274, 13.842451 ], [ 107.974968, 13.842246 ], [ 107.974728, 13.842064 ], [ 107.975194, 13.841447 ] ] ], [ [ [ 107.974259, 13.842723 ], [ 107.974451, 13.842466 ], [ 107.974452, 13.842465 ], [ 107.974712, 13.842086 ], [ 107.974952, 13.842268 ], [ 107.974952, 13.842268 ], [ 107.975259, 13.842474 ], [ 107.97526, 13.842474 ], [ 107.975595, 13.842657 ], [ 107.975595, 13.842657 ], [ 107.975979, 13.842851 ], [ 107.976216, 13.842991 ], [ 107.976282, 13.843068 ], [ 107.976077, 13.843222 ], [ 107.975839, 13.843401 ], [ 107.975839, 13.843401 ], [ 107.975641, 13.843555 ], [ 107.975639, 13.843556 ], [ 107.975516, 13.84368 ], [ 107.975368, 13.843811 ], [ 107.97534, 13.843828 ], [ 107.975313, 13.843832 ], [ 107.975296, 13.843831 ], [ 107.975277, 13.843822 ], [ 107.975257, 13.843801 ], [ 107.975067, 13.843578 ], [ 107.975066, 13.843578 ], [ 107.97487, 13.843382 ], [ 107.97487, 13.843382 ], [ 107.974297, 13.842828 ], [ 107.974297, 13.842827 ], [ 107.974287, 13.842812 ], [ 107.974265, 13.842782 ], [ 107.974256, 13.842758 ], [ 107.974259, 13.842723 ] ] ] ] } },
{ "type": "Feature", "properties": { "LONGTITUDE": 107.928722, "LATITUDE": 13.90439, "ALTITUDE": "", "LOT": "13", "AREA": 8.39, "PLANT_NO": "", "PLANT_YEAR": "", "RAINFALL": 2200.0, "T_MIN": 12.0, "T_MAX": 39.0, "T_AVERAGE": 26.0, "SOIL_TYPE": "Ferralsols", "SLOPE": "", "DEPTH": "", "PH": "", "EC": "", "CEC": "", "OM": "", "N_TS": "", "P2O5_TS": "", "P2O5_DT": "", "K2O_TS": "", "K2O_DT": "", "Canxi": "", "Magie": "", "DENSITY": "", "BULK_DENSI": "", "POROSITY": "", "CLAY": "", "LOAM": "", "SAND": "" }, "geometry": { "type": "MultiPolygon", "coordinates": [ [ [ [ 107.927941, 13.903905 ], [ 107.928532, 13.903106 ], [ 107.928561, 13.903074 ], [ 107.928566, 13.903068 ], [ 107.928605, 13.903092 ], [ 107.928622, 13.903103 ], [ 107.929106, 13.9034 ], [ 107.929213, 13.903465 ], [ 107.929222, 13.903471 ], [ 107.929519, 13.903724 ], [ 107.93004, 13.904258 ], [ 107.929507, 13.904978 ], [ 107.928973, 13.905699 ], [ 107.928962, 13.905712 ], [ 107.927403, 13.904632 ], [ 107.927941, 13.903905 ] ] ], [ [ [ 107.925359, 13.90202 ], [ 107.925359, 13.90202 ], [ 107.925875, 13.902023 ], [ 107.925876, 13.902023 ], [ 107.926404, 13.901982 ], [ 107.926404, 13.901982 ], [ 107.926562, 13.901968 ], [ 107.926668, 13.901959 ], [ 107.926762, 13.901976 ], [ 107.926859, 13.902019 ], [ 107.926257, 13.902772 ], [ 107.926167, 13.90271 ], [ 107.926137, 13.90269 ], [ 107.925214, 13.902055 ], [ 107.925153, 13.902013 ], [ 107.925359, 13.90202 ] ] ], [ [ [ 107.926885, 13.90203 ], [ 107.926897, 13.902036 ], [ 107.927675, 13.902517 ], [ 107.928542, 13.903054 ], [ 107.92853, 13.903067 ], [ 107.928511, 13.903088 ], [ 107.92851, 13.903089 ], [ 107.92851, 13.903089 ], [ 107.92738, 13.904617 ], [ 107.92677, 13.904194 ], [ 107.92674, 13.904173 ], [ 107.926746, 13.904164 ], [ 107.926929, 13.903939 ], [ 107.927286, 13.9035 ], [ 107.9273, 13.903482 ], [ 107.927309, 13.903471 ], [ 107.927309, 13.903471 ], [ 107.927284, 13.903454 ], [ 107.927234, 13.903421 ], [ 107.927234, 13.903421 ], [ 107.926635, 13.903033 ], [ 107.92628, 13.902788 ], [ 107.926885, 13.90203 ] ] ] ] } },
{ "type": "Feature", "properties": { "LONGTITUDE": 107.992484, "LATITUDE": 13.851505, "ALTITUDE": "", "LOT": "46", "AREA": 8.23, "PLANT_NO": "", "PLANT_YEAR": "", "RAINFALL": 2200.0, "T_MIN": 12.0, "T_MAX": 39.0, "T_AVERAGE": 26.0, "SOIL_TYPE": "Ferralsols", "SLOPE": "", "DEPTH": "", "PH": "", "EC": "", "CEC": "", "OM": "", "N_TS": "", "P2O5_TS": "", "P2O5_DT": "", "K2O_TS": "", "K2O_DT": "", "Canxi": "", "Magie": "", "DENSITY": "", "BULK_DENSI": "", "POROSITY": "", "CLAY": "", "LOAM": "", "SAND": "" }, "geometry": { "type": "MultiPolygon", "coordinates": [ [ [ [ 107.99252, 13.851114 ], [ 107.9939, 13.85133 ], [ 107.993895, 13.851969 ], [ 107.99389, 13.852122 ], [ 107.993884, 13.852122 ], [ 107.993871, 13.85212 ], [ 107.993843, 13.852114 ], [ 107.993583, 13.852067 ], [ 107.992155, 13.851806 ], [ 107.992116, 13.851798 ], [ 107.992031, 13.851783 ], [ 107.991963, 13.851771 ], [ 107.991926, 13.851764 ], [ 107.991874, 13.851755 ], [ 107.991517, 13.851688 ], [ 107.991517, 13.851688 ], [ 107.991482, 13.851682 ], [ 107.991482, 13.851682 ], [ 107.991482, 13.851681 ], [ 107.991215, 13.85161 ], [ 107.991186, 13.851606 ], [ 107.99114, 13.851602 ], [ 107.99114, 13.851598 ], [ 107.991069, 13.850887 ], [ 107.99252, 13.851114 ] ] ], [ [ [ 107.989511, 13.850334 ], [ 107.989504, 13.850324 ], [ 107.989497, 13.850314 ], [ 107.989498, 13.850313 ], [ 107.9895, 13.850312 ], [ 107.989501, 13.850311 ], [ 107.989554, 13.850269 ], [ 107.989555, 13.850268 ], [ 107.989893, 13.849969 ], [ 107.989893, 13.849968 ], [ 107.99, 13.849866 ], [ 107.990104, 13.849786 ], [ 107.990258, 13.84972 ], [ 107.99026, 13.84972 ], [ 107.990323, 13.850908 ], [ 107.989635, 13.850948 ], [ 107.989633, 13.85093 ], [ 107.989606, 13.850483 ], [ 107.989605, 13.850482 ], [ 107.989604, 13.850477 ], [ 107.989604, 13.850477 ], [ 107.989604, 13.850477 ], [ 107.989536, 13.850372 ], [ 107.989511, 13.850334 ] ] ], [ [ [ 107.990324, 13.850926 ], [ 107.990357, 13.851547 ], [ 107.990331, 13.851546 ], [ 107.990331, 13.851546 ], [ 107.99033, 13.851546 ], [ 107.99033, 13.851546 ], [ 107.990329, 13.851546 ], [ 107.990329, 13.851546 ], [ 107.990223, 13.851546 ], [ 107.990218, 13.851547 ], [ 107.989952, 13.851673 ], [ 107.989733, 13.851742 ], [ 107.989729, 13.851726 ], [ 107.989725, 13.85171 ], [ 107.989725, 13.85171 ], [ 107.989722, 13.8517 ], [ 107.989718, 13.851686 ], [ 107.989713, 13.851665 ], [ 107.989707, 13.851645 ], [ 107.989702, 13.851626 ], [ 107.989669, 13.851505 ], [ 107.989657, 13.851308 ], [ 107.989659, 13.851305 ], [ 107.98966, 13.851301 ], [ 107.989659, 13.851296 ], [ 107.989656, 13.851293 ], [ 107.989636, 13.850966 ], [ 107.990324, 13.850926 ] ] ], [ [ [ 107.989956, 13.84987 ], [ 107.989886, 13.849652 ], [ 107.989896, 13.849627 ], [ 107.989925, 13.849561 ], [ 107.990252, 13.849439 ], [ 107.990401, 13.849392 ], [ 107.990496, 13.849384 ], [ 107.990496, 13.849384 ], [ 107.990562, 13.849378 ], [ 107.990547, 13.849417 ], [ 107.990436, 13.849695 ], [ 107.990407, 13.849689 ], [ 107.990252, 13.849693 ], [ 107.99009, 13.849763 ], [ 107.989982, 13.849846 ], [ 107.989956, 13.84987 ] ] ], [ [ [ 107.990341, 13.850907 ], [ 107.990279, 13.849719 ], [ 107.990404, 13.849716 ], [ 107.990594, 13.849758 ], [ 107.990758, 13.849801 ], [ 107.990766, 13.849803 ], [ 107.990952, 13.849998 ], [ 107.991039, 13.850867 ], [ 107.990341, 13.850907 ] ] ], [ [ [ 107.991041, 13.850885 ], [ 107.991112, 13.8516 ], [ 107.990982, 13.851589 ], [ 107.990981, 13.851589 ], [ 107.990375, 13.851549 ], [ 107.990342, 13.850925 ], [ 107.991041, 13.850885 ] ] ], [ [ [ 107.99077, 13.849768 ], [ 107.991018, 13.849491 ], [ 107.991139, 13.849625 ], [ 107.991139, 13.849625 ], [ 107.991285, 13.849788 ], [ 107.991436, 13.849908 ], [ 107.99171, 13.85009 ], [ 107.991883, 13.850028 ], [ 107.992084, 13.850092 ], [ 107.992171, 13.850203 ], [ 107.992309, 13.850323 ], [ 107.992448, 13.850498 ], [ 107.992543, 13.850528 ], [ 107.992592, 13.850557 ], [ 107.992436, 13.850803 ], [ 107.992402, 13.850858 ], [ 107.99238, 13.850893 ], [ 107.992371, 13.850909 ], [ 107.992364, 13.850914 ], [ 107.992364, 13.850913 ], [ 107.992363, 13.850913 ], [ 107.991948, 13.85059 ], [ 107.991947, 13.850589 ], [ 107.991946, 13.850589 ], [ 107.990989, 13.850088 ], [ 107.990979, 13.849986 ], [ 107.990781, 13.849779 ], [ 107.990765, 13.849775 ], [ 107.990765, 13.849775 ], [ 107.99077, 13.849768 ] ] ], [ [ [ 107.99101, 13.850299 ], [ 107.990991, 13.850109 ], [ 107.991937, 13.850605 ], [ 107.992351, 13.850926 ], [ 107.992484, 13.851057 ], [ 107.992504, 13.851093 ], [ 107.991067, 13.850868 ], [ 107.99101, 13.850299 ] ] ], [ [ [ 107.993089, 13.851151 ], [ 107.993243, 13.851085 ], [ 107.993353, 13.850879 ], [ 107.993417, 13.850553 ], [ 107.993447, 13.850291 ], [ 107.993461, 13.850175 ], [ 107.993461, 13.850175 ], [ 107.993527, 13.849677 ], [ 107.993534, 13.84968 ], [ 107.993548, 13.849685 ], [ 107.993549, 13.849685 ], [ 107.993604, 13.849704 ], [ 107.99376, 13.849787 ], [ 107.993819, 13.849833 ], [ 107.993847, 13.849866 ], [ 107.993869, 13.849955 ], [ 107.993894, 13.850363 ], [ 107.993903, 13.850995 ], [ 107.9939, 13.851311 ], [ 107.992527, 13.851096 ], [ 107.992503, 13.851054 ], [ 107.993089, 13.851151 ] ], [ [ 107.993582, 13.849697 ], [ 107.993549, 13.849685 ], [ 107.993549, 13.849685 ], [ 107.993582, 13.849697 ] ] ] ] } },
{ "type": "Feature", "properties": { "LONGTITUDE": 107.97843, "LATITUDE": 13.843736, "ALTITUDE": "", "LOT": "24", "AREA": 5.31, "PLANT_NO": "", "PLANT_YEAR": "", "RAINFALL": 2200.0, "T_MIN": 12.0, "T_MAX": 39.0, "T_AVERAGE": 26.0, "SOIL_TYPE": "Ferralsols", "SLOPE": "", "DEPTH": "", "PH": "", "EC": "", "CEC": "", "OM": "", "N_TS": "", "P2O5_TS": "", "P2O5_DT": "", "K2O_TS": "", "K2O_DT": "", "Canxi": "", "Magie": "", "DENSITY": "", "BULK_DENSI": "", "POROSITY": "", "CLAY": "", "LOAM": "", "SAND": "" }, "geometry": { "type": "MultiPolygon", "coordinates": [ [ [ [ 107.977637, 13.842135 ], [ 107.977904, 13.84232 ], [ 107.978177, 13.84254 ], [ 107.978672, 13.842939 ], [ 107.978839, 13.843106 ], [ 107.978842, 13.843109 ], [ 107.978842, 13.843109 ], [ 107.979808, 13.843624 ], [ 107.979769, 13.843714 ], [ 107.979743, 13.843772 ], [ 107.979743, 13.843773 ], [ 107.97937, 13.844786 ], [ 107.979163, 13.845337 ], [ 107.978502, 13.844899 ], [ 107.977972, 13.844476 ], [ 107.977326, 13.843915 ], [ 107.977325, 13.843915 ], [ 107.977051, 13.843681 ], [ 107.977637, 13.842135 ] ] ], [ [ [ 107.977543, 13.84207 ], [ 107.977613, 13.842118 ], [ 107.977543, 13.84207 ], [ 107.977543, 13.84207 ] ] ] ] } },
{ "type": "Feature", "properties": { "LONGTITUDE": 107.983765, "LATITUDE": 13.844507, "ALTITUDE": "", "LOT": "36", "AREA": 5.62, "PLANT_NO": "", "PLANT_YEAR": "", "RAINFALL": 2200.0, "T_MIN": 12.0, "T_MAX": 39.0, "T_AVERAGE": 26.0, "SOIL_TYPE": "Ferralsols", "SLOPE": "", "DEPTH": "", "PH": "", "EC": "", "CEC": "", "OM": "", "N_TS": "", "P2O5_TS": "", "P2O5_DT": "", "K2O_TS": "", "K2O_DT": "", "Canxi": "", "Magie": "", "DENSITY": "", "BULK_DENSI": "", "POROSITY": "", "CLAY": "", "LOAM": "", "SAND": "" }, "geometry": { "type": "MultiPolygon", "coordinates": [ [ [ [ 107.983104, 13.844442 ], [ 107.983114, 13.844143 ], [ 107.983114, 13.844143 ], [ 107.983124, 13.84386 ], [ 107.984446, 13.843951 ], [ 107.984445, 13.84402 ], [ 107.984404, 13.845153 ], [ 107.983084, 13.84507 ], [ 107.983104, 13.844442 ] ] ], [ [ [ 107.984363, 13.846324 ], [ 107.983036, 13.846252 ], [ 107.983062, 13.845757 ], [ 107.983062, 13.845757 ], [ 107.983083, 13.845088 ], [ 107.984404, 13.845171 ], [ 107.984363, 13.846324 ] ] ], [ [ [ 107.984407, 13.845869 ], [ 107.984407, 13.84587 ], [ 107.984391, 13.846325 ], [ 107.984391, 13.846325 ], [ 107.984407, 13.845869 ] ] ], [ [ [ 107.984322, 13.84748 ], [ 107.982955, 13.847433 ], [ 107.982999, 13.846954 ], [ 107.982999, 13.846953 ], [ 107.982999, 13.846953 ], [ 107.983033, 13.846302 ], [ 107.983035, 13.846269 ], [ 107.984362, 13.846342 ], [ 107.984322, 13.84748 ] ] ], [ [ [ 107.983034, 13.845764 ], [ 107.983031, 13.845806 ], [ 107.983031, 13.845763 ], [ 107.983034, 13.845764 ] ] ] ] } },
{ "type": "Feature", "properties": { "LONGTITUDE": 107.986367, "LATITUDE": 13.844679, "ALTITUDE": "", "LOT": "38", "AREA": 6.33, "PLANT_NO": "", "PLANT_YEAR": "", "RAINFALL": 2200.0, "T_MIN": 12.0, "T_MAX": 39.0, "T_AVERAGE": 26.0, "SOIL_TYPE": "Ferralsols", "SLOPE": "", "DEPTH": "", "PH": "", "EC": "", "CEC": "", "OM": "", "N_TS": "", "P2O5_TS": "", "P2O5_DT": "", "K2O_TS": "", "K2O_DT": "", "Canxi": "", "Magie": "", "DENSITY": "", "BULK_DENSI": "", "POROSITY": "", "CLAY": "", "LOAM": "", "SAND": "" }, "geometry": { "type": "MultiPolygon", "coordinates": [ [ [ [ 107.986982, 13.845316 ], [ 107.985691, 13.845234 ], [ 107.985746, 13.844042 ], [ 107.987043, 13.844132 ], [ 107.986982, 13.845316 ] ] ], [ [ [ 107.985762, 13.843696 ], [ 107.985773, 13.84345 ], [ 107.987073, 13.843453 ], [ 107.987067, 13.843657 ], [ 107.987044, 13.844114 ], [ 107.98587, 13.844032 ], [ 107.98581, 13.844028 ], [ 107.985747, 13.844024 ], [ 107.985762, 13.843696 ] ] ], [ [ [ 107.985638, 13.846411 ], [ 107.986951, 13.846483 ], [ 107.986946, 13.846711 ], [ 107.9869, 13.847568 ], [ 107.985587, 13.847523 ], [ 107.985638, 13.846411 ] ] ], [ [ [ 107.985653, 13.84608 ], [ 107.985691, 13.845252 ], [ 107.986981, 13.845334 ], [ 107.986979, 13.845365 ], [ 107.986979, 13.845365 ], [ 107.986979, 13.845366 ], [ 107.986986, 13.845699 ], [ 107.986986, 13.8457 ], [ 107.986982, 13.845701 ], [ 107.986977, 13.845706 ], [ 107.986975, 13.845712 ], [ 107.986963, 13.845862 ], [ 107.986963, 13.845863 ], [ 107.986955, 13.846254 ], [ 107.986951, 13.846465 ], [ 107.985639, 13.846393 ], [ 107.985653, 13.84608 ] ] ] ] } },
{ "type": "Feature", "properties": { "LONGTITUDE": 107.982445, "LATITUDE": 13.841012, "ALTITUDE": "", "LOT": "17", "AREA": 5.75, "PLANT_NO": "", "PLANT_YEAR": "", "RAINFALL": 2200.0, "T_MIN": 12.0, "T_MAX": 39.0, "T_AVERAGE": 26.0, "SOIL_TYPE": "Ferralsols", "SLOPE": "", "DEPTH": "", "PH": "", "EC": "", "CEC": "", "OM": "", "N_TS": "", "P2O5_TS": "", "P2O5_DT": "", "K2O_TS": "", "K2O_DT": "", "Canxi": "", "Magie": "", "DENSITY": "", "BULK_DENSI": "", "POROSITY": "", "CLAY": "", "LOAM": "", "SAND": "" }, "geometry": { "type": "Polygon", "coordinates": [ [ [ 107.980841, 13.840943 ], [ 107.980835, 13.840938 ], [ 107.980835, 13.840938 ], [ 107.980835, 13.840938 ], [ 107.981115, 13.840146 ], [ 107.981115, 13.840145 ], [ 107.981356, 13.839425 ], [ 107.981399, 13.839318 ], [ 107.982065, 13.839905 ], [ 107.982452, 13.840247 ], [ 107.982737, 13.840493 ], [ 107.983668, 13.841295 ], [ 107.983668, 13.841295 ], [ 107.98383, 13.841435 ], [ 107.984055, 13.841627 ], [ 107.983963, 13.841745 ], [ 107.983963, 13.841745 ], [ 107.983282, 13.842682 ], [ 107.983264, 13.842706 ], [ 107.980841, 13.840943 ] ] ] } },
{ "type": "Feature", "properties": { "LONGTITUDE": 107.993052, "LATITUDE": 13.842156, "ALTITUDE": "", "LOT": "8", "AREA": 5.04, "PLANT_NO": "", "PLANT_YEAR": "", "RAINFALL": 2200.0, "T_MIN": 12.0, "T_MAX": 39.0, "T_AVERAGE": 26.0, "SOIL_TYPE": "Ferralsols", "SLOPE": "", "DEPTH": "", "PH": "", "EC": "", "CEC": "", "OM": "", "N_TS": "", "P2O5_TS": "", "P2O5_DT": "", "K2O_TS": "", "K2O_DT": "", "Canxi": "", "Magie": "", "DENSITY": "", "BULK_DENSI": "", "POROSITY": "", "CLAY": "", "LOAM": "", "SAND": "" }, "geometry": { "type": "MultiPolygon", "coordinates": [ [ [ [ 107.992508, 13.841888 ], [ 107.993581, 13.841838 ], [ 107.994566, 13.841813 ], [ 107.994591, 13.84265 ], [ 107.994591, 13.84265 ], [ 107.994497, 13.842658 ], [ 107.994511, 13.842657 ], [ 107.994409, 13.842665 ], [ 107.994409, 13.842665 ], [ 107.994408, 13.842665 ], [ 107.994408, 13.842665 ], [ 107.994141, 13.842688 ], [ 107.993322, 13.842758 ], [ 107.993317, 13.842387 ], [ 107.993178, 13.8424 ], [ 107.993177, 13.842308 ], [ 107.992854, 13.842339 ], [ 107.992859, 13.842798 ], [ 107.991573, 13.842908 ], [ 107.991518, 13.842004 ], [ 107.991517, 13.842003 ], [ 107.991515, 13.841965 ], [ 107.991515, 13.841964 ], [ 107.992508, 13.841888 ] ] ], [ [ [ 107.994656, 13.841786 ], [ 107.994658, 13.841785 ], [ 107.994663, 13.84178 ], [ 107.994665, 13.841773 ], [ 107.994665, 13.841475 ], [ 107.994662, 13.840867 ], [ 107.994662, 13.840866 ], [ 107.994635, 13.840391 ], [ 107.994636, 13.840378 ], [ 107.994666, 13.838684 ], [ 107.994858, 13.838693 ], [ 107.995075, 13.838706 ], [ 107.995074, 13.83873 ], [ 107.995033, 13.840258 ], [ 107.995091, 13.842616 ], [ 107.994697, 13.842641 ], [ 107.99467, 13.842643 ], [ 107.994619, 13.842647 ], [ 107.994619, 13.842633 ], [ 107.994593, 13.841808 ], [ 107.994656, 13.841786 ] ] ] ] } },
{ "type": "Feature", "properties": { "LONGTITUDE": 107.924906, "LATITUDE": 13.902689, "ALTITUDE": "", "LOT": "14", "AREA": 2.56, "PLANT_NO": "", "PLANT_YEAR": "", "RAINFALL": 2200.0, "T_MIN": 12.0, "T_MAX": 39.0, "T_AVERAGE": 26.0, "SOIL_TYPE": "Ferralsols", "SLOPE": "", "DEPTH": "", "PH": "", "EC": "", "CEC": "", "OM": "", "N_TS": "", "P2O5_TS": "", "P2O5_DT": "", "K2O_TS": "", "K2O_DT": "", "Canxi": "", "Magie": "", "DENSITY": "", "BULK_DENSI": "", "POROSITY": "", "CLAY": "", "LOAM": "", "SAND": "" }, "geometry": { "type": "MultiPolygon", "coordinates": [ [ [ [ 107.923753, 13.902131 ], [ 107.923597, 13.901955 ], [ 107.923593, 13.90195 ], [ 107.923577, 13.901939 ], [ 107.924076, 13.901974 ], [ 107.924076, 13.901974 ], [ 107.925086, 13.90201 ], [ 107.925189, 13.902083 ], [ 107.925192, 13.902085 ], [ 107.925192, 13.902085 ], [ 107.925192, 13.902085 ], [ 107.926145, 13.90274 ], [ 107.926235, 13.902801 ], [ 107.925726, 13.903439 ], [ 107.925709, 13.903428 ], [ 107.923753, 13.902131 ] ] ], [ [ [ 107.926021, 13.903113 ], [ 107.9264, 13.903382 ], [ 107.926833, 13.903689 ], [ 107.926562, 13.904045 ], [ 107.925854, 13.903532 ], [ 107.925748, 13.903455 ], [ 107.926021, 13.903113 ] ] ] ] } },
{ "type": "Feature", "properties": { "LONGTITUDE": 107.991991, "LATITUDE": 13.852698, "ALTITUDE": "", "LOT": "", "AREA": 0.63, "PLANT_NO": "", "PLANT_YEAR": "", "RAINFALL": 2200.0, "T_MIN": 12.0, "T_MAX": 39.0, "T_AVERAGE": 26.0, "SOIL_TYPE": "Ferralsols", "SLOPE": "", "DEPTH": "", "PH": "", "EC": "", "CEC": "", "OM": "", "N_TS": "", "P2O5_TS": "", "P2O5_DT": "", "K2O_TS": "", "K2O_DT": "", "Canxi": "", "Magie": "", "DENSITY": "", "BULK_DENSI": "", "POROSITY": "", "CLAY": "", "LOAM": "", "SAND": "" }, "geometry": { "type": "MultiPolygon", "coordinates": [ [ [ [ 107.992034, 13.85361 ], [ 107.991959, 13.853605 ], [ 107.99186, 13.85178 ], [ 107.991869, 13.851781 ], [ 107.991869, 13.851782 ], [ 107.991921, 13.851791 ], [ 107.991923, 13.851791 ], [ 107.992043, 13.851814 ], [ 107.992122, 13.853617 ], [ 107.992034, 13.85361 ], [ 107.992034, 13.85361 ] ] ], [ [ [ 107.992162, 13.854657 ], [ 107.991977, 13.854683 ], [ 107.991965, 13.854437 ], [ 107.991925, 13.853633 ], [ 107.991951, 13.853631 ], [ 107.991952, 13.853631 ], [ 107.992012, 13.853635 ], [ 107.992012, 13.853635 ], [ 107.992035, 13.853637 ], [ 107.992126, 13.853643 ], [ 107.992192, 13.854622 ], [ 107.992195, 13.854652 ], [ 107.992162, 13.854657 ] ] ] ] } },
{ "type": "Feature", "properties": { "LONGTITUDE": 107.980396, "LATITUDE": 13.843429, "ALTITUDE": "", "LOT": "30", "AREA": 4.94, "PLANT_NO": "", "PLANT_YEAR": "", "RAINFALL": 2200.0, "T_MIN": 12.0, "T_MAX": 39.0, "T_AVERAGE": 26.0, "SOIL_TYPE": "Ferralsols", "SLOPE": "", "DEPTH": "", "PH": "", "EC": "", "CEC": "", "OM": "", "N_TS": "", "P2O5_TS": "", "P2O5_DT": "", "K2O_TS": "", "K2O_DT": "", "Canxi": "", "Magie": "", "DENSITY": "", "BULK_DENSI": "", "POROSITY": "", "CLAY": "", "LOAM": "", "SAND": "" }, "geometry": { "type": "MultiPolygon", "coordinates": [ [ [ [ 107.979803, 13.843727 ], [ 107.979803, 13.843727 ], [ 107.980126, 13.84299 ], [ 107.980127, 13.842988 ], [ 107.980238, 13.84267 ], [ 107.980237, 13.84267 ], [ 107.980256, 13.842615 ], [ 107.981008, 13.843104 ], [ 107.980563, 13.844243 ], [ 107.979785, 13.843774 ], [ 107.979784, 13.843774 ], [ 107.979783, 13.843773 ], [ 107.979803, 13.843727 ] ] ], [ [ [ 107.981312, 13.844695 ], [ 107.980579, 13.844253 ], [ 107.981023, 13.843114 ], [ 107.98177, 13.8436 ], [ 107.981312, 13.844695 ] ] ], [ [ [ 107.981785, 13.84361 ], [ 107.982107, 13.843819 ], [ 107.982367, 13.843988 ], [ 107.982504, 13.844077 ], [ 107.982057, 13.845143 ], [ 107.981328, 13.844704 ], [ 107.981785, 13.84361 ] ] ], [ [ [ 107.98252, 13.844087 ], [ 107.982808, 13.844275 ], [ 107.98281, 13.844276 ], [ 107.982889, 13.844328 ], [ 107.983076, 13.844449 ], [ 107.983035, 13.845733 ], [ 107.982073, 13.845153 ], [ 107.98252, 13.844087 ] ] ], [ [ [ 107.979991, 13.843207 ], [ 107.979991, 13.843206 ], [ 107.980092, 13.842976 ], [ 107.979991, 13.843207 ] ] ] ] } },
{ "type": "Feature", "properties": { "LONGTITUDE": 107.992966, "LATITUDE": 13.852715, "ALTITUDE": "", "LOT": "49", "AREA": 4.87, "PLANT_NO": "", "PLANT_YEAR": "", "RAINFALL": 2200.0, "T_MIN": 12.0, "T_MAX": 39.0, "T_AVERAGE": 26.0, "SOIL_TYPE": "Ferralsols", "SLOPE": "", "DEPTH": "", "PH": "", "EC": "", "CEC": "", "OM": "", "N_TS": "", "P2O5_TS": "", "P2O5_DT": "", "K2O_TS": "", "K2O_DT": "", "Canxi": "", "Magie": "", "DENSITY": "", "BULK_DENSI": "", "POROSITY": "", "CLAY": "", "LOAM": "", "SAND": "" }, "geometry": { "type": "MultiPolygon", "coordinates": [ [ [ [ 107.992116, 13.853616 ], [ 107.992122, 13.853617 ], [ 107.992043, 13.851814 ], [ 107.992132, 13.851831 ], [ 107.992153, 13.851833 ], [ 107.992183, 13.851838 ], [ 107.992183, 13.851838 ], [ 107.993584, 13.852094 ], [ 107.9936, 13.852098 ], [ 107.993843, 13.852142 ], [ 107.993871, 13.852147 ], [ 107.99388, 13.852149 ], [ 107.993881, 13.852149 ], [ 107.993889, 13.852149 ], [ 107.993885, 13.852269 ], [ 107.993885, 13.852269 ], [ 107.993879, 13.853051 ], [ 107.99386, 13.853471 ], [ 107.993857, 13.853557 ], [ 107.993829, 13.853557 ], [ 107.993336, 13.85357 ], [ 107.992611, 13.853584 ], [ 107.99261, 13.853584 ], [ 107.992571, 13.853587 ], [ 107.992569, 13.853587 ], [ 107.992564, 13.853587 ], [ 107.992563, 13.853587 ], [ 107.992422, 13.853595 ], [ 107.992422, 13.853595 ], [ 107.992422, 13.853595 ], [ 107.992135, 13.853614 ], [ 107.992135, 13.853614 ], [ 107.992135, 13.853614 ], [ 107.992129, 13.853616 ], [ 107.992128, 13.853617 ], [ 107.992105, 13.853615 ], [ 107.992116, 13.853616 ] ] ], [ [ [ 107.991499, 13.852055 ], [ 107.991499, 13.852055 ], [ 107.991497, 13.852027 ], [ 107.991484, 13.851762 ], [ 107.991483, 13.851709 ], [ 107.991511, 13.851714 ], [ 107.991841, 13.851776 ], [ 107.991894, 13.85275 ], [ 107.991533, 13.852747 ], [ 107.991499, 13.852055 ] ] ], [ [ [ 107.991577, 13.853618 ], [ 107.991564, 13.853377 ], [ 107.991534, 13.852764 ], [ 107.991895, 13.852768 ], [ 107.99194, 13.853605 ], [ 107.991936, 13.853605 ], [ 107.991863, 13.853611 ], [ 107.991577, 13.853618 ], [ 107.991577, 13.853618 ] ] ], [ [ [ 107.993797, 13.853588 ], [ 107.993797, 13.853588 ], [ 107.993716, 13.853589 ], [ 107.993716, 13.853589 ], [ 107.993829, 13.853587 ], [ 107.993797, 13.853588 ] ] ], [ [ [ 107.990943, 13.852165 ], [ 107.990953, 13.852054 ], [ 107.991239, 13.852055 ], [ 107.991244, 13.852117 ], [ 107.991249, 13.852173 ], [ 107.991294, 13.852744 ], [ 107.991116, 13.852743 ], [ 107.990956, 13.852741 ], [ 107.990951, 13.852741 ], [ 107.990939, 13.852546 ], [ 107.990935, 13.852249 ], [ 107.990943, 13.852165 ] ] ], [ [ [ 107.991296, 13.852762 ], [ 107.991343, 13.853363 ], [ 107.991364, 13.853624 ], [ 107.991149, 13.85363 ], [ 107.991055, 13.853621 ], [ 107.991054, 13.853621 ], [ 107.991054, 13.853621 ], [ 107.991048, 13.853621 ], [ 107.991047, 13.853621 ], [ 107.991034, 13.853621 ], [ 107.990978, 13.853232 ], [ 107.990959, 13.852873 ], [ 107.990952, 13.852759 ], [ 107.991296, 13.852762 ] ] ] ] } },
{ "type": "Feature", "properties": { "LONGTITUDE": 107.936257, "LATITUDE": 13.905361, "ALTITUDE": "", "LOT": "6", "AREA": 5.42, "PLANT_NO": "", "PLANT_YEAR": "", "RAINFALL": 2200.0, "T_MIN": 12.0, "T_MAX": 39.0, "T_AVERAGE": 26.0, "SOIL_TYPE": "Ferralsols", "SLOPE": "", "DEPTH": "", "PH": "", "EC": "", "CEC": "", "OM": "", "N_TS": "", "P2O5_TS": "", "P2O5_DT": "", "K2O_TS": "", "K2O_DT": "", "Canxi": "", "Magie": "", "DENSITY": "", "BULK_DENSI": "", "POROSITY": "", "CLAY": "", "LOAM": "", "SAND": "" }, "geometry": { "type": "MultiPolygon", "coordinates": [ [ [ [ 107.93549, 13.90505 ], [ 107.935703, 13.904906 ], [ 107.935992, 13.904728 ], [ 107.936419, 13.904489 ], [ 107.93663, 13.904392 ], [ 107.936704, 13.904477 ], [ 107.936748, 13.904529 ], [ 107.936825, 13.90462 ], [ 107.937428, 13.905339 ], [ 107.9359, 13.90633 ], [ 107.935086, 13.905296 ], [ 107.93549, 13.90505 ] ] ], [ [ [ 107.933329, 13.906456 ], [ 107.933467, 13.90636 ], [ 107.93403, 13.905955 ], [ 107.934305, 13.90577 ], [ 107.934716, 13.905521 ], [ 107.935071, 13.905305 ], [ 107.935884, 13.90634 ], [ 107.935242, 13.906756 ], [ 107.935232, 13.906749 ], [ 107.934946, 13.906763 ], [ 107.934631, 13.906779 ], [ 107.934315, 13.906791 ], [ 107.933935, 13.906804 ], [ 107.933665, 13.906821 ], [ 107.933376, 13.906529 ], [ 107.933313, 13.90647 ], [ 107.933329, 13.906456 ] ] ] ] } }
]
}
