{
"type": "FeatureCollection",
"name": "Thua",
"crs": { "type": "name", "properties": { "name": "urn:ogc:def:crs:OGC:1.3:CRS84" } },
"features": [
{ "type": "Feature", "properties": { "Kinh_do": 107.975915, "Vi_do": 13.842336, "Cao_do": 0.0, "Khu_Lien_Hop": "Cao Nguyen", "Cong_Ty": "THACO AGRI", "Xi_Nghiep": "CAT", "Nong_Truong": "Ia Bang 2", "Khu_Vuc": "57HA", "Ten_Lo": "25", "Dien_Tich": 7.05, "Loai_Cay": "Sau Rieng", "So_Cay": 1281, "Thang_Trong": 7, "Nam_Trong": 2019, "Mat_Do": 0, "Loai_Giong": "DONA", "Luong_mua": 0, "T_toi_thap": 0, "T_toi_da": 0, "T_TB": 1, "Do_am_KK": "", "Loai_dat": "", "Do_doc": 0, "Hiuong_doc": "0", "Tang_day": 0, "pH": 0.0, "EC": 0.0, "CEC": 0.0, "OM": 0.0, "N_ts": 0.0, "P2O5_ts": 0.0, "P2O5_dt": 0.0, "K2Ots": 0.0, "K2Odt": 0.0, "Canxi_td": 0.0, "Magie_td": 0.0, "Kem_dt": 0.0, "Bo_dt": null, "Cadimi": 0.0, "Asen": 0.0, "Chi": 0.0, "Thuy_ngan": 0.0 }, "geometry": { "type": "Polygon", "coordinates": [ [ [ 107.974214, 13.842746 ], [ 107.974623, 13.842168 ], [ 107.97496, 13.841703 ], [ 107.975264, 13.841302 ], [ 107.97558, 13.840894 ], [ 107.975601, 13.840868 ], [ 107.975677, 13.840774 ], [ 107.977623, 13.842079 ], [ 107.976971, 13.843627 ], [ 107.976556, 13.843361 ], [ 107.976542, 13.84334 ], [ 107.976521, 13.843322 ], [ 107.976335, 13.843162 ], [ 107.976288, 13.843139 ], [ 107.97626, 13.843136 ], [ 107.976237, 13.843149 ], [ 107.97604, 13.8433 ], [ 107.975667, 13.843577 ], [ 107.975442, 13.843785 ], [ 107.975297, 13.843897 ], [ 107.9753, 13.843857 ], [ 107.975139, 13.843692 ], [ 107.974974, 13.843483 ], [ 107.974627, 13.84313 ], [ 107.974348, 13.842876 ], [ 107.974284, 13.84282 ], [ 107.974207, 13.842754 ], [ 107.974214, 13.842746 ] ] ] } },
{ "type": "Feature", "properties": { "Kinh_do": 107.977535, "Vi_do": 13.845244, "Cao_do": 0.0, "Khu_Lien_Hop": "Cao Nguyen", "Cong_Ty": "THACO AGRI", "Xi_Nghiep": "CAT", "Nong_Truong": "Ia Bang 2", "Khu_Vuc": "57HA", "Ten_Lo": "26", "Dien_Tich": 7.01, "Loai_Cay": "Sau Rieng", "So_Cay": 1058, "Thang_Trong": 7, "Nam_Trong": 2019, "Mat_Do": 0, "Loai_Giong": "DONA", "Luong_mua": 0, "T_toi_thap": 0, "T_toi_da": 0, "T_TB": 1, "Do_am_KK": "", "Loai_dat": "", "Do_doc": 0, "Hiuong_doc": "0", "Tang_day": 0, "pH": 0.0, "EC": 0.0, "CEC": 0.0, "OM": 0.0, "N_ts": 0.0, "P2O5_ts": 0.0, "P2O5_dt": 0.0, "K2Ots": 0.0, "K2Odt": 0.0, "Canxi_td": 0.0, "Magie_td": 0.0, "Kem_dt": 0.0, "Bo_dt": null, "Cadimi": 0.0, "Asen": 0.0, "Chi": 0.0, "Thuy_ngan": 0.0 }, "geometry": { "type": "Polygon", "coordinates": [ [ [ 107.978365, 13.847059 ], [ 107.978241, 13.846991 ], [ 107.977931, 13.846749 ], [ 107.977359, 13.846247 ], [ 107.977106, 13.846031 ], [ 107.976777, 13.845762 ], [ 107.976701, 13.845677 ], [ 107.976397, 13.8453 ], [ 107.976295, 13.845178 ], [ 107.975967, 13.844747 ], [ 107.975933, 13.844683 ], [ 107.975888, 13.84468 ], [ 107.975906, 13.844653 ], [ 107.975918, 13.84463 ], [ 107.976031, 13.84445 ], [ 107.976192, 13.844234 ], [ 107.976253, 13.844143 ], [ 107.976385, 13.843957 ], [ 107.976403, 13.843918 ], [ 107.976436, 13.84376 ], [ 107.976472, 13.843693 ], [ 107.976557, 13.84349 ], [ 107.976562, 13.843465 ], [ 107.976566, 13.84344 ], [ 107.976568, 13.843413 ], [ 107.976567, 13.843386 ], [ 107.976556, 13.843361 ], [ 107.976971, 13.843627 ], [ 107.978266, 13.84473 ], [ 107.979182, 13.845363 ], [ 107.978546, 13.847127 ], [ 107.978365, 13.847059 ] ] ] } },
{ "type": "Feature", "properties": { "Kinh_do": 107.978407, "Vi_do": 13.843721, "Cao_do": 0.0, "Khu_Lien_Hop": "Cao Nguyen", "Cong_Ty": "THACO AGRI", "Xi_Nghiep": "CAT", "Nong_Truong": "Ia Bang 2", "Khu_Vuc": "57HA", "Ten_Lo": "24", "Dien_Tich": 5.61, "Loai_Cay": "Sau Rieng", "So_Cay": 1178, "Thang_Trong": 7, "Nam_Trong": 2019, "Mat_Do": 0, "Loai_Giong": "DONA", "Luong_mua": 0, "T_toi_thap": 0, "T_toi_da": 0, "T_TB": 1, "Do_am_KK": "", "Loai_dat": "", "Do_doc": 0, "Hiuong_doc": "0", "Tang_day": 0, "pH": 0.0, "EC": 0.0, "CEC": 0.0, "OM": 0.0, "N_ts": 0.0, "P2O5_ts": 0.0, "P2O5_dt": 0.0, "K2Ots": 0.0, "K2Odt": 0.0, "Canxi_td": 0.0, "Magie_td": 0.0, "Kem_dt": 0.0, "Bo_dt": null, "Cadimi": 0.0, "Asen": 0.0, "Chi": 0.0, "Thuy_ngan": 0.0 }, "geometry": { "type": "Polygon", "coordinates": [ [ [ 107.978266, 13.84473 ], [ 107.976971, 13.843627 ], [ 107.977623, 13.842079 ], [ 107.978303, 13.84256 ], [ 107.978911, 13.843122 ], [ 107.979543, 13.843484 ], [ 107.979842, 13.843567 ], [ 107.979182, 13.845363 ], [ 107.978266, 13.84473 ] ] ] } },
{ "type": "Feature", "properties": { "Kinh_do": 107.977965, "Vi_do": 13.841903, "Cao_do": 0.0, "Khu_Lien_Hop": "Cao Nguyen", "Cong_Ty": "THACO AGRI", "Xi_Nghiep": "CAT", "Nong_Truong": "Ia Bang 2", "Khu_Vuc": "57HA", "Ten_Lo": "23", "Dien_Tich": 6.78, "Loai_Cay": "Sau Rieng", "So_Cay": 1317, "Thang_Trong": 7, "Nam_Trong": 2019, "Mat_Do": 0, "Loai_Giong": "DONA", "Luong_mua": 0, "T_toi_thap": 0, "T_toi_da": 0, "T_TB": 1, "Do_am_KK": "", "Loai_dat": "", "Do_doc": 0, "Hiuong_doc": "0", "Tang_day": 0, "pH": 0.0, "EC": 0.0, "CEC": 0.0, "OM": 0.0, "N_ts": 0.0, "P2O5_ts": 0.0, "P2O5_dt": 0.0, "K2Ots": 0.0, "K2Odt": 0.0, "Canxi_td": 0.0, "Magie_td": 0.0, "Kem_dt": 0.0, "Bo_dt": null, "Cadimi": 0.0, "Asen": 0.0, "Chi": 0.0, "Thuy_ngan": 0.0 }, "geometry": { "type": "Polygon", "coordinates": [ [ [ 107.975924, 13.840468 ], [ 107.975978, 13.840418 ], [ 107.97601, 13.840402 ], [ 107.976028, 13.840399 ], [ 107.976043, 13.840398 ], [ 107.976065, 13.840401 ], [ 107.976096, 13.840414 ], [ 107.976114, 13.840426 ], [ 107.97654, 13.840723 ], [ 107.976556, 13.84073 ], [ 107.976575, 13.840737 ], [ 107.976587, 13.840741 ], [ 107.976604, 13.840743 ], [ 107.97662, 13.840744 ], [ 107.976638, 13.840738 ], [ 107.976656, 13.840729 ], [ 107.976669, 13.840717 ], [ 107.976681, 13.840706 ], [ 107.976813, 13.840518 ], [ 107.977019, 13.840251 ], [ 107.977027, 13.840239 ], [ 107.978027, 13.840909 ], [ 107.978709, 13.841276 ], [ 107.979227, 13.841658 ], [ 107.980328, 13.842345 ], [ 107.980049, 13.843119 ], [ 107.979842, 13.843567 ], [ 107.979543, 13.843484 ], [ 107.978911, 13.843122 ], [ 107.978303, 13.84256 ], [ 107.977623, 13.842079 ], [ 107.975677, 13.840774 ], [ 107.975601, 13.840868 ], [ 107.975924, 13.840468 ] ] ] } },
{ "type": "Feature", "properties": { "Kinh_do": 107.978929, "Vi_do": 13.840664, "Cao_do": 0.0, "Khu_Lien_Hop": "Cao Nguyen", "Cong_Ty": "THACO AGRI", "Xi_Nghiep": "CAT", "Nong_Truong": "Ia Bang 2", "Khu_Vuc": "57HA", "Ten_Lo": "22", "Dien_Tich": 6.84, "Loai_Cay": "Sau Rieng", "So_Cay": 1334, "Thang_Trong": 7, "Nam_Trong": 2019, "Mat_Do": 0, "Loai_Giong": "DONA", "Luong_mua": 0, "T_toi_thap": 0, "T_toi_da": 0, "T_TB": 1, "Do_am_KK": "", "Loai_dat": "", "Do_doc": 0, "Hiuong_doc": "0", "Tang_day": 0, "pH": 0.0, "EC": 0.0, "CEC": 0.0, "OM": 0.0, "N_ts": 0.0, "P2O5_ts": 0.0, "P2O5_dt": 0.0, "K2Ots": 0.0, "K2Odt": 0.0, "Canxi_td": 0.0, "Magie_td": 0.0, "Kem_dt": 0.0, "Bo_dt": null, "Cadimi": 0.0, "Asen": 0.0, "Chi": 0.0, "Thuy_ngan": 0.0 }, "geometry": { "type": "Polygon", "coordinates": [ [ [ 107.977312, 13.839831 ], [ 107.977338, 13.839791 ], [ 107.97735, 13.839776 ], [ 107.977903, 13.838983 ], [ 107.977987, 13.838983 ], [ 107.978508, 13.839274 ], [ 107.978617, 13.839352 ], [ 107.978684, 13.839397 ], [ 107.980787, 13.840964 ], [ 107.980831, 13.840996 ], [ 107.980328, 13.842345 ], [ 107.979227, 13.841658 ], [ 107.978709, 13.841276 ], [ 107.978027, 13.840909 ], [ 107.977027, 13.840239 ], [ 107.977312, 13.839831 ] ] ] } },
{ "type": "Feature", "properties": { "Kinh_do": 107.979734, "Vi_do": 13.846237, "Cao_do": 0.0, "Khu_Lien_Hop": "Cao Nguyen", "Cong_Ty": "THACO AGRI", "Xi_Nghiep": "CAT", "Nong_Truong": "Ia Bang 2", "Khu_Vuc": "57HA", "Ten_Lo": "27", "Dien_Tich": 4.88, "Loai_Cay": "Sau Rieng", "So_Cay": 824, "Thang_Trong": 12, "Nam_Trong": 2021, "Mat_Do": 0, "Loai_Giong": "DONA", "Luong_mua": 0, "T_toi_thap": 0, "T_toi_da": 0, "T_TB": 1, "Do_am_KK": "", "Loai_dat": "", "Do_doc": 0, "Hiuong_doc": "0", "Tang_day": 0, "pH": 0.0, "EC": 0.0, "CEC": 0.0, "OM": 0.0, "N_ts": 0.0, "P2O5_ts": 0.0, "P2O5_dt": 0.0, "K2Ots": 0.0, "K2Odt": 0.0, "Canxi_td": 0.0, "Magie_td": 0.0, "Kem_dt": 0.0, "Bo_dt": null, "Cadimi": 0.0, "Asen": 0.0, "Chi": 0.0, "Thuy_ngan": 0.0 }, "geometry": { "type": "Polygon", "coordinates": [ [ [ 107.979182, 13.845363 ], [ 107.979388, 13.844804 ], [ 107.980921, 13.84571 ], [ 107.980246, 13.847669 ], [ 107.980209, 13.847657 ], [ 107.979663, 13.847518 ], [ 107.979343, 13.847441 ], [ 107.979187, 13.847391 ], [ 107.979089, 13.847346 ], [ 107.978708, 13.84721 ], [ 107.97858, 13.84714 ], [ 107.978546, 13.847127 ], [ 107.979182, 13.845363 ] ] ] } },
{ "type": "Feature", "properties": { "Kinh_do": 107.981704, "Vi_do": 13.842739, "Cao_do": 0.0, "Khu_Lien_Hop": "Cao Nguyen", "Cong_Ty": "THACO AGRI", "Xi_Nghiep": "CAT", "Nong_Truong": "Ia Bang 2", "Khu_Vuc": "57HA", "Ten_Lo": "31", "Dien_Tich": 5.91, "Loai_Cay": "Sau Rieng", "So_Cay": 1033, "Thang_Trong": 7, "Nam_Trong": 2019, "Mat_Do": 0, "Loai_Giong": "DONA", "Luong_mua": 0, "T_toi_thap": 0, "T_toi_da": 0, "T_TB": 1, "Do_am_KK": "", "Loai_dat": "", "Do_doc": 0, "Hiuong_doc": "0", "Tang_day": 0, "pH": 0.0, "EC": 0.0, "CEC": 0.0, "OM": 0.0, "N_ts": 0.0, "P2O5_ts": 0.0, "P2O5_dt": 0.0, "K2Ots": 0.0, "K2Odt": 0.0, "Canxi_td": 0.0, "Magie_td": 0.0, "Kem_dt": 0.0, "Bo_dt": null, "Cadimi": 0.0, "Asen": 0.0, "Chi": 0.0, "Thuy_ngan": 0.0 }, "geometry": { "type": "Polygon", "coordinates": [ [ [ 107.980328, 13.842345 ], [ 107.980831, 13.840996 ], [ 107.980897, 13.841043 ], [ 107.98156, 13.841535 ], [ 107.981639, 13.841596 ], [ 107.982247, 13.84205 ], [ 107.982315, 13.842103 ], [ 107.983054, 13.842653 ], [ 107.983073, 13.842672 ], [ 107.983085, 13.842688 ], [ 107.983101, 13.842738 ], [ 107.983166, 13.842832 ], [ 107.983166, 13.842833 ], [ 107.983132, 13.844481 ], [ 107.982049, 13.84377 ], [ 107.980241, 13.842588 ], [ 107.980328, 13.842345 ] ] ] } },
{ "type": "Feature", "properties": { "Kinh_do": 107.981246, "Vi_do": 13.845401, "Cao_do": 0.0, "Khu_Lien_Hop": "Cao Nguyen", "Cong_Ty": "THACO AGRI", "Xi_Nghiep": "CAT", "Nong_Truong": "Ia Bang 2", "Khu_Vuc": "57HA", "Ten_Lo": "29", "Dien_Tich": 5.24, "Loai_Cay": "Sau Rieng", "So_Cay": 743, "Thang_Trong": 7, "Nam_Trong": 2019, "Mat_Do": 0, "Loai_Giong": "DONA", "Luong_mua": 0, "T_toi_thap": 0, "T_toi_da": 0, "T_TB": 1, "Do_am_KK": "", "Loai_dat": "", "Do_doc": 0, "Hiuong_doc": "0", "Tang_day": 0, "pH": 0.0, "EC": 0.0, "CEC": 0.0, "OM": 0.0, "N_ts": 0.0, "P2O5_ts": 0.0, "P2O5_dt": 0.0, "K2Ots": 0.0, "K2Odt": 0.0, "Canxi_td": 0.0, "Magie_td": 0.0, "Kem_dt": 0.0, "Bo_dt": null, "Cadimi": 0.0, "Asen": 0.0, "Chi": 0.0, "Thuy_ngan": 0.0 }, "geometry": { "type": "Polygon", "coordinates": [ [ [ 107.979757, 13.843798 ], [ 107.9807, 13.844311 ], [ 107.983104, 13.845807 ], [ 107.98308, 13.847004 ], [ 107.980996, 13.845755 ], [ 107.979388, 13.844804 ], [ 107.979757, 13.843798 ] ] ] } },
{ "type": "Feature", "properties": { "Kinh_do": 107.981445, "Vi_do": 13.844169, "Cao_do": 0.0, "Khu_Lien_Hop": "Cao Nguyen", "Cong_Ty": "THACO AGRI", "Xi_Nghiep": "CAT", "Nong_Truong": "Ia Bang 2", "Khu_Vuc": "57HA", "Ten_Lo": "30", "Dien_Tich": 5.24, "Loai_Cay": "Sau Rieng", "So_Cay": 954, "Thang_Trong": 7, "Nam_Trong": 2019, "Mat_Do": 0, "Loai_Giong": "DONA", "Luong_mua": 0, "T_toi_thap": 0, "T_toi_da": 0, "T_TB": 1, "Do_am_KK": "", "Loai_dat": "", "Do_doc": 0, "Hiuong_doc": "0", "Tang_day": 0, "pH": 0.0, "EC": 0.0, "CEC": 0.0, "OM": 0.0, "N_ts": 0.0, "P2O5_ts": 0.0, "P2O5_dt": 0.0, "K2Ots": 0.0, "K2Odt": 0.0, "Canxi_td": 0.0, "Magie_td": 0.0, "Kem_dt": 0.0, "Bo_dt": null, "Cadimi": 0.0, "Asen": 0.0, "Chi": 0.0, "Thuy_ngan": 0.0 }, "geometry": { "type": "Polygon", "coordinates": [ [ [ 107.979842, 13.843567 ], [ 107.980049, 13.843119 ], [ 107.980261, 13.842531 ], [ 107.980241, 13.842588 ], [ 107.982049, 13.84377 ], [ 107.983132, 13.844481 ], [ 107.983104, 13.845807 ], [ 107.9807, 13.844311 ], [ 107.979757, 13.843798 ], [ 107.979842, 13.843567 ] ] ] } },
{ "type": "Feature", "properties": { "Kinh_do": 107.983763, "Vi_do": 13.8457, "Cao_do": 0.0, "Khu_Lien_Hop": "Cao Nguyen", "Cong_Ty": "THACO AGRI", "Xi_Nghiep": "CAT", "Nong_Truong": "Ia Bang 2", "Khu_Vuc": "57HA - CB", "Ten_Lo": "36", "Dien_Tich": 5.57, "Loai_Cay": "Sau Rieng", "So_Cay": 804, "Thang_Trong": 4, "Nam_Trong": 2023, "Mat_Do": 0, "Loai_Giong": "DONA", "Luong_mua": 0, "T_toi_thap": 0, "T_toi_da": 0, "T_TB": 1, "Do_am_KK": "", "Loai_dat": "", "Do_doc": 0, "Hiuong_doc": "0", "Tang_day": 0, "pH": 0.0, "EC": 0.0, "CEC": 0.0, "OM": 0.0, "N_ts": 0.0, "P2O5_ts": 0.0, "P2O5_dt": 0.0, "K2Ots": 0.0, "K2Odt": 0.0, "Canxi_td": 0.0, "Magie_td": 0.0, "Kem_dt": 0.0, "Bo_dt": null, "Cadimi": 0.0, "Asen": 0.0, "Chi": 0.0, "Thuy_ngan": 0.0 }, "geometry": { "type": "Polygon", "coordinates": [ [ [ 107.984461, 13.843978 ], [ 107.9844, 13.847473 ], [ 107.983065, 13.847437 ], [ 107.98308, 13.847004 ], [ 107.983104, 13.845807 ], [ 107.983132, 13.844481 ], [ 107.983109, 13.844466 ], [ 107.983109, 13.844466 ], [ 107.983132, 13.844481 ], [ 107.983143, 13.843926 ], [ 107.984461, 13.843978 ] ] ] } },
{ "type": "Feature", "properties": { "Kinh_do": 107.985078, "Vi_do": 13.845743, "Cao_do": 0.0, "Khu_Lien_Hop": "Cao Nguyen", "Cong_Ty": "THACO AGRI", "Xi_Nghiep": "CAT", "Nong_Truong": "Ia Bang 2", "Khu_Vuc": "57HA - CB", "Ten_Lo": "37", "Dien_Tich": 5.32, "Loai_Cay": "Sau Rieng", "So_Cay": 896, "Thang_Trong": 4, "Nam_Trong": 2023, "Mat_Do": 0, "Loai_Giong": "DONA", "Luong_mua": 0, "T_toi_thap": 0, "T_toi_da": 0, "T_TB": 1, "Do_am_KK": "", "Loai_dat": "", "Do_doc": 0, "Hiuong_doc": "0", "Tang_day": 0, "pH": 0.0, "EC": 0.0, "CEC": 0.0, "OM": 0.0, "N_ts": 0.0, "P2O5_ts": 0.0, "P2O5_dt": 0.0, "K2Ots": 0.0, "K2Odt": 0.0, "Canxi_td": 0.0, "Magie_td": 0.0, "Kem_dt": 0.0, "Bo_dt": null, "Cadimi": 0.0, "Asen": 0.0, "Chi": 0.0, "Thuy_ngan": 0.0 }, "geometry": { "type": "Polygon", "coordinates": [ [ [ 107.985756, 13.844029 ], [ 107.985646, 13.847507 ], [ 107.9844, 13.847473 ], [ 107.984461, 13.843978 ], [ 107.985756, 13.844029 ] ] ] } },
{ "type": "Feature", "properties": { "Kinh_do": 107.986353, "Vi_do": 13.845786, "Cao_do": 0.0, "Khu_Lien_Hop": "Cao Nguyen", "Cong_Ty": "THACO AGRI", "Xi_Nghiep": "CAT", "Nong_Truong": "Ia Bang 2", "Khu_Vuc": "57HA - CB", "Ten_Lo": "38", "Dien_Tich": 5.42, "Loai_Cay": "Sau Rieng", "So_Cay": 708, "Thang_Trong": 4, "Nam_Trong": 2023, "Mat_Do": 0, "Loai_Giong": "DONA + BLT", "Luong_mua": 0, "T_toi_thap": 0, "T_toi_da": 0, "T_TB": 1, "Do_am_KK": "", "Loai_dat": "", "Do_doc": 0, "Hiuong_doc": "0", "Tang_day": 0, "pH": 0.0, "EC": 0.0, "CEC": 0.0, "OM": 0.0, "N_ts": 0.0, "P2O5_ts": 0.0, "P2O5_dt": 0.0, "K2Ots": 0.0, "K2Odt": 0.0, "Canxi_td": 0.0, "Magie_td": 0.0, "Kem_dt": 0.0, "Bo_dt": null, "Cadimi": 0.0, "Asen": 0.0, "Chi": 0.0, "Thuy_ngan": 0.0 }, "geometry": { "type": "Polygon", "coordinates": [ [ [ 107.987059, 13.84408 ], [ 107.986941, 13.847542 ], [ 107.985646, 13.847507 ], [ 107.985756, 13.844029 ], [ 107.987059, 13.84408 ] ] ] } },
{ "type": "Feature", "properties": { "Kinh_do": 107.982633, "Vi_do": 13.849747, "Cao_do": 0.0, "Khu_Lien_Hop": "Cao Nguyen", "Cong_Ty": "THACO AGRI", "Xi_Nghiep": "CAT", "Nong_Truong": "Ia Bang 2", "Khu_Vuc": "57HA", "Ten_Lo": "32", "Dien_Tich": 10.98, "Loai_Cay": "Sau Rieng", "So_Cay": 1888, "Thang_Trong": 3, "Nam_Trong": 2020, "Mat_Do": 0, "Loai_Giong": "DONA", "Luong_mua": 0, "T_toi_thap": 0, "T_toi_da": 0, "T_TB": 1, "Do_am_KK": "", "Loai_dat": "", "Do_doc": 0, "Hiuong_doc": "0", "Tang_day": 0, "pH": 0.0, "EC": 0.0, "CEC": 0.0, "OM": 0.0, "N_ts": 0.0, "P2O5_ts": 0.0, "P2O5_dt": 0.0, "K2Ots": 0.0, "K2Odt": 0.0, "Canxi_td": 0.0, "Magie_td": 0.0, "Kem_dt": 0.0, "Bo_dt": null, "Cadimi": 0.0, "Asen": 0.0, "Chi": 0.0, "Thuy_ngan": 0.0 }, "geometry": { "type": "Polygon", "coordinates": [ [ [ 107.98081, 13.848514 ], [ 107.98094, 13.847894 ], [ 107.980942, 13.847877 ], [ 107.981878, 13.84811 ], [ 107.983484, 13.84848 ], [ 107.984391, 13.848656 ], [ 107.984587, 13.849941 ], [ 107.984535, 13.850057 ], [ 107.984652, 13.850887 ], [ 107.984557, 13.850924 ], [ 107.984538, 13.850939 ], [ 107.984527, 13.850962 ], [ 107.984523, 13.851127 ], [ 107.98451, 13.851416 ], [ 107.984467, 13.851551 ], [ 107.984383, 13.851614 ], [ 107.984244, 13.85159 ], [ 107.984218, 13.851587 ], [ 107.984179, 13.851616 ], [ 107.98415, 13.851616 ], [ 107.98406, 13.851563 ], [ 107.984056, 13.851512 ], [ 107.984013, 13.851453 ], [ 107.983961, 13.851445 ], [ 107.983929, 13.85145 ], [ 107.983839, 13.851514 ], [ 107.983699, 13.851471 ], [ 107.983667, 13.851472 ], [ 107.983403, 13.851404 ], [ 107.983414, 13.851325 ], [ 107.983404, 13.851258 ], [ 107.983382, 13.851228 ], [ 107.982932, 13.85098 ], [ 107.982953, 13.850927 ], [ 107.982938, 13.850915 ], [ 107.982827, 13.850885 ], [ 107.982559, 13.850833 ], [ 107.982533, 13.85082 ], [ 107.982429, 13.850707 ], [ 107.982416, 13.850685 ], [ 107.982364, 13.850634 ], [ 107.982252, 13.850581 ], [ 107.982217, 13.850543 ], [ 107.982206, 13.850522 ], [ 107.982184, 13.850363 ], [ 107.982169, 13.850339 ], [ 107.982057, 13.850277 ], [ 107.981964, 13.850184 ], [ 107.981881, 13.850147 ], [ 107.98185, 13.850154 ], [ 107.981752, 13.850141 ], [ 107.981727, 13.850145 ], [ 107.981626, 13.850312 ], [ 107.981612, 13.850317 ], [ 107.981508, 13.850309 ], [ 107.981352, 13.850237 ], [ 107.981346, 13.850218 ], [ 107.981411, 13.849915 ], [ 107.981457, 13.849658 ], [ 107.981413, 13.849618 ], [ 107.981426, 13.849567 ], [ 107.98127, 13.849524 ], [ 107.981253, 13.849571 ], [ 107.98121, 13.849568 ], [ 107.981032, 13.849528 ], [ 107.980891, 13.8495 ], [ 107.980691, 13.84946 ], [ 107.980614, 13.849409 ], [ 107.98081, 13.848514 ] ] ] } },
{ "type": "Feature", "properties": { "Kinh_do": 107.981663, "Vi_do": 13.847018, "Cao_do": 0.0, "Khu_Lien_Hop": "Cao Nguyen", "Cong_Ty": "THACO AGRI", "Xi_Nghiep": "CAT", "Nong_Truong": "Ia Bang 2", "Khu_Vuc": "57HA", "Ten_Lo": "28", "Dien_Tich": 5.33, "Loai_Cay": "Sau Rieng", "So_Cay": 865, "Thang_Trong": 12, "Nam_Trong": 2021, "Mat_Do": 0, "Loai_Giong": "DONA", "Luong_mua": 0, "T_toi_thap": 0, "T_toi_da": 0, "T_TB": 1, "Do_am_KK": "", "Loai_dat": "", "Do_doc": 0, "Hiuong_doc": "0", "Tang_day": 0, "pH": 0.0, "EC": 0.0, "CEC": 0.0, "OM": 0.0, "N_ts": 0.0, "P2O5_ts": 0.0, "P2O5_dt": 0.0, "K2Ots": 0.0, "K2Odt": 0.0, "Canxi_td": 0.0, "Magie_td": 0.0, "Kem_dt": 0.0, "Bo_dt": null, "Cadimi": 0.0, "Asen": 0.0, "Chi": 0.0, "Thuy_ngan": 0.0 }, "geometry": { "type": "Polygon", "coordinates": [ [ [ 107.98308, 13.847004 ], [ 107.983065, 13.847437 ], [ 107.982816, 13.848326 ], [ 107.981878, 13.84811 ], [ 107.980942, 13.847877 ], [ 107.980574, 13.847778 ], [ 107.980246, 13.847669 ], [ 107.980921, 13.84571 ], [ 107.980996, 13.845755 ], [ 107.982399, 13.846593 ], [ 107.982398, 13.846595 ], [ 107.98308, 13.847004 ] ] ] } },
{ "type": "Feature", "properties": { "Kinh_do": 107.985782, "Vi_do": 13.849815, "Cao_do": 0.0, "Khu_Lien_Hop": "Cao Nguyen", "Cong_Ty": "THACO AGRI", "Xi_Nghiep": "CAT", "Nong_Truong": "Ia Bang 2", "Khu_Vuc": "57HA", "Ten_Lo": "34MR", "Dien_Tich": 3.19, "Loai_Cay": "Sau Rieng", "So_Cay": 422, "Thang_Trong": 1, "Nam_Trong": 2020, "Mat_Do": 0, "Loai_Giong": "DONA", "Luong_mua": 0, "T_toi_thap": 0, "T_toi_da": 0, "T_TB": 1, "Do_am_KK": "", "Loai_dat": "", "Do_doc": 0, "Hiuong_doc": "0", "Tang_day": 0, "pH": 0.0, "EC": 0.0, "CEC": 0.0, "OM": 0.0, "N_ts": 0.0, "P2O5_ts": 0.0, "P2O5_dt": 0.0, "K2Ots": 0.0, "K2Odt": 0.0, "Canxi_td": 0.0, "Magie_td": 0.0, "Kem_dt": 0.0, "Bo_dt": null, "Cadimi": 0.0, "Asen": 0.0, "Chi": 0.0, "Thuy_ngan": 0.0 }, "geometry": { "type": "Polygon", "coordinates": [ [ [ 107.987028, 13.85028 ], [ 107.986972, 13.85029 ], [ 107.98695, 13.850294 ], [ 107.986885, 13.850387 ], [ 107.986794, 13.850458 ], [ 107.9867, 13.850545 ], [ 107.986633, 13.850568 ], [ 107.9866, 13.850609 ], [ 107.986528, 13.850646 ], [ 107.986428, 13.850713 ], [ 107.986334, 13.850767 ], [ 107.986222, 13.850815 ], [ 107.986146, 13.850833 ], [ 107.986132, 13.850836 ], [ 107.986104, 13.850659 ], [ 107.986037, 13.850587 ], [ 107.986009, 13.850473 ], [ 107.985931, 13.850232 ], [ 107.985575, 13.850206 ], [ 107.985489, 13.850062 ], [ 107.985476, 13.850097 ], [ 107.985447, 13.850136 ], [ 107.98529, 13.850315 ], [ 107.985258, 13.850362 ], [ 107.985233, 13.850356 ], [ 107.985005, 13.850517 ], [ 107.984739, 13.85075 ], [ 107.984696, 13.850826 ], [ 107.984689, 13.850849 ], [ 107.984659, 13.850885 ], [ 107.984652, 13.850887 ], [ 107.984535, 13.850057 ], [ 107.984587, 13.849941 ], [ 107.984733, 13.850036 ], [ 107.984857, 13.850027 ], [ 107.984972, 13.84992 ], [ 107.985364, 13.849387 ], [ 107.985612, 13.849178 ], [ 107.986152, 13.848835 ], [ 107.986252, 13.848774 ], [ 107.98642, 13.848742 ], [ 107.98697, 13.850135 ], [ 107.987028, 13.85028 ] ] ] } },
{ "type": "Feature", "properties": { "Kinh_do": 107.984879, "Vi_do": 13.848737, "Cao_do": 0.0, "Khu_Lien_Hop": "Cao Nguyen", "Cong_Ty": "THACO AGRI", "Xi_Nghiep": "CAT", "Nong_Truong": "Ia Bang 2", "Khu_Vuc": "57HA", "Ten_Lo": "33", "Dien_Tich": 7.08, "Loai_Cay": "Sau Rieng", "So_Cay": 1052, "Thang_Trong": 7, "Nam_Trong": 2021, "Mat_Do": 0, "Loai_Giong": "DONA", "Luong_mua": 0, "T_toi_thap": 0, "T_toi_da": 0, "T_TB": 1, "Do_am_KK": "", "Loai_dat": "", "Do_doc": 0, "Hiuong_doc": "0", "Tang_day": 0, "pH": 0.0, "EC": 0.0, "CEC": 0.0, "OM": 0.0, "N_ts": 0.0, "P2O5_ts": 0.0, "P2O5_dt": 0.0, "K2Ots": 0.0, "K2Odt": 0.0, "Canxi_td": 0.0, "Magie_td": 0.0, "Kem_dt": 0.0, "Bo_dt": null, "Cadimi": 0.0, "Asen": 0.0, "Chi": 0.0, "Thuy_ngan": 0.0 }, "geometry": { "type": "Polygon", "coordinates": [ [ [ 107.983065, 13.847437 ], [ 107.9844, 13.847473 ], [ 107.985646, 13.847507 ], [ 107.986941, 13.847542 ], [ 107.986912, 13.848748 ], [ 107.986713, 13.84873 ], [ 107.986482, 13.848733 ], [ 107.98642, 13.848742 ], [ 107.986252, 13.848774 ], [ 107.986152, 13.848835 ], [ 107.985612, 13.849178 ], [ 107.985364, 13.849387 ], [ 107.984972, 13.84992 ], [ 107.984857, 13.850027 ], [ 107.984733, 13.850036 ], [ 107.984587, 13.849941 ], [ 107.984391, 13.848656 ], [ 107.983484, 13.84848 ], [ 107.982816, 13.848326 ], [ 107.983065, 13.847437 ] ] ] } },
{ "type": "Feature", "properties": { "Kinh_do": 107.988148, "Vi_do": 13.847759, "Cao_do": 0.0, "Khu_Lien_Hop": "Cao Nguyen", "Cong_Ty": "THACO AGRI", "Xi_Nghiep": "CAT", "Nong_Truong": "Ia Bang 2", "Khu_Vuc": "57HA", "Ten_Lo": "35", "Dien_Tich": 5.99, "Loai_Cay": "Sau Rieng", "So_Cay": 937, "Thang_Trong": 7, "Nam_Trong": 2021, "Mat_Do": 0, "Loai_Giong": "DONA", "Luong_mua": 0, "T_toi_thap": 0, "T_toi_da": 0, "T_TB": 1, "Do_am_KK": "", "Loai_dat": "", "Do_doc": 0, "Hiuong_doc": "0", "Tang_day": 0, "pH": 0.0, "EC": 0.0, "CEC": 0.0, "OM": 0.0, "N_ts": 0.0, "P2O5_ts": 0.0, "P2O5_dt": 0.0, "K2Ots": 0.0, "K2Odt": 0.0, "Canxi_td": 0.0, "Magie_td": 0.0, "Kem_dt": 0.0, "Bo_dt": null, "Cadimi": 0.0, "Asen": 0.0, "Chi": 0.0, "Thuy_ngan": 0.0 }, "geometry": { "type": "Polygon", "coordinates": [ [ [ 107.989351, 13.847584 ], [ 107.989342, 13.848029 ], [ 107.989328, 13.84811 ], [ 107.989301, 13.848151 ], [ 107.989311, 13.84836 ], [ 107.989325, 13.848541 ], [ 107.989334, 13.848606 ], [ 107.988825, 13.848744 ], [ 107.988355, 13.848851 ], [ 107.988032, 13.848879 ], [ 107.987239, 13.848777 ], [ 107.986912, 13.848748 ], [ 107.986941, 13.847542 ], [ 107.986972, 13.846638 ], [ 107.988158, 13.846729 ], [ 107.989281, 13.846757 ], [ 107.989384, 13.846795 ], [ 107.989351, 13.847584 ] ] ] } },
{ "type": "Feature", "properties": { "Kinh_do": 107.988178, "Vi_do": 13.845135, "Cao_do": 0.0, "Khu_Lien_Hop": "Cao Nguyen", "Cong_Ty": "THACO AGRI", "Xi_Nghiep": "CAT", "Nong_Truong": "Ia Bang 2", "Khu_Vuc": "57HA", "Ten_Lo": "7", "Dien_Tich": 7.18, "Loai_Cay": "Sau Rieng", "So_Cay": 1277, "Thang_Trong": 8, "Nam_Trong": 2022, "Mat_Do": 0, "Loai_Giong": "DONA", "Luong_mua": 0, "T_toi_thap": 0, "T_toi_da": 0, "T_TB": 1, "Do_am_KK": "", "Loai_dat": "", "Do_doc": 0, "Hiuong_doc": "0", "Tang_day": 0, "pH": 0.0, "EC": 0.0, "CEC": 0.0, "OM": 0.0, "N_ts": 0.0, "P2O5_ts": 0.0, "P2O5_dt": 0.0, "K2Ots": 0.0, "K2Odt": 0.0, "Canxi_td": 0.0, "Magie_td": 0.0, "Kem_dt": 0.0, "Bo_dt": null, "Cadimi": 0.0, "Asen": 0.0, "Chi": 0.0, "Thuy_ngan": 0.0 }, "geometry": { "type": "Polygon", "coordinates": [ [ [ 107.987035, 13.8448 ], [ 107.988079, 13.844764 ], [ 107.987993, 13.843544 ], [ 107.989169, 13.843475 ], [ 107.989317, 13.845646 ], [ 107.989384, 13.846795 ], [ 107.989281, 13.846757 ], [ 107.988158, 13.846729 ], [ 107.986972, 13.846638 ], [ 107.987035, 13.8448 ] ] ] } },
{ "type": "Feature", "properties": { "Kinh_do": 107.990327, "Vi_do": 13.846605, "Cao_do": 0.0, "Khu_Lien_Hop": "Cao Nguyen", "Cong_Ty": "THACO AGRI", "Xi_Nghiep": "CAT", "Nong_Truong": "Ia Bang 1", "Khu_Vuc": "VP 1+2", "Ten_Lo": "6", "Dien_Tich": 2.59, "Loai_Cay": "Sau Rieng", "So_Cay": 629, "Thang_Trong": 3, "Nam_Trong": 2021, "Mat_Do": 0, "Loai_Giong": "DONA", "Luong_mua": 0, "T_toi_thap": 0, "T_toi_da": 0, "T_TB": 1, "Do_am_KK": "", "Loai_dat": "", "Do_doc": 0, "Hiuong_doc": "0", "Tang_day": 0, "pH": 0.0, "EC": 0.0, "CEC": 0.0, "OM": 0.0, "N_ts": 0.0, "P2O5_ts": 0.0, "P2O5_dt": 0.0, "K2Ots": 0.0, "K2Odt": 0.0, "Canxi_td": 0.0, "Magie_td": 0.0, "Kem_dt": 0.0, "Bo_dt": null, "Cadimi": 0.0, "Asen": 0.0, "Chi": 0.0, "Thuy_ngan": 0.0 }, "geometry": { "type": "Polygon", "coordinates": [ [ [ 107.989713, 13.845734 ], [ 107.990862, 13.845562 ], [ 107.990875, 13.845826 ], [ 107.990869, 13.845928 ], [ 107.990886, 13.845944 ], [ 107.990872, 13.845996 ], [ 107.990863, 13.846023 ], [ 107.990896, 13.846672 ], [ 107.990926, 13.847266 ], [ 107.990941, 13.847476 ], [ 107.990906, 13.847482 ], [ 107.990859, 13.84757 ], [ 107.99083, 13.847604 ], [ 107.990772, 13.847628 ], [ 107.990684, 13.847641 ], [ 107.990197, 13.847648 ], [ 107.990131, 13.847635 ], [ 107.990073, 13.847612 ], [ 107.990049, 13.847569 ], [ 107.990024, 13.847448 ], [ 107.989999, 13.847304 ], [ 107.98999, 13.847285 ], [ 107.989981, 13.847275 ], [ 107.989969, 13.847267 ], [ 107.989906, 13.847237 ], [ 107.98989, 13.847229 ], [ 107.989866, 13.847227 ], [ 107.989855, 13.847227 ], [ 107.989842, 13.847227 ], [ 107.989827, 13.847222 ], [ 107.989815, 13.847212 ], [ 107.989807, 13.8472 ], [ 107.989801, 13.847189 ], [ 107.989796, 13.847179 ], [ 107.989793, 13.847146 ], [ 107.98977, 13.84676 ], [ 107.989713, 13.845734 ] ] ] } },
{ "type": "Feature", "properties": { "Kinh_do": 107.978063, "Vi_do": 13.837871, "Cao_do": 0.0, "Khu_Lien_Hop": "Cao Nguyen", "Cong_Ty": "THACO AGRI", "Xi_Nghiep": "CAT", "Nong_Truong": "Ia Bang 1", "Khu_Vuc": "VP 3", "Ten_Lo": "21", "Dien_Tich": 4.0, "Loai_Cay": "Sau Rieng", "So_Cay": 685, "Thang_Trong": 5, "Nam_Trong": 2022, "Mat_Do": 0, "Loai_Giong": "DONA", "Luong_mua": 0, "T_toi_thap": 0, "T_toi_da": 0, "T_TB": 1, "Do_am_KK": "", "Loai_dat": "", "Do_doc": 0, "Hiuong_doc": "0", "Tang_day": 0, "pH": 0.0, "EC": 0.0, "CEC": 0.0, "OM": 0.0, "N_ts": 0.0, "P2O5_ts": 0.0, "P2O5_dt": 0.0, "K2Ots": 0.0, "K2Odt": 0.0, "Canxi_td": 0.0, "Magie_td": 0.0, "Kem_dt": 0.0, "Bo_dt": null, "Cadimi": 0.0, "Asen": 0.0, "Chi": 0.0, "Thuy_ngan": 0.0 }, "geometry": { "type": "Polygon", "coordinates": [ [ [ 107.9784, 13.839169 ], [ 107.977951, 13.838915 ], [ 107.977884, 13.838874 ], [ 107.976936, 13.838233 ], [ 107.976906, 13.838172 ], [ 107.976934, 13.838133 ], [ 107.977228, 13.837718 ], [ 107.977875, 13.836851 ], [ 107.978005, 13.836666 ], [ 107.978107, 13.836529 ], [ 107.97922, 13.837264 ], [ 107.978471, 13.839213 ], [ 107.9784, 13.839169 ] ] ] } },
{ "type": "Feature", "properties": { "Kinh_do": 107.980258, "Vi_do": 13.837312, "Cao_do": 0.0, "Khu_Lien_Hop": "Cao Nguyen", "Cong_Ty": "THACO AGRI", "Xi_Nghiep": "CAT", "Nong_Truong": "Ia Bang 1", "Khu_Vuc": "VP 3", "Ten_Lo": "19", "Dien_Tich": 6.69, "Loai_Cay": "Sau Rieng", "So_Cay": 1000, "Thang_Trong": 10, "Nam_Trong": 2021, "Mat_Do": 0, "Loai_Giong": "DONA", "Luong_mua": 0, "T_toi_thap": 0, "T_toi_da": 0, "T_TB": 1, "Do_am_KK": "", "Loai_dat": "", "Do_doc": 0, "Hiuong_doc": "0", "Tang_day": 0, "pH": 0.0, "EC": 0.0, "CEC": 0.0, "OM": 0.0, "N_ts": 0.0, "P2O5_ts": 0.0, "P2O5_dt": 0.0, "K2Ots": 0.0, "K2Odt": 0.0, "Canxi_td": 0.0, "Magie_td": 0.0, "Kem_dt": 0.0, "Bo_dt": null, "Cadimi": 0.0, "Asen": 0.0, "Chi": 0.0, "Thuy_ngan": 0.0 }, "geometry": { "type": "Polygon", "coordinates": [ [ [ 107.978133, 13.836494 ], [ 107.978379, 13.836173 ], [ 107.978427, 13.836189 ], [ 107.978586, 13.836138 ], [ 107.978696, 13.835999 ], [ 107.978733, 13.835953 ], [ 107.979848, 13.836738 ], [ 107.980431, 13.837127 ], [ 107.981461, 13.835763 ], [ 107.981526, 13.835778 ], [ 107.981613, 13.835849 ], [ 107.981713, 13.835956 ], [ 107.981895, 13.836197 ], [ 107.981934, 13.836241 ], [ 107.981957, 13.836258 ], [ 107.982267, 13.836495 ], [ 107.982318, 13.83654 ], [ 107.982394, 13.836604 ], [ 107.982409, 13.836614 ], [ 107.981585, 13.83886 ], [ 107.980152, 13.837872 ], [ 107.97922, 13.837264 ], [ 107.978107, 13.836529 ], [ 107.978133, 13.836494 ] ] ] } },
{ "type": "Feature", "properties": { "Kinh_do": 107.982484, "Vi_do": 13.841037, "Cao_do": 0.0, "Khu_Lien_Hop": "Cao Nguyen", "Cong_Ty": "THACO AGRI", "Xi_Nghiep": "CAT", "Nong_Truong": "Ia Bang 1", "Khu_Vuc": "VP 3", "Ten_Lo": "17", "Dien_Tich": 5.86, "Loai_Cay": "Sau Rieng", "So_Cay": 1384, "Thang_Trong": 12, "Nam_Trong": 2019, "Mat_Do": 0, "Loai_Giong": "DONA", "Luong_mua": 0, "T_toi_thap": 0, "T_toi_da": 0, "T_TB": 1, "Do_am_KK": "", "Loai_dat": "", "Do_doc": 0, "Hiuong_doc": "0", "Tang_day": 0, "pH": 0.0, "EC": 0.0, "CEC": 0.0, "OM": 0.0, "N_ts": 0.0, "P2O5_ts": 0.0, "P2O5_dt": 0.0, "K2Ots": 0.0, "K2Odt": 0.0, "Canxi_td": 0.0, "Magie_td": 0.0, "Kem_dt": 0.0, "Bo_dt": null, "Cadimi": 0.0, "Asen": 0.0, "Chi": 0.0, "Thuy_ngan": 0.0 }, "geometry": { "type": "Polygon", "coordinates": [ [ [ 107.983209, 13.842672 ], [ 107.983192, 13.842691 ], [ 107.983158, 13.842674 ], [ 107.983079, 13.842623 ], [ 107.982307, 13.842046 ], [ 107.981631, 13.841546 ], [ 107.980904, 13.840998 ], [ 107.980845, 13.840956 ], [ 107.98141, 13.839356 ], [ 107.984122, 13.841727 ], [ 107.983348, 13.842718 ], [ 107.983209, 13.842672 ] ] ] } },
{ "type": "Feature", "properties": { "Kinh_do": 107.982461, "Vi_do": 13.83889, "Cao_do": 0.0, "Khu_Lien_Hop": "Cao Nguyen", "Cong_Ty": "THACO AGRI", "Xi_Nghiep": "CAT", "Nong_Truong": "Ia Bang 1", "Khu_Vuc": "VP 3", "Ten_Lo": "16", "Dien_Tich": 6.57, "Loai_Cay": "Sau Rieng", "So_Cay": 1051, "Thang_Trong": 10, "Nam_Trong": 2021, "Mat_Do": 0, "Loai_Giong": "DONA", "Luong_mua": 0, "T_toi_thap": 0, "T_toi_da": 0, "T_TB": 1, "Do_am_KK": "", "Loai_dat": "", "Do_doc": 0, "Hiuong_doc": "0", "Tang_day": 0, "pH": 0.0, "EC": 0.0, "CEC": 0.0, "OM": 0.0, "N_ts": 0.0, "P2O5_ts": 0.0, "P2O5_dt": 0.0, "K2Ots": 0.0, "K2Odt": 0.0, "Canxi_td": 0.0, "Magie_td": 0.0, "Kem_dt": 0.0, "Bo_dt": null, "Cadimi": 0.0, "Asen": 0.0, "Chi": 0.0, "Thuy_ngan": 0.0 }, "geometry": { "type": "Polygon", "coordinates": [ [ [ 107.981585, 13.83886 ], [ 107.982409, 13.836614 ], [ 107.982394, 13.836604 ], [ 107.982439, 13.836636 ], [ 107.982525, 13.836676 ], [ 107.982652, 13.836734 ], [ 107.982717, 13.836778 ], [ 107.982807, 13.836855 ], [ 107.98291, 13.83695 ], [ 107.982954, 13.837009 ], [ 107.982971, 13.837031 ], [ 107.982993, 13.83706 ], [ 107.983029, 13.837089 ], [ 107.983123, 13.837152 ], [ 107.983374, 13.837316 ], [ 107.983415, 13.837347 ], [ 107.983461, 13.837387 ], [ 107.983512, 13.837451 ], [ 107.983409, 13.83811 ], [ 107.983406, 13.838176 ], [ 107.983426, 13.838247 ], [ 107.983456, 13.838316 ], [ 107.98336, 13.838774 ], [ 107.983245, 13.839224 ], [ 107.983327, 13.839767 ], [ 107.983446, 13.84037 ], [ 107.983491, 13.841175 ], [ 107.98141, 13.839356 ], [ 107.981585, 13.83886 ] ] ] } },
{ "type": "Feature", "properties": { "Kinh_do": 107.984835, "Vi_do": 13.839999, "Cao_do": 0.0, "Khu_Lien_Hop": "Cao Nguyen", "Cong_Ty": "THACO AGRI", "Xi_Nghiep": "CAT", "Nong_Truong": "Ia Bang 1", "Khu_Vuc": "VP 3", "Ten_Lo": "15", "Dien_Tich": 8.99, "Loai_Cay": "Sau Rieng", "So_Cay": 1315, "Thang_Trong": 10, "Nam_Trong": 2021, "Mat_Do": 0, "Loai_Giong": "DONA", "Luong_mua": 0, "T_toi_thap": 0, "T_toi_da": 0, "T_TB": 1, "Do_am_KK": "", "Loai_dat": "", "Do_doc": 0, "Hiuong_doc": "0", "Tang_day": 0, "pH": 0.0, "EC": 0.0, "CEC": 0.0, "OM": 0.0, "N_ts": 0.0, "P2O5_ts": 0.0, "P2O5_dt": 0.0, "K2Ots": 0.0, "K2Odt": 0.0, "Canxi_td": 0.0, "Magie_td": 0.0, "Kem_dt": 0.0, "Bo_dt": null, "Cadimi": 0.0, "Asen": 0.0, "Chi": 0.0, "Thuy_ngan": 0.0 }, "geometry": { "type": "Polygon", "coordinates": [ [ [ 107.983491, 13.841175 ], [ 107.983446, 13.84037 ], [ 107.983327, 13.839767 ], [ 107.983245, 13.839224 ], [ 107.98336, 13.838774 ], [ 107.983456, 13.838316 ], [ 107.98347, 13.838333 ], [ 107.983534, 13.838342 ], [ 107.983558, 13.838324 ], [ 107.983596, 13.83827 ], [ 107.98376, 13.83827 ], [ 107.98386, 13.83827 ], [ 107.983939, 13.838278 ], [ 107.984036, 13.838284 ], [ 107.984088, 13.838299 ], [ 107.984115, 13.838317 ], [ 107.984425, 13.838528 ], [ 107.985001, 13.838924 ], [ 107.985672, 13.839384 ], [ 107.985694, 13.839387 ], [ 107.985719, 13.839384 ], [ 107.985737, 13.839366 ], [ 107.985746, 13.839342 ], [ 107.98575, 13.839319 ], [ 107.985744, 13.839294 ], [ 107.98573, 13.839276 ], [ 107.985715, 13.839255 ], [ 107.985697, 13.839239 ], [ 107.985611, 13.83918 ], [ 107.984985, 13.838754 ], [ 107.98464, 13.83852 ], [ 107.984655, 13.838459 ], [ 107.984679, 13.838389 ], [ 107.9847, 13.838337 ], [ 107.984779, 13.838323 ], [ 107.984804, 13.838317 ], [ 107.985004, 13.838321 ], [ 107.98515, 13.838344 ], [ 107.985587, 13.838665 ], [ 107.985791, 13.838794 ], [ 107.985844, 13.838818 ], [ 107.985871, 13.838824 ], [ 107.985909, 13.838813 ], [ 107.985926, 13.8388 ], [ 107.985937, 13.838777 ], [ 107.985944, 13.838748 ], [ 107.985967, 13.838585 ], [ 107.985974, 13.838558 ], [ 107.985997, 13.838549 ], [ 107.986026, 13.838547 ], [ 107.986094, 13.838551 ], [ 107.986118, 13.838551 ], [ 107.986292, 13.838587 ], [ 107.98632, 13.838595 ], [ 107.986338, 13.838611 ], [ 107.986355, 13.838629 ], [ 107.986368, 13.838651 ], [ 107.986377, 13.838675 ], [ 107.986386, 13.838727 ], [ 107.986394, 13.838781 ], [ 107.986407, 13.838911 ], [ 107.986414, 13.838935 ], [ 107.986425, 13.83896 ], [ 107.986411, 13.840711 ], [ 107.984925, 13.840646 ], [ 107.984122, 13.841727 ], [ 107.983491, 13.841175 ] ] ] } },
{ "type": "Feature", "properties": { "Kinh_do": 107.987787, "Vi_do": 13.842097, "Cao_do": 0.0, "Khu_Lien_Hop": "Cao Nguyen", "Cong_Ty": "THACO AGRI", "Xi_Nghiep": "CAT", "Nong_Truong": "Ia Bang 1", "Khu_Vuc": "TL VP", "Ten_Lo": "12", "Dien_Tich": 5.32, "Loai_Cay": "Sau Rieng", "So_Cay": 960, "Thang_Trong": 7, "Nam_Trong": 2022, "Mat_Do": 0, "Loai_Giong": "DONA", "Luong_mua": 0, "T_toi_thap": 0, "T_toi_da": 0, "T_TB": 1, "Do_am_KK": "", "Loai_dat": "", "Do_doc": 0, "Hiuong_doc": "0", "Tang_day": 0, "pH": 0.0, "EC": 0.0, "CEC": 0.0, "OM": 0.0, "N_ts": 0.0, "P2O5_ts": 0.0, "P2O5_dt": 0.0, "K2Ots": 0.0, "K2Odt": 0.0, "Canxi_td": 0.0, "Magie_td": 0.0, "Kem_dt": 0.0, "Bo_dt": null, "Cadimi": 0.0, "Asen": 0.0, "Chi": 0.0, "Thuy_ngan": 0.0 }, "geometry": { "type": "Polygon", "coordinates": [ [ [ 107.989079, 13.84147 ], [ 107.989093, 13.841792 ], [ 107.989103, 13.841995 ], [ 107.989114, 13.842165 ], [ 107.989158, 13.842949 ], [ 107.986493, 13.842881 ], [ 107.986482, 13.84286 ], [ 107.986465, 13.842842 ], [ 107.98646, 13.842823 ], [ 107.986427, 13.842823 ], [ 107.986415, 13.841245 ], [ 107.989062, 13.841284 ], [ 107.989079, 13.84147 ] ] ] } },
{ "type": "Feature", "properties": { "Kinh_do": 107.987737, "Vi_do": 13.840122, "Cao_do": 0.0, "Khu_Lien_Hop": "Cao Nguyen", "Cong_Ty": "THACO AGRI", "Xi_Nghiep": "CAT", "Nong_Truong": "Ia Bang 1", "Khu_Vuc": "VP 3", "Ten_Lo": "13", "Dien_Tich": 6.28, "Loai_Cay": "Sau Rieng", "So_Cay": 945, "Thang_Trong": 10, "Nam_Trong": 2021, "Mat_Do": 0, "Loai_Giong": "DONA", "Luong_mua": 0, "T_toi_thap": 0, "T_toi_da": 0, "T_TB": 1, "Do_am_KK": "", "Loai_dat": "", "Do_doc": 0, "Hiuong_doc": "0", "Tang_day": 0, "pH": 0.0, "EC": 0.0, "CEC": 0.0, "OM": 0.0, "N_ts": 0.0, "P2O5_ts": 0.0, "P2O5_dt": 0.0, "K2Ots": 0.0, "K2Odt": 0.0, "Canxi_td": 0.0, "Magie_td": 0.0, "Kem_dt": 0.0, "Bo_dt": null, "Cadimi": 0.0, "Asen": 0.0, "Chi": 0.0, "Thuy_ngan": 0.0 }, "geometry": { "type": "Polygon", "coordinates": [ [ [ 107.986411, 13.840711 ], [ 107.986425, 13.83896 ], [ 107.986443, 13.838975 ], [ 107.986606, 13.839033 ], [ 107.986771, 13.839091 ], [ 107.98714, 13.83924 ], [ 107.987194, 13.839251 ], [ 107.987232, 13.839255 ], [ 107.987305, 13.839261 ], [ 107.987572, 13.839271 ], [ 107.987917, 13.83928 ], [ 107.988303, 13.839293 ], [ 107.988843, 13.839323 ], [ 107.988897, 13.83933 ], [ 107.988919, 13.839343 ], [ 107.98894, 13.839364 ], [ 107.988966, 13.839699 ], [ 107.988978, 13.839722 ], [ 107.988959, 13.839786 ], [ 107.988963, 13.840009 ], [ 107.989059, 13.841242 ], [ 107.989062, 13.841284 ], [ 107.986415, 13.841245 ], [ 107.986411, 13.840711 ] ] ] } },
{ "type": "Feature", "properties": { "Kinh_do": 107.990053, "Vi_do": 13.841357, "Cao_do": 0.0, "Khu_Lien_Hop": "Cao Nguyen", "Cong_Ty": "THACO AGRI", "Xi_Nghiep": "CAT", "Nong_Truong": "Ia Bang 1", "Khu_Vuc": "VP 1+2", "Ten_Lo": "11", "Dien_Tich": 6.6, "Loai_Cay": "Sau Rieng", "So_Cay": 1125, "Thang_Trong": 14, "Nam_Trong": 4042, "Mat_Do": 0, "Loai_Giong": "DONA", "Luong_mua": 0, "T_toi_thap": 0, "T_toi_da": 0, "T_TB": 2, "Do_am_KK": "", "Loai_dat": "", "Do_doc": 0, "Hiuong_doc": "0", "Tang_day": 0, "pH": 0.0, "EC": 0.0, "CEC": 0.0, "OM": 0.0, "N_ts": 0.0, "P2O5_ts": 0.0, "P2O5_dt": 0.0, "K2Ots": 0.0, "K2Odt": 0.0, "Canxi_td": 0.0, "Magie_td": 0.0, "Kem_dt": 0.0, "Bo_dt": null, "Cadimi": 0.0, "Asen": 0.0, "Chi": 0.0, "Thuy_ngan": 0.0 }, "geometry": { "type": "MultiPolygon", "coordinates": [ [ [ [ 107.990726, 13.842912 ], [ 107.990695, 13.842921 ], [ 107.989601, 13.842952 ], [ 107.989531, 13.842959 ], [ 107.989552, 13.842939 ], [ 107.989552, 13.842906 ], [ 107.989492, 13.841429 ], [ 107.989492, 13.841395 ], [ 107.989492, 13.841365 ], [ 107.989491, 13.84134 ], [ 107.989453, 13.840648 ], [ 107.989453, 13.840622 ], [ 107.989452, 13.840594 ], [ 107.989449, 13.840566 ], [ 107.989387, 13.839877 ], [ 107.989383, 13.839837 ], [ 107.98938, 13.839767 ], [ 107.990271, 13.839756 ], [ 107.990542, 13.839755 ], [ 107.990543, 13.839797 ], [ 107.990588, 13.840609 ], [ 107.990623, 13.841282 ], [ 107.990679, 13.842176 ], [ 107.990726, 13.842912 ] ] ], [ [ [ 107.991556, 13.842882 ], [ 107.991506, 13.842886 ], [ 107.991383, 13.842896 ], [ 107.991298, 13.842903 ], [ 107.991278, 13.842905 ], [ 107.990965, 13.842904 ], [ 107.990902, 13.842018 ], [ 107.990901, 13.841981 ], [ 107.990784, 13.839805 ], [ 107.990781, 13.839764 ], [ 107.990945, 13.839771 ], [ 107.99112, 13.839776 ], [ 107.991213, 13.839774 ], [ 107.991228, 13.839774 ], [ 107.991335, 13.839772 ], [ 107.991358, 13.839771 ], [ 107.991396, 13.839771 ], [ 107.991449, 13.841483 ], [ 107.991556, 13.842882 ] ] ] ] } },
{ "type": "Feature", "properties": { "Kinh_do": 107.992995, "Vi_do": 13.840883, "Cao_do": 0.0, "Khu_Lien_Hop": "Cao Nguyen", "Cong_Ty": "THACO AGRI", "Xi_Nghiep": "CAT", "Nong_Truong": "Ia Bang 1", "Khu_Vuc": "VP 1+2", "Ten_Lo": "9", "Dien_Tich": 6.28, "Loai_Cay": "Sau Rieng", "So_Cay": 1260, "Thang_Trong": 3, "Nam_Trong": 2020, "Mat_Do": 0, "Loai_Giong": "DONA", "Luong_mua": 0, "T_toi_thap": 0, "T_toi_da": 0, "T_TB": 1, "Do_am_KK": "", "Loai_dat": "", "Do_doc": 0, "Hiuong_doc": "0", "Tang_day": 0, "pH": 0.0, "EC": 0.0, "CEC": 0.0, "OM": 0.0, "N_ts": 0.0, "P2O5_ts": 0.0, "P2O5_dt": 0.0, "K2Ots": 0.0, "K2Odt": 0.0, "Canxi_td": 0.0, "Magie_td": 0.0, "Kem_dt": 0.0, "Bo_dt": null, "Cadimi": 0.0, "Asen": 0.0, "Chi": 0.0, "Thuy_ngan": 0.0 }, "geometry": { "type": "Polygon", "coordinates": [ [ [ 107.991754, 13.839772 ], [ 107.991833, 13.839779 ], [ 107.991911, 13.839785 ], [ 107.99192, 13.839826 ], [ 107.991922, 13.839852 ], [ 107.991926, 13.839909 ], [ 107.991932, 13.840146 ], [ 107.991935, 13.840171 ], [ 107.991941, 13.840197 ], [ 107.991952, 13.84022 ], [ 107.991969, 13.840237 ], [ 107.992155, 13.840284 ], [ 107.992309, 13.840309 ], [ 107.992555, 13.84031 ], [ 107.992608, 13.840301 ], [ 107.992628, 13.840285 ], [ 107.992696, 13.840396 ], [ 107.994623, 13.840382 ], [ 107.994623, 13.840427 ], [ 107.994632, 13.841837 ], [ 107.992788, 13.841911 ], [ 107.991488, 13.841994 ], [ 107.991449, 13.841483 ], [ 107.991396, 13.839771 ], [ 107.991358, 13.839771 ], [ 107.991754, 13.839772 ] ] ] } },
{ "type": "Feature", "properties": { "Kinh_do": 107.993641, "Vi_do": 13.839468, "Cao_do": 0.0, "Khu_Lien_Hop": "Cao Nguyen", "Cong_Ty": "THACO AGRI", "Xi_Nghiep": "CAT", "Nong_Truong": "Ia Bang 1", "Khu_Vuc": "VP 1+2", "Ten_Lo": "10", "Dien_Tich": 4.15, "Loai_Cay": "Sau Rieng", "So_Cay": 859, "Thang_Trong": 3, "Nam_Trong": 2020, "Mat_Do": 0, "Loai_Giong": "DONA", "Luong_mua": 0, "T_toi_thap": 0, "T_toi_da": 0, "T_TB": 1, "Do_am_KK": "", "Loai_dat": "", "Do_doc": 0, "Hiuong_doc": "0", "Tang_day": 0, "pH": 0.0, "EC": 0.0, "CEC": 0.0, "OM": 0.0, "N_ts": 0.0, "P2O5_ts": 0.0, "P2O5_dt": 0.0, "K2Ots": 0.0, "K2Odt": 0.0, "Canxi_td": 0.0, "Magie_td": 0.0, "Kem_dt": 0.0, "Bo_dt": null, "Cadimi": 0.0, "Asen": 0.0, "Chi": 0.0, "Thuy_ngan": 0.0 }, "geometry": { "type": "Polygon", "coordinates": [ [ [ 107.992636, 13.840256 ], [ 107.99265, 13.840101 ], [ 107.992664, 13.840049 ], [ 107.992683, 13.840001 ], [ 107.992698, 13.839975 ], [ 107.992724, 13.83993 ], [ 107.99274, 13.839911 ], [ 107.99275, 13.839886 ], [ 107.992758, 13.839861 ], [ 107.992764, 13.839837 ], [ 107.992763, 13.839809 ], [ 107.992757, 13.839469 ], [ 107.992748, 13.839091 ], [ 107.992746, 13.839029 ], [ 107.992744, 13.838715 ], [ 107.992745, 13.838701 ], [ 107.992763, 13.83859 ], [ 107.992773, 13.83854 ], [ 107.99301, 13.838552 ], [ 107.994635, 13.838614 ], [ 107.994654, 13.838615 ], [ 107.994623, 13.840382 ], [ 107.992696, 13.840396 ], [ 107.992628, 13.840285 ], [ 107.992636, 13.840256 ] ] ] } },
{ "type": "Feature", "properties": { "Kinh_do": 107.990015, "Vi_do": 13.84488, "Cao_do": 0.0, "Khu_Lien_Hop": "Cao Nguyen", "Cong_Ty": "THACO AGRI", "Xi_Nghiep": "CAT", "Nong_Truong": "Ia Bang 1", "Khu_Vuc": "VP 1+2", "Ten_Lo": "5", "Dien_Tich": 6.63, "Loai_Cay": "Sau Rieng", "So_Cay": 775, "Thang_Trong": 6, "Nam_Trong": 4042, "Mat_Do": 0, "Loai_Giong": "DONA", "Luong_mua": 0, "T_toi_thap": 0, "T_toi_da": 0, "T_TB": 2, "Do_am_KK": "", "Loai_dat": "", "Do_doc": 0, "Hiuong_doc": "0", "Tang_day": 0, "pH": 0.0, "EC": 0.0, "CEC": 0.0, "OM": 0.0, "N_ts": 0.0, "P2O5_ts": 0.0, "P2O5_dt": 0.0, "K2Ots": 0.0, "K2Odt": 0.0, "Canxi_td": 0.0, "Magie_td": 0.0, "Kem_dt": 0.0, "Bo_dt": null, "Cadimi": 0.0, "Asen": 0.0, "Chi": 0.0, "Thuy_ngan": 0.0 }, "geometry": { "type": "MultiPolygon", "coordinates": [ [ [ [ 107.990862, 13.845562 ], [ 107.989713, 13.845734 ], [ 107.98977, 13.84676 ], [ 107.989451, 13.846778 ], [ 107.989414, 13.846787 ], [ 107.989384, 13.846795 ], [ 107.989317, 13.845646 ], [ 107.989169, 13.843475 ], [ 107.989583, 13.843457 ], [ 107.989553, 13.843073 ], [ 107.989605, 13.843046 ], [ 107.989605, 13.843 ], [ 107.990645, 13.842967 ], [ 107.990745, 13.842965 ], [ 107.990728, 13.842985 ], [ 107.990717, 13.843031 ], [ 107.990718, 13.843049 ], [ 107.990769, 13.844091 ], [ 107.990858, 13.845469 ], [ 107.990862, 13.845562 ] ] ], [ [ [ 107.991494, 13.845925 ], [ 107.991469, 13.845952 ], [ 107.991104, 13.845968 ], [ 107.991109, 13.84594 ], [ 107.991119, 13.845894 ], [ 107.9911, 13.845706 ], [ 107.991079, 13.845448 ], [ 107.991052, 13.845089 ], [ 107.991046, 13.844872 ], [ 107.991025, 13.844717 ], [ 107.991005, 13.844387 ], [ 107.990996, 13.8443 ], [ 107.990978, 13.844062 ], [ 107.990971, 13.843833 ], [ 107.990954, 13.84367 ], [ 107.990943, 13.843511 ], [ 107.99094, 13.843366 ], [ 107.990933, 13.84309 ], [ 107.990926, 13.843035 ], [ 107.990928, 13.843007 ], [ 107.990933, 13.842964 ], [ 107.991277, 13.842965 ], [ 107.991363, 13.842967 ], [ 107.991361, 13.842977 ], [ 107.991369, 13.843183 ], [ 107.991378, 13.843372 ], [ 107.991359, 13.843497 ], [ 107.991343, 13.843621 ], [ 107.991317, 13.843818 ], [ 107.991322, 13.844125 ], [ 107.991346, 13.844342 ], [ 107.991359, 13.844423 ], [ 107.991387, 13.844566 ], [ 107.991405, 13.844618 ], [ 107.991413, 13.844696 ], [ 107.99142, 13.844827 ], [ 107.991428, 13.844977 ], [ 107.991406, 13.845198 ], [ 107.991413, 13.845232 ], [ 107.99143, 13.845348 ], [ 107.991433, 13.845357 ], [ 107.991454, 13.8455 ], [ 107.991468, 13.84568 ], [ 107.991489, 13.845874 ], [ 107.991494, 13.845925 ] ] ] ] } },
{ "type": "Feature", "properties": { "Kinh_do": 107.993197, "Vi_do": 13.844899, "Cao_do": 0.0, "Khu_Lien_Hop": "Cao Nguyen", "Cong_Ty": "THACO AGRI", "Xi_Nghiep": "CAT", "Nong_Truong": "Ia Bang 1", "Khu_Vuc": "VP 1+2", "Ten_Lo": "4", "Dien_Tich": 6.18, "Loai_Cay": "Sau Rieng", "So_Cay": 854, "Thang_Trong": 4, "Nam_Trong": 2021, "Mat_Do": 0, "Loai_Giong": "DONA", "Luong_mua": 0, "T_toi_thap": 0, "T_toi_da": 0, "T_TB": 1, "Do_am_KK": "", "Loai_dat": "", "Do_doc": 0, "Hiuong_doc": "0", "Tang_day": 0, "pH": 0.0, "EC": 0.0, "CEC": 0.0, "OM": 0.0, "N_ts": 0.0, "P2O5_ts": 0.0, "P2O5_dt": 0.0, "K2Ots": 0.0, "K2Odt": 0.0, "Canxi_td": 0.0, "Magie_td": 0.0, "Kem_dt": 0.0, "Bo_dt": null, "Cadimi": 0.0, "Asen": 0.0, "Chi": 0.0, "Thuy_ngan": 0.0 }, "geometry": { "type": "Polygon", "coordinates": [ [ [ 107.992352, 13.846677 ], [ 107.992256, 13.846602 ], [ 107.992136, 13.846265 ], [ 107.992087, 13.846136 ], [ 107.99202, 13.845966 ], [ 107.991988, 13.845853 ], [ 107.99185, 13.845866 ], [ 107.991746, 13.845894 ], [ 107.991741, 13.84587 ], [ 107.991701, 13.845129 ], [ 107.991711, 13.844137 ], [ 107.994668, 13.843904 ], [ 107.994683, 13.844669 ], [ 107.994698, 13.845163 ], [ 107.994713, 13.845187 ], [ 107.994714, 13.84524 ], [ 107.992958, 13.845254 ], [ 107.993063, 13.846646 ], [ 107.992379, 13.846688 ], [ 107.992352, 13.846677 ] ] ] } },
{ "type": "Feature", "properties": { "Kinh_do": 107.996526, "Vi_do": 13.846171, "Cao_do": 0.0, "Khu_Lien_Hop": "Cao Nguyen", "Cong_Ty": "THACO AGRI", "Xi_Nghiep": "CAT", "Nong_Truong": "Ia Bang 1", "Khu_Vuc": "TL VP", "Ten_Lo": "2", "Dien_Tich": 6.96, "Loai_Cay": "Sau Rieng", "So_Cay": 1170, "Thang_Trong": 7, "Nam_Trong": 2022, "Mat_Do": 0, "Loai_Giong": "DONA + MSK", "Luong_mua": 0, "T_toi_thap": 0, "T_toi_da": 0, "T_TB": 1, "Do_am_KK": "", "Loai_dat": "", "Do_doc": 0, "Hiuong_doc": "0", "Tang_day": 0, "pH": 0.0, "EC": 0.0, "CEC": 0.0, "OM": 0.0, "N_ts": 0.0, "P2O5_ts": 0.0, "P2O5_dt": 0.0, "K2Ots": 0.0, "K2Odt": 0.0, "Canxi_td": 0.0, "Magie_td": 0.0, "Kem_dt": 0.0, "Bo_dt": null, "Cadimi": 0.0, "Asen": 0.0, "Chi": 0.0, "Thuy_ngan": 0.0 }, "geometry": { "type": "Polygon", "coordinates": [ [ [ 107.995167, 13.847672 ], [ 107.995075, 13.847665 ], [ 107.995084, 13.847639 ], [ 107.995088, 13.847235 ], [ 107.995062, 13.845711 ], [ 107.995057, 13.84524 ], [ 107.99506, 13.844824 ], [ 107.99506, 13.844813 ], [ 107.997649, 13.844626 ], [ 107.997651, 13.844689 ], [ 107.997653, 13.844743 ], [ 107.997655, 13.844789 ], [ 107.997658, 13.844888 ], [ 107.997662, 13.844996 ], [ 107.997622, 13.845033 ], [ 107.997624, 13.845089 ], [ 107.997625, 13.845135 ], [ 107.997625, 13.845183 ], [ 107.997629, 13.845229 ], [ 107.997633, 13.845274 ], [ 107.997636, 13.845319 ], [ 107.997677, 13.845713 ], [ 107.997695, 13.845732 ], [ 107.997708, 13.845743 ], [ 107.997987, 13.845731 ], [ 107.997988, 13.845813 ], [ 107.997988, 13.845982 ], [ 107.99799, 13.846134 ], [ 107.997994, 13.846158 ], [ 107.997388, 13.846202 ], [ 107.997391, 13.846256 ], [ 107.996246, 13.846335 ], [ 107.996234, 13.847529 ], [ 107.996232, 13.847642 ], [ 107.99519, 13.847716 ], [ 107.995167, 13.847672 ] ] ] } },
{ "type": "Feature", "properties": { "Kinh_do": 107.996337, "Vi_do": 13.843726, "Cao_do": 0.0, "Khu_Lien_Hop": "Cao Nguyen", "Cong_Ty": "THACO AGRI", "Xi_Nghiep": "CAT", "Nong_Truong": "Ia Bang 1", "Khu_Vuc": "TL VP", "Ten_Lo": "1", "Dien_Tich": 4.9, "Loai_Cay": "Sau Rieng", "So_Cay": 831, "Thang_Trong": 7, "Nam_Trong": 2022, "Mat_Do": 0, "Loai_Giong": "DONA", "Luong_mua": 0, "T_toi_thap": 0, "T_toi_da": 0, "T_TB": 1, "Do_am_KK": "", "Loai_dat": "", "Do_doc": 0, "Hiuong_doc": "0", "Tang_day": 0, "pH": 0.0, "EC": 0.0, "CEC": 0.0, "OM": 0.0, "N_ts": 0.0, "P2O5_ts": 0.0, "P2O5_dt": 0.0, "K2Ots": 0.0, "K2Odt": 0.0, "Canxi_td": 0.0, "Magie_td": 0.0, "Kem_dt": 0.0, "Bo_dt": null, "Cadimi": 0.0, "Asen": 0.0, "Chi": 0.0, "Thuy_ngan": 0.0 }, "geometry": { "type": "Polygon", "coordinates": [ [ [ 107.995045, 13.842704 ], [ 107.996099, 13.842627 ], [ 107.996155, 13.842627 ], [ 107.996183, 13.842647 ], [ 107.996267, 13.842804 ], [ 107.996267, 13.84306 ], [ 107.996267, 13.843094 ], [ 107.996264, 13.843429 ], [ 107.996254, 13.843519 ], [ 107.996228, 13.843589 ], [ 107.99626, 13.843591 ], [ 107.99643, 13.843591 ], [ 107.99681, 13.843563 ], [ 107.997233, 13.843533 ], [ 107.997502, 13.843526 ], [ 107.997555, 13.843522 ], [ 107.997549, 13.843597 ], [ 107.997564, 13.843647 ], [ 107.997577, 13.843691 ], [ 107.997583, 13.843726 ], [ 107.997596, 13.84382 ], [ 107.997607, 13.843912 ], [ 107.997616, 13.843956 ], [ 107.997625, 13.844001 ], [ 107.997644, 13.844094 ], [ 107.997642, 13.844272 ], [ 107.99764, 13.844453 ], [ 107.997648, 13.844584 ], [ 107.997649, 13.844626 ], [ 107.99506, 13.844813 ], [ 107.99506, 13.844824 ], [ 107.99506, 13.844684 ], [ 107.995025, 13.842704 ], [ 107.995045, 13.842704 ] ] ] } },
{ "type": "Feature", "properties": { "Kinh_do": 107.992951, "Vi_do": 13.847135, "Cao_do": 0.0, "Khu_Lien_Hop": "Cao Nguyen", "Cong_Ty": "THACO AGRI", "Xi_Nghiep": "CAT", "Nong_Truong": "Ia Bang 3", "Khu_Vuc": "60ha", "Ten_Lo": "43MR", "Dien_Tich": 3.11, "Loai_Cay": "Sau Rieng", "So_Cay": 471, "Thang_Trong": 7, "Nam_Trong": 2023, "Mat_Do": 0, "Loai_Giong": "DONA", "Luong_mua": 0, "T_toi_thap": 0, "T_toi_da": 0, "T_TB": 1, "Do_am_KK": "", "Loai_dat": "", "Do_doc": 0, "Hiuong_doc": "0", "Tang_day": 0, "pH": 0.0, "EC": 0.0, "CEC": 0.0, "OM": 0.0, "N_ts": 0.0, "P2O5_ts": 0.0, "P2O5_dt": 0.0, "K2Ots": 0.0, "K2Odt": 0.0, "Canxi_td": 0.0, "Magie_td": 0.0, "Kem_dt": 0.0, "Bo_dt": null, "Cadimi": 0.0, "Asen": 0.0, "Chi": 0.0, "Thuy_ngan": 0.0 }, "geometry": { "type": "Polygon", "coordinates": [ [ [ 107.992498, 13.847511 ], [ 107.992477, 13.847494 ], [ 107.992339, 13.847513 ], [ 107.992216, 13.847525 ], [ 107.992062, 13.847566 ], [ 107.991966, 13.847624 ], [ 107.991967, 13.847556 ], [ 107.991972, 13.847193 ], [ 107.991987, 13.847183 ], [ 107.992017, 13.847087 ], [ 107.992053, 13.846954 ], [ 107.992119, 13.8469 ], [ 107.992201, 13.846895 ], [ 107.992318, 13.846877 ], [ 107.992381, 13.846771 ], [ 107.992379, 13.846688 ], [ 107.993063, 13.846646 ], [ 107.992958, 13.845254 ], [ 107.993891, 13.845247 ], [ 107.9939, 13.847308 ], [ 107.993078, 13.847322 ], [ 107.992501, 13.847573 ], [ 107.992498, 13.847511 ] ] ] } },
{ "type": "Feature", "properties": { "Kinh_do": 107.994321, "Vi_do": 13.84652, "Cao_do": 0.0, "Khu_Lien_Hop": "Cao Nguyen", "Cong_Ty": "THACO AGRI", "Xi_Nghiep": "CAT", "Nong_Truong": "Ia Bang 3", "Khu_Vuc": "60ha", "Ten_Lo": "43", "Dien_Tich": 2.55, "Loai_Cay": "Sau Rieng", "So_Cay": 556, "Thang_Trong": 8, "Nam_Trong": 2019, "Mat_Do": 0, "Loai_Giong": "DONA", "Luong_mua": 0, "T_toi_thap": 0, "T_toi_da": 0, "T_TB": 1, "Do_am_KK": "", "Loai_dat": "", "Do_doc": 0, "Hiuong_doc": "0", "Tang_day": 0, "pH": 0.0, "EC": 0.0, "CEC": 0.0, "OM": 0.0, "N_ts": 0.0, "P2O5_ts": 0.0, "P2O5_dt": 0.0, "K2Ots": 0.0, "K2Odt": 0.0, "Canxi_td": 0.0, "Magie_td": 0.0, "Kem_dt": 0.0, "Bo_dt": null, "Cadimi": 0.0, "Asen": 0.0, "Chi": 0.0, "Thuy_ngan": 0.0 }, "geometry": { "type": "Polygon", "coordinates": [ [ [ 107.993891, 13.845247 ], [ 107.994714, 13.84524 ], [ 107.994751, 13.847692 ], [ 107.994723, 13.847738 ], [ 107.994723, 13.847782 ], [ 107.99391, 13.8478 ], [ 107.9939, 13.847308 ], [ 107.993891, 13.845247 ] ] ] } },
{ "type": "Feature", "properties": { "Kinh_do": 107.993179, "Vi_do": 13.848734, "Cao_do": 0.0, "Khu_Lien_Hop": "Cao Nguyen", "Cong_Ty": "THACO AGRI", "Xi_Nghiep": "CAT", "Nong_Truong": "Ia Bang 3", "Khu_Vuc": "60ha", "Ten_Lo": "44", "Dien_Tich": 6.61, "Loai_Cay": "Sau Rieng", "So_Cay": 958, "Thang_Trong": 8, "Nam_Trong": 2019, "Mat_Do": 0, "Loai_Giong": "DONA", "Luong_mua": 0, "T_toi_thap": 0, "T_toi_da": 0, "T_TB": 1, "Do_am_KK": "", "Loai_dat": "", "Do_doc": 0, "Hiuong_doc": "0", "Tang_day": 0, "pH": 0.0, "EC": 0.0, "CEC": 0.0, "OM": 0.0, "N_ts": 0.0, "P2O5_ts": 0.0, "P2O5_dt": 0.0, "K2Ots": 0.0, "K2Odt": 0.0, "Canxi_td": 0.0, "Magie_td": 0.0, "Kem_dt": 0.0, "Bo_dt": null, "Cadimi": 0.0, "Asen": 0.0, "Chi": 0.0, "Thuy_ngan": 0.0 }, "geometry": { "type": "Polygon", "coordinates": [ [ [ 107.991645, 13.849405 ], [ 107.991665, 13.849338 ], [ 107.991735, 13.849349 ], [ 107.991858, 13.849368 ], [ 107.992105, 13.849406 ], [ 107.992469, 13.849481 ], [ 107.99249, 13.84927 ], [ 107.992591, 13.849276 ], [ 107.992594, 13.849109 ], [ 107.992578, 13.84903 ], [ 107.992516, 13.848823 ], [ 107.992509, 13.848753 ], [ 107.992516, 13.848229 ], [ 107.992506, 13.847695 ], [ 107.992498, 13.847511 ], [ 107.992501, 13.847573 ], [ 107.993078, 13.847322 ], [ 107.9939, 13.847308 ], [ 107.99391, 13.8478 ], [ 107.994723, 13.847782 ], [ 107.994718, 13.849567 ], [ 107.994748, 13.849638 ], [ 107.99475, 13.849941 ], [ 107.993871, 13.849869 ], [ 107.993518, 13.849748 ], [ 107.993388, 13.850159 ], [ 107.993315, 13.850144 ], [ 107.993142, 13.850083 ], [ 107.993049, 13.850061 ], [ 107.993002, 13.850055 ], [ 107.992968, 13.850104 ], [ 107.992783, 13.849998 ], [ 107.99273, 13.850022 ], [ 107.992582, 13.849922 ], [ 107.992684, 13.849742 ], [ 107.992713, 13.849681 ], [ 107.992787, 13.84949 ], [ 107.992852, 13.849504 ], [ 107.992884, 13.849443 ], [ 107.992861, 13.849408 ], [ 107.99268, 13.849323 ], [ 107.992653, 13.849332 ], [ 107.992621, 13.849462 ], [ 107.992596, 13.84952 ], [ 107.992501, 13.849806 ], [ 107.992451, 13.849929 ], [ 107.992329, 13.849904 ], [ 107.992271, 13.849864 ], [ 107.992281, 13.849832 ], [ 107.992063, 13.849715 ], [ 107.992044, 13.849628 ], [ 107.992009, 13.849605 ], [ 107.991918, 13.849546 ], [ 107.991867, 13.849534 ], [ 107.991744, 13.849507 ], [ 107.991607, 13.849476 ], [ 107.991645, 13.849405 ] ] ] } },
{ "type": "Feature", "properties": { "Kinh_do": 107.996731, "Vi_do": 13.855327, "Cao_do": 0.0, "Khu_Lien_Hop": "Cao Nguyen", "Cong_Ty": "THACO AGRI", "Xi_Nghiep": "CAT", "Nong_Truong": "Ia Bang 3", "Khu_Vuc": "60ha", "Ten_Lo": "42", "Dien_Tich": 5.18, "Loai_Cay": "Sau Rieng", "So_Cay": 901, "Thang_Trong": 7, "Nam_Trong": 2019, "Mat_Do": 0, "Loai_Giong": "DONA", "Luong_mua": 0, "T_toi_thap": 0, "T_toi_da": 0, "T_TB": 1, "Do_am_KK": "", "Loai_dat": "", "Do_doc": 0, "Hiuong_doc": "0", "Tang_day": 0, "pH": 0.0, "EC": 0.0, "CEC": 0.0, "OM": 0.0, "N_ts": 0.0, "P2O5_ts": 0.0, "P2O5_dt": 0.0, "K2Ots": 0.0, "K2Odt": 0.0, "Canxi_td": 0.0, "Magie_td": 0.0, "Kem_dt": 0.0, "Bo_dt": null, "Cadimi": 0.0, "Asen": 0.0, "Chi": 0.0, "Thuy_ngan": 0.0 }, "geometry": { "type": "Polygon", "coordinates": [ [ [ 107.998227, 13.855891 ], [ 107.997901, 13.855911 ], [ 107.997388, 13.855913 ], [ 107.996876, 13.855926 ], [ 107.996802, 13.855935 ], [ 107.996749, 13.855958 ], [ 107.996682, 13.856047 ], [ 107.99664, 13.856082 ], [ 107.996614, 13.856097 ], [ 107.996561, 13.856114 ], [ 107.996503, 13.856125 ], [ 107.996418, 13.856134 ], [ 107.995566, 13.8561 ], [ 107.995446, 13.856086 ], [ 107.995452, 13.85605 ], [ 107.995293, 13.856012 ], [ 107.99524, 13.855958 ], [ 107.995234, 13.855913 ], [ 107.995245, 13.855891 ], [ 107.995245, 13.855858 ], [ 107.995247, 13.855429 ], [ 107.995237, 13.854555 ], [ 107.995237, 13.85452 ], [ 107.998198, 13.854586 ], [ 107.998227, 13.855891 ] ] ] } },
{ "type": "Feature", "properties": { "Kinh_do": 107.996716, "Vi_do": 13.853985, "Cao_do": 0.0, "Khu_Lien_Hop": "Cao Nguyen", "Cong_Ty": "THACO AGRI", "Xi_Nghiep": "CAT", "Nong_Truong": "Ia Bang 3", "Khu_Vuc": "60ha", "Ten_Lo": "41", "Dien_Tich": 3.94, "Loai_Cay": "Sau Rieng", "So_Cay": 825, "Thang_Trong": 7, "Nam_Trong": 2019, "Mat_Do": 0, "Loai_Giong": "DONA", "Luong_mua": 0, "T_toi_thap": 0, "T_toi_da": 0, "T_TB": 1, "Do_am_KK": "", "Loai_dat": "", "Do_doc": 0, "Hiuong_doc": "0", "Tang_day": 0, "pH": 0.0, "EC": 0.0, "CEC": 0.0, "OM": 0.0, "N_ts": 0.0, "P2O5_ts": 0.0, "P2O5_dt": 0.0, "K2Ots": 0.0, "K2Odt": 0.0, "Canxi_td": 0.0, "Magie_td": 0.0, "Kem_dt": 0.0, "Bo_dt": null, "Cadimi": 0.0, "Asen": 0.0, "Chi": 0.0, "Thuy_ngan": 0.0 }, "geometry": { "type": "Polygon", "coordinates": [ [ [ 107.995238, 13.853969 ], [ 107.995233, 13.853841 ], [ 107.995236, 13.853384 ], [ 107.998173, 13.853496 ], [ 107.998198, 13.854586 ], [ 107.995237, 13.85452 ], [ 107.995237, 13.854555 ], [ 107.995238, 13.853969 ] ] ] } },
{ "type": "Feature", "properties": { "Kinh_do": 107.996705, "Vi_do": 13.852862, "Cao_do": 0.0, "Khu_Lien_Hop": "Cao Nguyen", "Cong_Ty": "THACO AGRI", "Xi_Nghiep": "CAT", "Nong_Truong": "Ia Bang 3", "Khu_Vuc": "60ha", "Ten_Lo": "40", "Dien_Tich": 4.07, "Loai_Cay": "Sau Rieng", "So_Cay": 408, "Thang_Trong": 7, "Nam_Trong": 2019, "Mat_Do": 0, "Loai_Giong": "DONA", "Luong_mua": 0, "T_toi_thap": 0, "T_toi_da": 0, "T_TB": 1, "Do_am_KK": "", "Loai_dat": "", "Do_doc": 0, "Hiuong_doc": "0", "Tang_day": 0, "pH": 0.0, "EC": 0.0, "CEC": 0.0, "OM": 0.0, "N_ts": 0.0, "P2O5_ts": 0.0, "P2O5_dt": 0.0, "K2Ots": 0.0, "K2Odt": 0.0, "Canxi_td": 0.0, "Magie_td": 0.0, "Kem_dt": 0.0, "Bo_dt": null, "Cadimi": 0.0, "Asen": 0.0, "Chi": 0.0, "Thuy_ngan": 0.0 }, "geometry": { "type": "Polygon", "coordinates": [ [ [ 107.99524, 13.852759 ], [ 107.995256, 13.85227 ], [ 107.995817, 13.852227 ], [ 107.9963, 13.852253 ], [ 107.99693, 13.85228 ], [ 107.998043, 13.852338 ], [ 107.998096, 13.852336 ], [ 107.998148, 13.852397 ], [ 107.998173, 13.853496 ], [ 107.995236, 13.853384 ], [ 107.99524, 13.852759 ] ] ] } },
{ "type": "Feature", "properties": { "Kinh_do": 107.988306, "Vi_do": 13.85645, "Cao_do": 0.0, "Khu_Lien_Hop": "Cao Nguyen", "Cong_Ty": "THACO AGRI", "Xi_Nghiep": "CAT", "Nong_Truong": "Ia Bang 3", "Khu_Vuc": "24HA", "Ten_Lo": "52", "Dien_Tich": 5.6, "Loai_Cay": "Sau Rieng", "So_Cay": 961, "Thang_Trong": 7, "Nam_Trong": 2022, "Mat_Do": 0, "Loai_Giong": "MSK + RI6", "Luong_mua": 0, "T_toi_thap": 0, "T_toi_da": 0, "T_TB": 1, "Do_am_KK": "", "Loai_dat": "", "Do_doc": 0, "Hiuong_doc": "0", "Tang_day": 0, "pH": 0.0, "EC": 0.0, "CEC": 0.0, "OM": 0.0, "N_ts": 0.0, "P2O5_ts": 0.0, "P2O5_dt": 0.0, "K2Ots": 0.0, "K2Odt": 0.0, "Canxi_td": 0.0, "Magie_td": 0.0, "Kem_dt": 0.0, "Bo_dt": null, "Cadimi": 0.0, "Asen": 0.0, "Chi": 0.0, "Thuy_ngan": 0.0 }, "geometry": { "type": "Polygon", "coordinates": [ [ [ 107.988556, 13.855526 ], [ 107.989911, 13.855412 ], [ 107.989912, 13.855466 ], [ 107.989884, 13.856166 ], [ 107.989946, 13.85696 ], [ 107.989778, 13.857121 ], [ 107.989778, 13.857121 ], [ 107.989609, 13.857284 ], [ 107.989506, 13.857369 ], [ 107.989405, 13.85742 ], [ 107.989267, 13.857459 ], [ 107.988951, 13.857475 ], [ 107.988698, 13.857488 ], [ 107.9886, 13.857483 ], [ 107.988573, 13.857479 ], [ 107.988488, 13.857455 ], [ 107.988355, 13.857398 ], [ 107.988238, 13.857316 ], [ 107.988126, 13.857219 ], [ 107.988126, 13.857219 ], [ 107.987964, 13.857078 ], [ 107.987962, 13.857077 ], [ 107.987741, 13.85689 ], [ 107.987635, 13.856787 ], [ 107.987484, 13.8566 ], [ 107.987371, 13.856418 ], [ 107.987274, 13.856244 ], [ 107.987233, 13.856213 ], [ 107.98713, 13.856173 ], [ 107.987104, 13.856166 ], [ 107.987104, 13.856166 ], [ 107.987014, 13.856143 ], [ 107.98701, 13.856142 ], [ 107.98701, 13.856142 ], [ 107.98694, 13.856117 ], [ 107.986919, 13.856107 ], [ 107.986815, 13.856015 ], [ 107.986756, 13.855941 ], [ 107.986713, 13.855853 ], [ 107.986672, 13.855722 ], [ 107.986665, 13.855681 ], [ 107.988556, 13.855526 ] ] ] } },
{ "type": "Feature", "properties": { "Kinh_do": 107.986306, "Vi_do": 13.853621, "Cao_do": 0.0, "Khu_Lien_Hop": "Cao Nguyen", "Cong_Ty": "THACO AGRI", "Xi_Nghiep": "CAT", "Nong_Truong": "Ia Bang 3", "Khu_Vuc": "24HA", "Ten_Lo": "53", "Dien_Tich": 5.02, "Loai_Cay": "Sau Rieng", "So_Cay": 1018, "Thang_Trong": 7, "Nam_Trong": 2022, "Mat_Do": 0, "Loai_Giong": "MSK + RI6", "Luong_mua": 0, "T_toi_thap": 0, "T_toi_da": 0, "T_TB": 1, "Do_am_KK": "", "Loai_dat": "", "Do_doc": 0, "Hiuong_doc": "0", "Tang_day": 0, "pH": 0.0, "EC": 0.0, "CEC": 0.0, "OM": 0.0, "N_ts": 0.0, "P2O5_ts": 0.0, "P2O5_dt": 0.0, "K2Ots": 0.0, "K2Odt": 0.0, "Canxi_td": 0.0, "Magie_td": 0.0, "Kem_dt": 0.0, "Bo_dt": null, "Cadimi": 0.0, "Asen": 0.0, "Chi": 0.0, "Thuy_ngan": 0.0 }, "geometry": { "type": "Polygon", "coordinates": [ [ [ 107.985356, 13.852427 ], [ 107.985373, 13.852364 ], [ 107.985387, 13.852341 ], [ 107.985415, 13.852267 ], [ 107.985513, 13.852144 ], [ 107.98578, 13.852034 ], [ 107.986132, 13.851871 ], [ 107.986561, 13.851678 ], [ 107.986674, 13.851627 ], [ 107.986794, 13.85158 ], [ 107.986835, 13.851562 ], [ 107.986839, 13.851572 ], [ 107.986848, 13.851595 ], [ 107.986965, 13.85156 ], [ 107.987258, 13.855632 ], [ 107.986665, 13.855681 ], [ 107.986641, 13.855555 ], [ 107.986635, 13.855157 ], [ 107.986618, 13.855064 ], [ 107.986604, 13.855018 ], [ 107.986576, 13.854973 ], [ 107.986443, 13.854794 ], [ 107.986372, 13.854635 ], [ 107.986324, 13.854499 ], [ 107.986284, 13.854303 ], [ 107.986251, 13.854068 ], [ 107.986226, 13.853926 ], [ 107.985901, 13.853376 ], [ 107.985609, 13.852947 ], [ 107.985395, 13.852637 ], [ 107.98536, 13.852522 ], [ 107.985354, 13.852486 ], [ 107.985356, 13.852427 ] ] ] } },
{ "type": "Feature", "properties": { "Kinh_do": 107.988528, "Vi_do": 13.854713, "Cao_do": 0.0, "Khu_Lien_Hop": "Cao Nguyen", "Cong_Ty": "THACO AGRI", "Xi_Nghiep": "CAT", "Nong_Truong": "Ia Bang 3", "Khu_Vuc": "24HA", "Ten_Lo": "54", "Dien_Tich": 5.2, "Loai_Cay": "Sau Rieng", "So_Cay": 835, "Thang_Trong": 7, "Nam_Trong": 2022, "Mat_Do": 0, "Loai_Giong": "MSK + RI6", "Luong_mua": 0, "T_toi_thap": 0, "T_toi_da": 0, "T_TB": 1, "Do_am_KK": "", "Loai_dat": "", "Do_doc": 0, "Hiuong_doc": "0", "Tang_day": 0, "pH": 0.0, "EC": 0.0, "CEC": 0.0, "OM": 0.0, "N_ts": 0.0, "P2O5_ts": 0.0, "P2O5_dt": 0.0, "K2Ots": 0.0, "K2Odt": 0.0, "Canxi_td": 0.0, "Magie_td": 0.0, "Kem_dt": 0.0, "Bo_dt": null, "Cadimi": 0.0, "Asen": 0.0, "Chi": 0.0, "Thuy_ngan": 0.0 }, "geometry": { "type": "Polygon", "coordinates": [ [ [ 107.989842, 13.853785 ], [ 107.989867, 13.853991 ], [ 107.989911, 13.855412 ], [ 107.988556, 13.855526 ], [ 107.987145, 13.855642 ], [ 107.987258, 13.855632 ], [ 107.987144, 13.854047 ], [ 107.989842, 13.853785 ] ] ] } },
{ "type": "Feature", "properties": { "Kinh_do": 107.988428, "Vi_do": 13.853056, "Cao_do": 0.0, "Khu_Lien_Hop": "Cao Nguyen", "Cong_Ty": "THACO AGRI", "Xi_Nghiep": "CAT", "Nong_Truong": "Ia Bang 3", "Khu_Vuc": "24HA", "Ten_Lo": "55", "Dien_Tich": 5.76, "Loai_Cay": "Sau Rieng", "So_Cay": 936, "Thang_Trong": 7, "Nam_Trong": 2022, "Mat_Do": 0, "Loai_Giong": "MSK + RI6", "Luong_mua": 0, "T_toi_thap": 0, "T_toi_da": 0, "T_TB": 1, "Do_am_KK": "", "Loai_dat": "", "Do_doc": 0, "Hiuong_doc": "0", "Tang_day": 0, "pH": 0.0, "EC": 0.0, "CEC": 0.0, "OM": 0.0, "N_ts": 0.0, "P2O5_ts": 0.0, "P2O5_dt": 0.0, "K2Ots": 0.0, "K2Odt": 0.0, "Canxi_td": 0.0, "Magie_td": 0.0, "Kem_dt": 0.0, "Bo_dt": null, "Cadimi": 0.0, "Asen": 0.0, "Chi": 0.0, "Thuy_ngan": 0.0 }, "geometry": { "type": "Polygon", "coordinates": [ [ [ 107.989713, 13.852064 ], [ 107.989842, 13.853785 ], [ 107.987144, 13.854047 ], [ 107.987014, 13.852234 ], [ 107.989713, 13.852064 ] ] ] } },
{ "type": "Feature", "properties": { "Kinh_do": 107.988339, "Vi_do": 13.851381, "Cao_do": 0.0, "Khu_Lien_Hop": "Cao Nguyen", "Cong_Ty": "THACO AGRI", "Xi_Nghiep": "CAT", "Nong_Truong": "Ia Bang 3", "Khu_Vuc": "24HA", "Ten_Lo": "56", "Dien_Tich": 3.9, "Loai_Cay": "Sau Rieng", "So_Cay": 762, "Thang_Trong": 7, "Nam_Trong": 2022, "Mat_Do": 0, "Loai_Giong": "MSK + RI6", "Luong_mua": 0, "T_toi_thap": 0, "T_toi_da": 0, "T_TB": 1, "Do_am_KK": "", "Loai_dat": "", "Do_doc": 0, "Hiuong_doc": "0", "Tang_day": 0, "pH": 0.0, "EC": 0.0, "CEC": 0.0, "OM": 0.0, "N_ts": 0.0, "P2O5_ts": 0.0, "P2O5_dt": 0.0, "K2Ots": 0.0, "K2Odt": 0.0, "Canxi_td": 0.0, "Magie_td": 0.0, "Kem_dt": 0.0, "Bo_dt": null, "Cadimi": 0.0, "Asen": 0.0, "Chi": 0.0, "Thuy_ngan": 0.0 }, "geometry": { "type": "Polygon", "coordinates": [ [ [ 107.987019, 13.851544 ], [ 107.987082, 13.851541 ], [ 107.987131, 13.851542 ], [ 107.987253, 13.851495 ], [ 107.987428, 13.851414 ], [ 107.987518, 13.851394 ], [ 107.98763, 13.851265 ], [ 107.98771, 13.851173 ], [ 107.987702, 13.851017 ], [ 107.987705, 13.850999 ], [ 107.987726, 13.850971 ], [ 107.987771, 13.850943 ], [ 107.987902, 13.850906 ], [ 107.988005, 13.850884 ], [ 107.988157, 13.850865 ], [ 107.988291, 13.850859 ], [ 107.988613, 13.850792 ], [ 107.98864, 13.850785 ], [ 107.988739, 13.850746 ], [ 107.988971, 13.850686 ], [ 107.989279, 13.850571 ], [ 107.989582, 13.850528 ], [ 107.989713, 13.852064 ], [ 107.987014, 13.852234 ], [ 107.986965, 13.85156 ], [ 107.987019, 13.851544 ] ] ] } },
{ "type": "Feature", "properties": { "Kinh_do": 107.991337, "Vi_do": 13.854496, "Cao_do": 0.0, "Khu_Lien_Hop": "Cao Nguyen", "Cong_Ty": "THACO AGRI", "Xi_Nghiep": "CAT", "Nong_Truong": "Ia Bang 3", "Khu_Vuc": "24HA", "Ten_Lo": "50", "Dien_Tich": 7.27, "Loai_Cay": "Sau Rieng", "So_Cay": 986, "Thang_Trong": 7, "Nam_Trong": 2019, "Mat_Do": 0, "Loai_Giong": "DONA", "Luong_mua": 0, "T_toi_thap": 0, "T_toi_da": 0, "T_TB": 1, "Do_am_KK": "", "Loai_dat": "", "Do_doc": 0, "Hiuong_doc": "0", "Tang_day": 0, "pH": 0.0, "EC": 0.0, "CEC": 0.0, "OM": 0.0, "N_ts": 0.0, "P2O5_ts": 0.0, "P2O5_dt": 0.0, "K2Ots": 0.0, "K2Odt": 0.0, "Canxi_td": 0.0, "Magie_td": 0.0, "Kem_dt": 0.0, "Bo_dt": null, "Cadimi": 0.0, "Asen": 0.0, "Chi": 0.0, "Thuy_ngan": 0.0 }, "geometry": { "type": "Polygon", "coordinates": [ [ [ 107.992361, 13.855889 ], [ 107.992316, 13.855891 ], [ 107.992316, 13.855892 ], [ 107.992316, 13.855891 ], [ 107.992292, 13.855891 ], [ 107.992173, 13.855902 ], [ 107.991988, 13.85592 ], [ 107.99197, 13.855921 ], [ 107.991713, 13.855951 ], [ 107.991545, 13.855971 ], [ 107.991544, 13.855972 ], [ 107.991544, 13.855972 ], [ 107.991528, 13.855985 ], [ 107.991525, 13.855989 ], [ 107.991513, 13.856005 ], [ 107.991426, 13.856216 ], [ 107.991428, 13.856231 ], [ 107.991372, 13.856272 ], [ 107.990576, 13.856528 ], [ 107.990456, 13.856585 ], [ 107.990369, 13.856645 ], [ 107.990306, 13.856688 ], [ 107.99016, 13.856763 ], [ 107.990159, 13.856763 ], [ 107.990151, 13.856768 ], [ 107.990041, 13.856865 ], [ 107.990024, 13.856881 ], [ 107.989998, 13.856907 ], [ 107.989974, 13.856933 ], [ 107.989946, 13.85696 ], [ 107.989884, 13.856166 ], [ 107.989912, 13.855466 ], [ 107.989939, 13.855466 ], [ 107.990173, 13.855467 ], [ 107.990283, 13.855457 ], [ 107.990181, 13.853992 ], [ 107.990189, 13.853672 ], [ 107.991387, 13.853622 ], [ 107.991311, 13.852903 ], [ 107.991297, 13.852031 ], [ 107.99154, 13.852031 ], [ 107.991543, 13.852228 ], [ 107.991557, 13.852831 ], [ 107.991586, 13.853606 ], [ 107.991903, 13.853594 ], [ 107.991964, 13.854683 ], [ 107.992218, 13.854662 ], [ 107.992325, 13.855043 ], [ 107.992359, 13.855152 ], [ 107.992388, 13.855247 ], [ 107.992428, 13.855324 ], [ 107.992462, 13.85541 ], [ 107.992575, 13.855475 ], [ 107.99279, 13.855726 ], [ 107.99279, 13.855855 ], [ 107.992361, 13.855889 ] ] ] } },
{ "type": "Feature", "properties": { "Kinh_do": 107.993474, "Vi_do": 13.855095, "Cao_do": 0.0, "Khu_Lien_Hop": "Cao Nguyen", "Cong_Ty": "THACO AGRI", "Xi_Nghiep": "CAT", "Nong_Truong": "Ia Bang 3", "Khu_Vuc": "60ha", "Ten_Lo": "48", "Dien_Tich": 4.58, "Loai_Cay": "Sau Rieng", "So_Cay": 764, "Thang_Trong": 8, "Nam_Trong": 2019, "Mat_Do": 0, "Loai_Giong": "DONA", "Luong_mua": 0, "T_toi_thap": 0, "T_toi_da": 0, "T_TB": 1, "Do_am_KK": "", "Loai_dat": "", "Do_doc": 0, "Hiuong_doc": "0", "Tang_day": 0, "pH": 0.0, "EC": 0.0, "CEC": 0.0, "OM": 0.0, "N_ts": 0.0, "P2O5_ts": 0.0, "P2O5_dt": 0.0, "K2Ots": 0.0, "K2Odt": 0.0, "Canxi_td": 0.0, "Magie_td": 0.0, "Kem_dt": 0.0, "Bo_dt": null, "Cadimi": 0.0, "Asen": 0.0, "Chi": 0.0, "Thuy_ngan": 0.0 }, "geometry": { "type": "Polygon", "coordinates": [ [ [ 107.993231, 13.854201 ], [ 107.993871, 13.854252 ], [ 107.994744, 13.854317 ], [ 107.994767, 13.855401 ], [ 107.994765, 13.85589 ], [ 107.994764, 13.855958 ], [ 107.994725, 13.855989 ], [ 107.994344, 13.855921 ], [ 107.994135, 13.855881 ], [ 107.994004, 13.85585 ], [ 107.993961, 13.855831 ], [ 107.993815, 13.855808 ], [ 107.993605, 13.855789 ], [ 107.99335, 13.855786 ], [ 107.993173, 13.855796 ], [ 107.993171, 13.855796 ], [ 107.993166, 13.855796 ], [ 107.993053, 13.85582 ], [ 107.992973, 13.855831 ], [ 107.992807, 13.855853 ], [ 107.99279, 13.855855 ], [ 107.99279, 13.855726 ], [ 107.992575, 13.855475 ], [ 107.992462, 13.85541 ], [ 107.992428, 13.855324 ], [ 107.992388, 13.855247 ], [ 107.992359, 13.855152 ], [ 107.992325, 13.855043 ], [ 107.992218, 13.854662 ], [ 107.99218, 13.854228 ], [ 107.993231, 13.854201 ] ] ] } },
{ "type": "Feature", "properties": { "Kinh_do": 107.994317, "Vi_do": 13.851119, "Cao_do": 0.0, "Khu_Lien_Hop": "Cao Nguyen", "Cong_Ty": "THACO AGRI", "Xi_Nghiep": "CAT", "Nong_Truong": "Ia Bang 3", "Khu_Vuc": "60ha", "Ten_Lo": "45", "Dien_Tich": 2.43, "Loai_Cay": "Sau Rieng", "So_Cay": 380, "Thang_Trong": 7, "Nam_Trong": 2019, "Mat_Do": 0, "Loai_Giong": "DONA", "Luong_mua": 0, "T_toi_thap": 0, "T_toi_da": 0, "T_TB": 1, "Do_am_KK": "", "Loai_dat": "", "Do_doc": 0, "Hiuong_doc": "0", "Tang_day": 0, "pH": 0.0, "EC": 0.0, "CEC": 0.0, "OM": 0.0, "N_ts": 0.0, "P2O5_ts": 0.0, "P2O5_dt": 0.0, "K2Ots": 0.0, "K2Odt": 0.0, "Canxi_td": 0.0, "Magie_td": 0.0, "Kem_dt": 0.0, "Bo_dt": null, "Cadimi": 0.0, "Asen": 0.0, "Chi": 0.0, "Thuy_ngan": 0.0 }, "geometry": { "type": "Polygon", "coordinates": [ [ [ 107.993871, 13.849869 ], [ 107.99475, 13.849941 ], [ 107.994759, 13.851167 ], [ 107.994754, 13.852172 ], [ 107.994772, 13.852226 ], [ 107.99477, 13.852372 ], [ 107.994771, 13.852241 ], [ 107.993887, 13.852176 ], [ 107.993862, 13.849865 ], [ 107.993871, 13.849869 ] ] ] } },
{ "type": "Feature", "properties": { "Kinh_do": 107.980028, "Vi_do": 13.83911, "Cao_do": 0.0, "Khu_Lien_Hop": "Cao Nguyen", "Cong_Ty": "THACO AGRI", "Xi_Nghiep": "CAT", "Nong_Truong": "Ia Bang 1", "Khu_Vuc": "VP 3", "Ten_Lo": "18", "Dien_Tich": 6.95, "Loai_Cay": "Sau Rieng", "So_Cay": 1134, "Thang_Trong": 10, "Nam_Trong": 2021, "Mat_Do": 0, "Loai_Giong": "DONA", "Luong_mua": 0, "T_toi_thap": 0, "T_toi_da": 0, "T_TB": 1, "Do_am_KK": "", "Loai_dat": "", "Do_doc": 0, "Hiuong_doc": "0", "Tang_day": 0, "pH": 0.0, "EC": 0.0, "CEC": 0.0, "OM": 0.0, "N_ts": 0.0, "P2O5_ts": 0.0, "P2O5_dt": 0.0, "K2Ots": 0.0, "K2Odt": 0.0, "Canxi_td": 0.0, "Magie_td": 0.0, "Kem_dt": 0.0, "Bo_dt": null, "Cadimi": 0.0, "Asen": 0.0, "Chi": 0.0, "Thuy_ngan": 0.0 }, "geometry": { "type": "Polygon", "coordinates": [ [ [ 107.979344, 13.839842 ], [ 107.97871, 13.839373 ], [ 107.978638, 13.839326 ], [ 107.978578, 13.83928 ], [ 107.978471, 13.839213 ], [ 107.97922, 13.837264 ], [ 107.980152, 13.837872 ], [ 107.981585, 13.83886 ], [ 107.980845, 13.840956 ], [ 107.980778, 13.840909 ], [ 107.980678, 13.840813 ], [ 107.98015, 13.84043 ], [ 107.98009, 13.840387 ], [ 107.980045, 13.840354 ], [ 107.980227, 13.840135 ], [ 107.980031, 13.839989 ], [ 107.979572, 13.839645 ], [ 107.979388, 13.839873 ], [ 107.979344, 13.839842 ] ] ] } },
{ "type": "Feature", "properties": { "Kinh_do": 107.980021, "Vi_do": 13.834946, "Cao_do": 0.0, "Khu_Lien_Hop": "Cao Nguyen", "Cong_Ty": "THACO AGRI", "Xi_Nghiep": "CAT", "Nong_Truong": "Ia Bang 1", "Khu_Vuc": "VP 3", "Ten_Lo": "20", "Dien_Tich": 7.11, "Loai_Cay": "Sau Rieng", "So_Cay": 1093, "Thang_Trong": 11, "Nam_Trong": 2019, "Mat_Do": 0, "Loai_Giong": "DONA + RI6", "Luong_mua": 0, "T_toi_thap": 0, "T_toi_da": 0, "T_TB": 1, "Do_am_KK": "", "Loai_dat": "", "Do_doc": 0, "Hiuong_doc": "0", "Tang_day": 0, "pH": 0.0, "EC": 0.0, "CEC": 0.0, "OM": 0.0, "N_ts": 0.0, "P2O5_ts": 0.0, "P2O5_dt": 0.0, "K2Ots": 0.0, "K2Odt": 0.0, "Canxi_td": 0.0, "Magie_td": 0.0, "Kem_dt": 0.0, "Bo_dt": null, "Cadimi": 0.0, "Asen": 0.0, "Chi": 0.0, "Thuy_ngan": 0.0 }, "geometry": { "type": "Polygon", "coordinates": [ [ [ 107.978633, 13.835887 ], [ 107.978766, 13.835654 ], [ 107.978997, 13.835339 ], [ 107.979122, 13.835163 ], [ 107.979229, 13.835006 ], [ 107.979316, 13.834907 ], [ 107.979369, 13.834819 ], [ 107.979399, 13.834774 ], [ 107.979403, 13.834754 ], [ 107.979408, 13.834748 ], [ 107.979382, 13.834733 ], [ 107.979375, 13.834728 ], [ 107.97907, 13.834521 ], [ 107.978582, 13.834208 ], [ 107.978734, 13.833984 ], [ 107.978763, 13.833942 ], [ 107.979052, 13.833515 ], [ 107.97931, 13.83314 ], [ 107.979361, 13.83307 ], [ 107.97938, 13.833059 ], [ 107.979462, 13.833014 ], [ 107.979523, 13.833056 ], [ 107.97953, 13.833075 ], [ 107.979526, 13.833125 ], [ 107.979502, 13.833254 ], [ 107.979505, 13.8333 ], [ 107.979429, 13.833501 ], [ 107.979493, 13.833579 ], [ 107.979519, 13.83361 ], [ 107.979565, 13.833667 ], [ 107.979583, 13.833702 ], [ 107.979607, 13.833741 ], [ 107.979619, 13.833777 ], [ 107.979625, 13.83383 ], [ 107.979605, 13.83388 ], [ 107.97961, 13.833897 ], [ 107.979648, 13.833931 ], [ 107.979713, 13.833981 ], [ 107.979771, 13.834032 ], [ 107.979787, 13.834052 ], [ 107.979804, 13.834077 ], [ 107.979826, 13.834096 ], [ 107.979872, 13.834122 ], [ 107.979929, 13.834035 ], [ 107.979981, 13.834 ], [ 107.97999, 13.833987 ], [ 107.980099, 13.833826 ], [ 107.980142, 13.833755 ], [ 107.980267, 13.833828 ], [ 107.98037, 13.833936 ], [ 107.980394, 13.833975 ], [ 107.98041, 13.833988 ], [ 107.9806, 13.834136 ], [ 107.980649, 13.834119 ], [ 107.980674, 13.834122 ], [ 107.980722, 13.83414 ], [ 107.980859, 13.834203 ], [ 107.980927, 13.834242 ], [ 107.981042, 13.8343 ], [ 107.981068, 13.834318 ], [ 107.981031, 13.834367 ], [ 107.980983, 13.834411 ], [ 107.980952, 13.834445 ], [ 107.98072, 13.834719 ], [ 107.980787, 13.834797 ], [ 107.980887, 13.834893 ], [ 107.981017, 13.835016 ], [ 107.981032, 13.835031 ], [ 107.980973, 13.835122 ], [ 107.98099, 13.835147 ], [ 107.981046, 13.835189 ], [ 107.981166, 13.835266 ], [ 107.981203, 13.835293 ], [ 107.981288, 13.835409 ], [ 107.981293, 13.83544 ], [ 107.981289, 13.835471 ], [ 107.981274, 13.835521 ], [ 107.981282, 13.835546 ], [ 107.981409, 13.83569 ], [ 107.98143, 13.835719 ], [ 107.981461, 13.835763 ], [ 107.980708, 13.836761 ], [ 107.980479, 13.836605 ], [ 107.980378, 13.836735 ], [ 107.98024, 13.83665 ], [ 107.980057, 13.836877 ], [ 107.979848, 13.836738 ], [ 107.978733, 13.835953 ], [ 107.978633, 13.835887 ] ] ] } },
{ "type": "Feature", "properties": { "Kinh_do": 107.984885, "Vi_do": 13.841723, "Cao_do": 0.0, "Khu_Lien_Hop": "Cao Nguyen", "Cong_Ty": "THACO AGRI", "Xi_Nghiep": "CAT", "Nong_Truong": "Ia Bang 1", "Khu_Vuc": "VP 3", "Ten_Lo": "14", "Dien_Tich": 5.3, "Loai_Cay": "Sau Rieng", "So_Cay": 1290, "Thang_Trong": 12, "Nam_Trong": 2019, "Mat_Do": 0, "Loai_Giong": "DONA", "Luong_mua": 0, "T_toi_thap": 0, "T_toi_da": 0, "T_TB": 1, "Do_am_KK": "", "Loai_dat": "", "Do_doc": 0, "Hiuong_doc": "0", "Tang_day": 0, "pH": 0.0, "EC": 0.0, "CEC": 0.0, "OM": 0.0, "N_ts": 0.0, "P2O5_ts": 0.0, "P2O5_dt": 0.0, "K2Ots": 0.0, "K2Odt": 0.0, "Canxi_td": 0.0, "Magie_td": 0.0, "Kem_dt": 0.0, "Bo_dt": null, "Cadimi": 0.0, "Asen": 0.0, "Chi": 0.0, "Thuy_ngan": 0.0 }, "geometry": { "type": "Polygon", "coordinates": [ [ [ 107.985741, 13.842799 ], [ 107.98375, 13.842738 ], [ 107.983374, 13.842727 ], [ 107.983348, 13.842718 ], [ 107.984122, 13.841727 ], [ 107.984925, 13.840646 ], [ 107.986411, 13.840711 ], [ 107.986422, 13.842203 ], [ 107.985762, 13.842191 ], [ 107.985749, 13.842799 ], [ 107.985741, 13.842799 ] ] ] } },
{ "type": "Feature", "properties": { "Kinh_do": 107.993611, "Vi_do": 13.853755, "Cao_do": 0.0, "Khu_Lien_Hop": "Cao Nguyen", "Cong_Ty": "THACO AGRI", "Xi_Nghiep": "CAT", "Nong_Truong": "Ia Bang 3", "Khu_Vuc": "60ha", "Ten_Lo": "47", "Dien_Tich": 3.41, "Loai_Cay": "Sau Rieng", "So_Cay": 532, "Thang_Trong": 7, "Nam_Trong": 2019, "Mat_Do": 0, "Loai_Giong": "DONA", "Luong_mua": 0, "T_toi_thap": 0, "T_toi_da": 0, "T_TB": 1, "Do_am_KK": "", "Loai_dat": "", "Do_doc": 0, "Hiuong_doc": "0", "Tang_day": 0, "pH": 0.0, "EC": 0.0, "CEC": 0.0, "OM": 0.0, "N_ts": 0.0, "P2O5_ts": 0.0, "P2O5_dt": 0.0, "K2Ots": 0.0, "K2Odt": 0.0, "Canxi_td": 0.0, "Magie_td": 0.0, "Kem_dt": 0.0, "Bo_dt": null, "Cadimi": 0.0, "Asen": 0.0, "Chi": 0.0, "Thuy_ngan": 0.0 }, "geometry": { "type": "Polygon", "coordinates": [ [ [ 107.994761, 13.853071 ], [ 107.994756, 13.853953 ], [ 107.994744, 13.854315 ], [ 107.994744, 13.854317 ], [ 107.993871, 13.854252 ], [ 107.993231, 13.854201 ], [ 107.99218, 13.854228 ], [ 107.992124, 13.853596 ], [ 107.992152, 13.853913 ], [ 107.99247, 13.853909 ], [ 107.992459, 13.853599 ], [ 107.992602, 13.8536 ], [ 107.993199, 13.853568 ], [ 107.993864, 13.853554 ], [ 107.993887, 13.852176 ], [ 107.994771, 13.852241 ], [ 107.994761, 13.853071 ] ] ] } },
{ "type": "Feature", "properties": { "Kinh_do": 107.996112, "Vi_do": 13.8499, "Cao_do": 0.0, "Khu_Lien_Hop": "Cao Nguyen", "Cong_Ty": "THACO AGRI", "Xi_Nghiep": "CAT", "Nong_Truong": "Ia Bang 3", "Khu_Vuc": "60ha", "Ten_Lo": "39", "Dien_Tich": 5.04, "Loai_Cay": "Sau Rieng", "So_Cay": 792, "Thang_Trong": 7, "Nam_Trong": 2019, "Mat_Do": 0, "Loai_Giong": "DONA", "Luong_mua": 0, "T_toi_thap": 0, "T_toi_da": 0, "T_TB": 1, "Do_am_KK": "", "Loai_dat": "", "Do_doc": 0, "Hiuong_doc": "0", "Tang_day": 0, "pH": 0.0, "EC": 0.0, "CEC": 0.0, "OM": 0.0, "N_ts": 0.0, "P2O5_ts": 0.0, "P2O5_dt": 0.0, "K2Ots": 0.0, "K2Odt": 0.0, "Canxi_td": 0.0, "Magie_td": 0.0, "Kem_dt": 0.0, "Bo_dt": null, "Cadimi": 0.0, "Asen": 0.0, "Chi": 0.0, "Thuy_ngan": 0.0 }, "geometry": { "type": "Polygon", "coordinates": [ [ [ 107.99524, 13.851301 ], [ 107.99522, 13.851264 ], [ 107.99522, 13.849859 ], [ 107.995208, 13.849309 ], [ 107.995203, 13.848499 ], [ 107.99519, 13.847716 ], [ 107.996232, 13.847642 ], [ 107.996234, 13.847529 ], [ 107.996232, 13.847689 ], [ 107.996223, 13.84774 ], [ 107.996222, 13.848487 ], [ 107.996224, 13.849133 ], [ 107.996504, 13.849148 ], [ 107.996649, 13.849149 ], [ 107.997034, 13.849164 ], [ 107.996999, 13.849285 ], [ 107.996981, 13.849304 ], [ 107.996962, 13.849314 ], [ 107.996764, 13.849373 ], [ 107.996735, 13.849388 ], [ 107.996562, 13.849553 ], [ 107.996526, 13.849599 ], [ 107.996299, 13.849926 ], [ 107.996256, 13.850014 ], [ 107.99618, 13.850113 ], [ 107.996134, 13.85018 ], [ 107.995999, 13.850411 ], [ 107.99595, 13.850538 ], [ 107.995939, 13.850642 ], [ 107.995941, 13.850667 ], [ 107.995934, 13.850828 ], [ 107.995916, 13.850935 ], [ 107.995881, 13.851092 ], [ 107.995867, 13.851201 ], [ 107.995815, 13.85138 ], [ 107.995806, 13.851481 ], [ 107.995813, 13.851796 ], [ 107.995815, 13.852096 ], [ 107.995806, 13.852184 ], [ 107.995817, 13.852227 ], [ 107.995256, 13.85227 ], [ 107.995383, 13.85226 ], [ 107.995386, 13.85207 ], [ 107.995238, 13.852067 ], [ 107.99524, 13.851301 ] ] ] } },
{ "type": "Feature", "properties": { "Kinh_do": 107.92011, "Vi_do": 13.903195, "Cao_do": 0.0, "Khu_Lien_Hop": "Cao Nguyen", "Cong_Ty": "THACO AGRI", "Xi_Nghiep": "CAT", "Nong_Truong": "Ia Pech", "Khu_Vuc": "B2", "Ten_Lo": "19", "Dien_Tich": 7.4, "Loai_Cay": "Sau Rieng", "So_Cay": 1403, "Thang_Trong": 4, "Nam_Trong": 2022, "Mat_Do": 0, "Loai_Giong": "DONA", "Luong_mua": 0, "T_toi_thap": 0, "T_toi_da": 0, "T_TB": 1, "Do_am_KK": "", "Loai_dat": "", "Do_doc": 0, "Hiuong_doc": "0", "Tang_day": 0, "pH": 0.0, "EC": 0.0, "CEC": 0.0, "OM": 0.0, "N_ts": 0.0, "P2O5_ts": 0.0, "P2O5_dt": 0.0, "K2Ots": 0.0, "K2Odt": 0.0, "Canxi_td": 0.0, "Magie_td": 0.0, "Kem_dt": 0.0, "Bo_dt": null, "Cadimi": 0.0, "Asen": 0.0, "Chi": 0.0, "Thuy_ngan": 0.0 }, "geometry": { "type": "Polygon", "coordinates": [ [ [ 107.921775, 13.904704 ], [ 107.921775, 13.904704 ], [ 107.921712, 13.904694 ], [ 107.921078, 13.904552 ], [ 107.920388, 13.904318 ], [ 107.920388, 13.904318 ], [ 107.920074, 13.904211 ], [ 107.920073, 13.904211 ], [ 107.919795, 13.904119 ], [ 107.919407, 13.903843 ], [ 107.918886, 13.903363 ], [ 107.918885, 13.903363 ], [ 107.918375, 13.902919 ], [ 107.918312, 13.902864 ], [ 107.918302, 13.902874 ], [ 107.918302, 13.902874 ], [ 107.918097, 13.902495 ], [ 107.918103, 13.902329 ], [ 107.918102, 13.902329 ], [ 107.918104, 13.902302 ], [ 107.918103, 13.902302 ], [ 107.918117, 13.901908 ], [ 107.918843, 13.901706 ], [ 107.918843, 13.901706 ], [ 107.918923, 13.901684 ], [ 107.920043, 13.90175 ], [ 107.920484, 13.901769 ], [ 107.920173, 13.902986 ], [ 107.922122, 13.903593 ], [ 107.921794, 13.904707 ], [ 107.921775, 13.904704 ] ] ] } },
{ "type": "Feature", "properties": { "Kinh_do": 107.921376, "Vi_do": 13.902681, "Cao_do": 0.0, "Khu_Lien_Hop": "Cao Nguyen", "Cong_Ty": "THACO AGRI", "Xi_Nghiep": "CAT", "Nong_Truong": "Ia Pech", "Khu_Vuc": "B2", "Ten_Lo": "17", "Dien_Tich": 3.74, "Loai_Cay": "Sau Rieng", "So_Cay": 685, "Thang_Trong": 8, "Nam_Trong": 2022, "Mat_Do": 0, "Loai_Giong": "DONA + MSK", "Luong_mua": 0, "T_toi_thap": 0, "T_toi_da": 0, "T_TB": 1, "Do_am_KK": "", "Loai_dat": "", "Do_doc": 0, "Hiuong_doc": "0", "Tang_day": 0, "pH": 0.0, "EC": 0.0, "CEC": 0.0, "OM": 0.0, "N_ts": 0.0, "P2O5_ts": 0.0, "P2O5_dt": 0.0, "K2Ots": 0.0, "K2Odt": 0.0, "Canxi_td": 0.0, "Magie_td": 0.0, "Kem_dt": 0.0, "Bo_dt": null, "Cadimi": 0.0, "Asen": 0.0, "Chi": 0.0, "Thuy_ngan": 0.0 }, "geometry": { "type": "Polygon", "coordinates": [ [ [ 107.920173, 13.902986 ], [ 107.920484, 13.901769 ], [ 107.92108, 13.901796 ], [ 107.922232, 13.901842 ], [ 107.922549, 13.901855 ], [ 107.922577, 13.901856 ], [ 107.922578, 13.901856 ], [ 107.922122, 13.903593 ], [ 107.920173, 13.902986 ] ] ] } },
{ "type": "Feature", "properties": { "Kinh_do": 107.924211, "Vi_do": 13.905095, "Cao_do": 0.0, "Khu_Lien_Hop": "Cao Nguyen", "Cong_Ty": "THACO AGRI", "Xi_Nghiep": "CAT", "Nong_Truong": "Ia Pech", "Khu_Vuc": "B2", "Ten_Lo": "18", "Dien_Tich": 6.73, "Loai_Cay": "Sau Rieng", "So_Cay": 939, "Thang_Trong": 4, "Nam_Trong": 2022, "Mat_Do": 0, "Loai_Giong": "DONA", "Luong_mua": 0, "T_toi_thap": 0, "T_toi_da": 0, "T_TB": 1, "Do_am_KK": "", "Loai_dat": "", "Do_doc": 0, "Hiuong_doc": "0", "Tang_day": 0, "pH": 0.0, "EC": 0.0, "CEC": 0.0, "OM": 0.0, "N_ts": 0.0, "P2O5_ts": 0.0, "P2O5_dt": 0.0, "K2Ots": 0.0, "K2Odt": 0.0, "Canxi_td": 0.0, "Magie_td": 0.0, "Kem_dt": 0.0, "Bo_dt": null, "Cadimi": 0.0, "Asen": 0.0, "Chi": 0.0, "Thuy_ngan": 0.0 }, "geometry": { "type": "Polygon", "coordinates": [ [ [ 107.925967, 13.906596 ], [ 107.925952, 13.906586 ], [ 107.925947, 13.906583 ], [ 107.925947, 13.906582 ], [ 107.925928, 13.90657 ], [ 107.925927, 13.90657 ], [ 107.925926, 13.906569 ], [ 107.925488, 13.906343 ], [ 107.925098, 13.906123 ], [ 107.924875, 13.905981 ], [ 107.924676, 13.905831 ], [ 107.924675, 13.90583 ], [ 107.924269, 13.905582 ], [ 107.924269, 13.905581 ], [ 107.924268, 13.905581 ], [ 107.924213, 13.905553 ], [ 107.924213, 13.905553 ], [ 107.924188, 13.905541 ], [ 107.924066, 13.90548 ], [ 107.923598, 13.905188 ], [ 107.923598, 13.905188 ], [ 107.923596, 13.905187 ], [ 107.923062, 13.904987 ], [ 107.92306, 13.904986 ], [ 107.922717, 13.9049 ], [ 107.922717, 13.9049 ], [ 107.92271, 13.904898 ], [ 107.922028, 13.904746 ], [ 107.922027, 13.904746 ], [ 107.921802, 13.904709 ], [ 107.921802, 13.904709 ], [ 107.921794, 13.904707 ], [ 107.922122, 13.903593 ], [ 107.924917, 13.904477 ], [ 107.926628, 13.905636 ], [ 107.925968, 13.906597 ], [ 107.925967, 13.906596 ] ] ] } },
{ "type": "Feature", "properties": { "Kinh_do": 107.923911, "Vi_do": 13.903167, "Cao_do": 0.0, "Khu_Lien_Hop": "Cao Nguyen", "Cong_Ty": "THACO AGRI", "Xi_Nghiep": "CAT", "Nong_Truong": "Ia Pech", "Khu_Vuc": "B2", "Ten_Lo": "16", "Dien_Tich": 6.37, "Loai_Cay": "Sau Rieng", "So_Cay": 1073, "Thang_Trong": 8, "Nam_Trong": 2022, "Mat_Do": 0, "Loai_Giong": "DONA + MSK", "Luong_mua": 0, "T_toi_thap": 0, "T_toi_da": 0, "T_TB": 1, "Do_am_KK": "", "Loai_dat": "", "Do_doc": 0, "Hiuong_doc": "0", "Tang_day": 0, "pH": 0.0, "EC": 0.0, "CEC": 0.0, "OM": 0.0, "N_ts": 0.0, "P2O5_ts": 0.0, "P2O5_dt": 0.0, "K2Ots": 0.0, "K2Odt": 0.0, "Canxi_td": 0.0, "Magie_td": 0.0, "Kem_dt": 0.0, "Bo_dt": null, "Cadimi": 0.0, "Asen": 0.0, "Chi": 0.0, "Thuy_ngan": 0.0 }, "geometry": { "type": "Polygon", "coordinates": [ [ [ 107.922578, 13.901856 ], [ 107.922986, 13.901871 ], [ 107.922986, 13.901871 ], [ 107.923359, 13.901897 ], [ 107.9257, 13.903474 ], [ 107.924917, 13.904477 ], [ 107.922122, 13.903593 ], [ 107.922578, 13.901856 ] ], [ [ 107.92353, 13.902356 ], [ 107.923234, 13.902342 ], [ 107.923258, 13.902016 ], [ 107.923544, 13.902035 ], [ 107.92353, 13.902356 ] ] ] } },
{ "type": "Feature", "properties": { "Kinh_do": 107.925119, "Vi_do": 13.902947, "Cao_do": 0.0, "Khu_Lien_Hop": "Cao Nguyen", "Cong_Ty": "THACO AGRI", "Xi_Nghiep": "CAT", "Nong_Truong": "Ia Pech", "Khu_Vuc": "B2", "Ten_Lo": "14", "Dien_Tich": 2.86, "Loai_Cay": "Sau Rieng", "So_Cay": 386, "Thang_Trong": 8, "Nam_Trong": 2022, "Mat_Do": 0, "Loai_Giong": "DONA", "Luong_mua": 0, "T_toi_thap": 0, "T_toi_da": 0, "T_TB": 1, "Do_am_KK": "", "Loai_dat": "", "Do_doc": 0, "Hiuong_doc": "0", "Tang_day": 0, "pH": 0.0, "EC": 0.0, "CEC": 0.0, "OM": 0.0, "N_ts": 0.0, "P2O5_ts": 0.0, "P2O5_dt": 0.0, "K2Ots": 0.0, "K2Odt": 0.0, "Canxi_td": 0.0, "Magie_td": 0.0, "Kem_dt": 0.0, "Bo_dt": null, "Cadimi": 0.0, "Asen": 0.0, "Chi": 0.0, "Thuy_ngan": 0.0 }, "geometry": { "type": "Polygon", "coordinates": [ [ [ 107.923431, 13.901902 ], [ 107.923535, 13.901909 ], [ 107.924077, 13.901947 ], [ 107.925046, 13.901982 ], [ 107.925113, 13.901984 ], [ 107.925159, 13.901986 ], [ 107.926203, 13.902747 ], [ 107.926014, 13.903013 ], [ 107.926878, 13.903641 ], [ 107.926878, 13.903641 ], [ 107.926811, 13.903592 ], [ 107.926544, 13.903997 ], [ 107.9257, 13.903474 ], [ 107.923359, 13.901897 ], [ 107.923431, 13.901902 ] ] ] } },
{ "type": "Feature", "properties": { "Kinh_do": 107.926144, "Vi_do": 13.904555, "Cao_do": 0.0, "Khu_Lien_Hop": "Cao Nguyen", "Cong_Ty": "THACO AGRI", "Xi_Nghiep": "CAT", "Nong_Truong": "Ia Pech", "Khu_Vuc": "B2", "Ten_Lo": "15", "Dien_Tich": 3.17, "Loai_Cay": "Sau Rieng", "So_Cay": 517, "Thang_Trong": 8, "Nam_Trong": 2022, "Mat_Do": 0, "Loai_Giong": "DONA + MSK", "Luong_mua": 0, "T_toi_thap": 0, "T_toi_da": 0, "T_TB": 1, "Do_am_KK": "", "Loai_dat": "", "Do_doc": 0, "Hiuong_doc": "0", "Tang_day": 0, "pH": 0.0, "EC": 0.0, "CEC": 0.0, "OM": 0.0, "N_ts": 0.0, "P2O5_ts": 0.0, "P2O5_dt": 0.0, "K2Ots": 0.0, "K2Odt": 0.0, "Canxi_td": 0.0, "Magie_td": 0.0, "Kem_dt": 0.0, "Bo_dt": null, "Cadimi": 0.0, "Asen": 0.0, "Chi": 0.0, "Thuy_ngan": 0.0 }, "geometry": { "type": "Polygon", "coordinates": [ [ [ 107.924917, 13.904477 ], [ 107.9257, 13.903474 ], [ 107.926544, 13.903997 ], [ 107.92674, 13.904124 ], [ 107.927372, 13.904607 ], [ 107.926628, 13.905636 ], [ 107.924917, 13.904477 ] ] ] } },
{ "type": "Feature", "properties": { "Kinh_do": 107.927653, "Vi_do": 13.903821, "Cao_do": 0.0, "Khu_Lien_Hop": "Cao Nguyen", "Cong_Ty": "THACO AGRI", "Xi_Nghiep": "CAT", "Nong_Truong": "Ia Pech", "Khu_Vuc": "B1", "Ten_Lo": "13", "Dien_Tich": 8.82, "Loai_Cay": "Sau Rieng", "So_Cay": 1371, "Thang_Trong": 7, "Nam_Trong": 2019, "Mat_Do": 0, "Loai_Giong": "DONA", "Luong_mua": 0, "T_toi_thap": 0, "T_toi_da": 0, "T_TB": 1, "Do_am_KK": "", "Loai_dat": "", "Do_doc": 0, "Hiuong_doc": "0", "Tang_day": 0, "pH": 0.0, "EC": 0.0, "CEC": 0.0, "OM": 0.0, "N_ts": 0.0, "P2O5_ts": 0.0, "P2O5_dt": 0.0, "K2Ots": 0.0, "K2Odt": 0.0, "Canxi_td": 0.0, "Magie_td": 0.0, "Kem_dt": 0.0, "Bo_dt": null, "Cadimi": 0.0, "Asen": 0.0, "Chi": 0.0, "Thuy_ngan": 0.0 }, "geometry": { "type": "Polygon", "coordinates": [ [ [ 107.925359, 13.901993 ], [ 107.925875, 13.901996 ], [ 107.926402, 13.901955 ], [ 107.926559, 13.901941 ], [ 107.92656, 13.901941 ], [ 107.926667, 13.901932 ], [ 107.926668, 13.901932 ], [ 107.926671, 13.901932 ], [ 107.926769, 13.90195 ], [ 107.926772, 13.901951 ], [ 107.92691, 13.902012 ], [ 107.926911, 13.902012 ], [ 107.926911, 13.902012 ], [ 107.92769, 13.902494 ], [ 107.928559, 13.903032 ], [ 107.929237, 13.903448 ], [ 107.929239, 13.903449 ], [ 107.929537, 13.903704 ], [ 107.929538, 13.903705 ], [ 107.930078, 13.904257 ], [ 107.930147, 13.904329 ], [ 107.929534, 13.904999 ], [ 107.929018, 13.905709 ], [ 107.927372, 13.904607 ], [ 107.92674, 13.904124 ], [ 107.926991, 13.903723 ], [ 107.927218, 13.903452 ], [ 107.926203, 13.902747 ], [ 107.925159, 13.901986 ], [ 107.925359, 13.901993 ] ] ] } },
{ "type": "Feature", "properties": { "Kinh_do": 107.930768, "Vi_do": 13.905932, "Cao_do": 0.0, "Khu_Lien_Hop": "Cao Nguyen", "Cong_Ty": "THACO AGRI", "Xi_Nghiep": "CAT", "Nong_Truong": "Ia Pech", "Khu_Vuc": "B1", "Ten_Lo": "12", "Dien_Tich": 5.46, "Loai_Cay": "Sau Rieng", "So_Cay": 817, "Thang_Trong": 7, "Nam_Trong": 2019, "Mat_Do": 0, "Loai_Giong": "DONA", "Luong_mua": 0, "T_toi_thap": 0, "T_toi_da": 0, "T_TB": 1, "Do_am_KK": "", "Loai_dat": "", "Do_doc": 0, "Hiuong_doc": "0", "Tang_day": 0, "pH": 0.0, "EC": 0.0, "CEC": 0.0, "OM": 0.0, "N_ts": 0.0, "P2O5_ts": 0.0, "P2O5_dt": 0.0, "K2Ots": 0.0, "K2Odt": 0.0, "Canxi_td": 0.0, "Magie_td": 0.0, "Kem_dt": 0.0, "Bo_dt": null, "Cadimi": 0.0, "Asen": 0.0, "Chi": 0.0, "Thuy_ngan": 0.0 }, "geometry": { "type": "Polygon", "coordinates": [ [ [ 107.929534, 13.904999 ], [ 107.930147, 13.904329 ], [ 107.930606, 13.904805 ], [ 107.930606, 13.904805 ], [ 107.931405, 13.905656 ], [ 107.931614, 13.905866 ], [ 107.931595, 13.905885 ], [ 107.93118, 13.906304 ], [ 107.93118, 13.906304 ], [ 107.931162, 13.906326 ], [ 107.931138, 13.906354 ], [ 107.930973, 13.906242 ], [ 107.930849, 13.906425 ], [ 107.931272, 13.906683 ], [ 107.931277, 13.906678 ], [ 107.931283, 13.906672 ], [ 107.931283, 13.906671 ], [ 107.931284, 13.906672 ], [ 107.931401, 13.906529 ], [ 107.931403, 13.906526 ], [ 107.931834, 13.906126 ], [ 107.931855, 13.906108 ], [ 107.931873, 13.906126 ], [ 107.931873, 13.906126 ], [ 107.932303, 13.906577 ], [ 107.932303, 13.906577 ], [ 107.932518, 13.906819 ], [ 107.932496, 13.906836 ], [ 107.932496, 13.906836 ], [ 107.932438, 13.90688 ], [ 107.932284, 13.906998 ], [ 107.931588, 13.907535 ], [ 107.929018, 13.905709 ], [ 107.929534, 13.904999 ] ] ] } },
{ "type": "Feature", "properties": { "Kinh_do": 107.927562, "Vi_do": 13.906035, "Cao_do": 0.0, "Khu_Lien_Hop": "Cao Nguyen", "Cong_Ty": "THACO AGRI", "Xi_Nghiep": "CAT", "Nong_Truong": "Ia Pech", "Khu_Vuc": "B1", "Ten_Lo": "11", "Dien_Tich": 5.74, "Loai_Cay": "Sau Rieng", "So_Cay": 793, "Thang_Trong": 7, "Nam_Trong": 2019, "Mat_Do": 0, "Loai_Giong": "DONA", "Luong_mua": 0, "T_toi_thap": 0, "T_toi_da": 0, "T_TB": 1, "Do_am_KK": "", "Loai_dat": "", "Do_doc": 0, "Hiuong_doc": "0", "Tang_day": 0, "pH": 0.0, "EC": 0.0, "CEC": 0.0, "OM": 0.0, "N_ts": 0.0, "P2O5_ts": 0.0, "P2O5_dt": 0.0, "K2Ots": 0.0, "K2Odt": 0.0, "Canxi_td": 0.0, "Magie_td": 0.0, "Kem_dt": 0.0, "Bo_dt": null, "Cadimi": 0.0, "Asen": 0.0, "Chi": 0.0, "Thuy_ngan": 0.0 }, "geometry": { "type": "Polygon", "coordinates": [ [ [ 107.927545, 13.907286 ], [ 107.927543, 13.907286 ], [ 107.927205, 13.90715 ], [ 107.927205, 13.90715 ], [ 107.926987, 13.907063 ], [ 107.926686, 13.906938 ], [ 107.926356, 13.906802 ], [ 107.926355, 13.906802 ], [ 107.92622, 13.906753 ], [ 107.926133, 13.906705 ], [ 107.926022, 13.906632 ], [ 107.92597, 13.906598 ], [ 107.925967, 13.906596 ], [ 107.925968, 13.906597 ], [ 107.926628, 13.905636 ], [ 107.927372, 13.904607 ], [ 107.929018, 13.905709 ], [ 107.929156, 13.905807 ], [ 107.927869, 13.907463 ], [ 107.927545, 13.907286 ] ] ] } },
{ "type": "Feature", "properties": { "Kinh_do": 107.929721, "Vi_do": 13.907159, "Cao_do": 0.0, "Khu_Lien_Hop": "Cao Nguyen", "Cong_Ty": "THACO AGRI", "Xi_Nghiep": "CAT", "Nong_Truong": "Ia Pech", "Khu_Vuc": "B1", "Ten_Lo": "10", "Dien_Tich": 6.02, "Loai_Cay": "Sau Rieng", "So_Cay": 871, "Thang_Trong": 7, "Nam_Trong": 2019, "Mat_Do": 0, "Loai_Giong": "DONA", "Luong_mua": 0, "T_toi_thap": 0, "T_toi_da": 0, "T_TB": 1, "Do_am_KK": "", "Loai_dat": "", "Do_doc": 0, "Hiuong_doc": "0", "Tang_day": 0, "pH": 0.0, "EC": 0.0, "CEC": 0.0, "OM": 0.0, "N_ts": 0.0, "P2O5_ts": 0.0, "P2O5_dt": 0.0, "K2Ots": 0.0, "K2Odt": 0.0, "Canxi_td": 0.0, "Magie_td": 0.0, "Kem_dt": 0.0, "Bo_dt": null, "Cadimi": 0.0, "Asen": 0.0, "Chi": 0.0, "Thuy_ngan": 0.0 }, "geometry": { "type": "Polygon", "coordinates": [ [ [ 107.931518, 13.90759 ], [ 107.931474, 13.907624 ], [ 107.930763, 13.908173 ], [ 107.930748, 13.908184 ], [ 107.930443, 13.90842 ], [ 107.930367, 13.908491 ], [ 107.930367, 13.908491 ], [ 107.930347, 13.908512 ], [ 107.92788, 13.907499 ], [ 107.927854, 13.907485 ], [ 107.927869, 13.907463 ], [ 107.927869, 13.907463 ], [ 107.929156, 13.905807 ], [ 107.931588, 13.907535 ], [ 107.931518, 13.90759 ] ] ] } },
{ "type": "Feature", "properties": { "Kinh_do": 107.938307, "Vi_do": 13.905345, "Cao_do": 0.0, "Khu_Lien_Hop": "Cao Nguyen", "Cong_Ty": "THACO AGRI", "Xi_Nghiep": "CAT", "Nong_Truong": "Ia Pech", "Khu_Vuc": "A2", "Ten_Lo": "5", "Dien_Tich": 4.47, "Loai_Cay": "Sau Rieng", "So_Cay": 689, "Thang_Trong": 5, "Nam_Trong": 2021, "Mat_Do": 0, "Loai_Giong": "DONA", "Luong_mua": 0, "T_toi_thap": 0, "T_toi_da": 0, "T_TB": 1, "Do_am_KK": "", "Loai_dat": "", "Do_doc": 0, "Hiuong_doc": "0", "Tang_day": 0, "pH": 0.0, "EC": 0.0, "CEC": 0.0, "OM": 0.0, "N_ts": 0.0, "P2O5_ts": 0.0, "P2O5_dt": 0.0, "K2Ots": 0.0, "K2Odt": 0.0, "Canxi_td": 0.0, "Magie_td": 0.0, "Kem_dt": 0.0, "Bo_dt": null, "Cadimi": 0.0, "Asen": 0.0, "Chi": 0.0, "Thuy_ngan": 0.0 }, "geometry": { "type": "Polygon", "coordinates": [ [ [ 107.936661, 13.904382 ], [ 107.936661, 13.904382 ], [ 107.936889, 13.904404 ], [ 107.937909, 13.904462 ], [ 107.938388, 13.904478 ], [ 107.93869, 13.9045 ], [ 107.939582, 13.904595 ], [ 107.939913, 13.904644 ], [ 107.939938, 13.904657 ], [ 107.939953, 13.904693 ], [ 107.939952, 13.904745 ], [ 107.939931, 13.904857 ], [ 107.939768, 13.905832 ], [ 107.939768, 13.905832 ], [ 107.939768, 13.905832 ], [ 107.939764, 13.905858 ], [ 107.939755, 13.905858 ], [ 107.939755, 13.905858 ], [ 107.939544, 13.905855 ], [ 107.939312, 13.905903 ], [ 107.938934, 13.90601 ], [ 107.938565, 13.906119 ], [ 107.938426, 13.906209 ], [ 107.938425, 13.90621 ], [ 107.938425, 13.90621 ], [ 107.938344, 13.906251 ], [ 107.938328, 13.906308 ], [ 107.936661, 13.904382 ], [ 107.936661, 13.904382 ] ] ] } },
{ "type": "Feature", "properties": { "Kinh_do": 107.935401, "Vi_do": 13.905614, "Cao_do": 0.0, "Khu_Lien_Hop": "Cao Nguyen", "Cong_Ty": "THACO AGRI", "Xi_Nghiep": "CAT", "Nong_Truong": "Ia Pech", "Khu_Vuc": "A2", "Ten_Lo": "6", "Dien_Tich": 5.62, "Loai_Cay": "Sau Rieng", "So_Cay": 911, "Thang_Trong": 5, "Nam_Trong": 2021, "Mat_Do": 0, "Loai_Giong": "DONA", "Luong_mua": 0, "T_toi_thap": 0, "T_toi_da": 0, "T_TB": 1, "Do_am_KK": "", "Loai_dat": "", "Do_doc": 0, "Hiuong_doc": "0", "Tang_day": 0, "pH": 0.0, "EC": 0.0, "CEC": 0.0, "OM": 0.0, "N_ts": 0.0, "P2O5_ts": 0.0, "P2O5_dt": 0.0, "K2Ots": 0.0, "K2Odt": 0.0, "Canxi_td": 0.0, "Magie_td": 0.0, "Kem_dt": 0.0, "Bo_dt": null, "Cadimi": 0.0, "Asen": 0.0, "Chi": 0.0, "Thuy_ngan": 0.0 }, "geometry": { "type": "Polygon", "coordinates": [ [ [ 107.934947, 13.90679 ], [ 107.934632, 13.906806 ], [ 107.934632, 13.906806 ], [ 107.934316, 13.906818 ], [ 107.933936, 13.906831 ], [ 107.933692, 13.906846 ], [ 107.933665, 13.906821 ], [ 107.933376, 13.906529 ], [ 107.933312, 13.90647 ], [ 107.933329, 13.906456 ], [ 107.933467, 13.90636 ], [ 107.93403, 13.905955 ], [ 107.934305, 13.90577 ], [ 107.934716, 13.905521 ], [ 107.935071, 13.905305 ], [ 107.935086, 13.905296 ], [ 107.935086, 13.905296 ], [ 107.935086, 13.905296 ], [ 107.93549, 13.90505 ], [ 107.935703, 13.904906 ], [ 107.935992, 13.904728 ], [ 107.936419, 13.904489 ], [ 107.93663, 13.904392 ], [ 107.93663, 13.904392 ], [ 107.936661, 13.904382 ], [ 107.937489, 13.905339 ], [ 107.935223, 13.906776 ], [ 107.934947, 13.90679 ] ] ] } },
{ "type": "Feature", "properties": { "Kinh_do": 107.936783, "Vi_do": 13.906492, "Cao_do": 0.0, "Khu_Lien_Hop": "Cao Nguyen", "Cong_Ty": "THACO AGRI", "Xi_Nghiep": "CAT", "Nong_Truong": "Ia Pech", "Khu_Vuc": "A2", "Ten_Lo": "7", "Dien_Tich": 4.07, "Loai_Cay": "Sau Rieng", "So_Cay": 670, "Thang_Trong": 5, "Nam_Trong": 2021, "Mat_Do": 0, "Loai_Giong": "DONA", "Luong_mua": 0, "T_toi_thap": 0, "T_toi_da": 0, "T_TB": 1, "Do_am_KK": "", "Loai_dat": "", "Do_doc": 0, "Hiuong_doc": "0", "Tang_day": 0, "pH": 0.0, "EC": 0.0, "CEC": 0.0, "OM": 0.0, "N_ts": 0.0, "P2O5_ts": 0.0, "P2O5_dt": 0.0, "K2Ots": 0.0, "K2Odt": 0.0, "Canxi_td": 0.0, "Magie_td": 0.0, "Kem_dt": 0.0, "Bo_dt": null, "Cadimi": 0.0, "Asen": 0.0, "Chi": 0.0, "Thuy_ngan": 0.0 }, "geometry": { "type": "Polygon", "coordinates": [ [ [ 107.937489, 13.905339 ], [ 107.938328, 13.906308 ], [ 107.938344, 13.906251 ], [ 107.93832, 13.906337 ], [ 107.938314, 13.906359 ], [ 107.938297, 13.90641 ], [ 107.936326, 13.907644 ], [ 107.935356, 13.906881 ], [ 107.935223, 13.906776 ], [ 107.937489, 13.905339 ] ] ] } },
{ "type": "Feature", "properties": { "Kinh_do": 107.937674, "Vi_do": 13.907579, "Cao_do": 0.0, "Khu_Lien_Hop": "Cao Nguyen", "Cong_Ty": "THACO AGRI", "Xi_Nghiep": "CAT", "Nong_Truong": "Ia Pech", "Khu_Vuc": "A2", "Ten_Lo": "8", "Dien_Tich": 3.95, "Loai_Cay": "Sau Rieng", "So_Cay": 629, "Thang_Trong": 5, "Nam_Trong": 2021, "Mat_Do": 0, "Loai_Giong": "DONA", "Luong_mua": 0, "T_toi_thap": 0, "T_toi_da": 0, "T_TB": 1, "Do_am_KK": "", "Loai_dat": "", "Do_doc": 0, "Hiuong_doc": "0", "Tang_day": 0, "pH": 0.0, "EC": 0.0, "CEC": 0.0, "OM": 0.0, "N_ts": 0.0, "P2O5_ts": 0.0, "P2O5_dt": 0.0, "K2Ots": 0.0, "K2Odt": 0.0, "Canxi_td": 0.0, "Magie_td": 0.0, "Kem_dt": 0.0, "Bo_dt": null, "Cadimi": 0.0, "Asen": 0.0, "Chi": 0.0, "Thuy_ngan": 0.0 }, "geometry": { "type": "Polygon", "coordinates": [ [ [ 107.936326, 13.907644 ], [ 107.938297, 13.90641 ], [ 107.938346, 13.906513 ], [ 107.938503, 13.90668 ], [ 107.938506, 13.906685 ], [ 107.938507, 13.906685 ], [ 107.938824, 13.907242 ], [ 107.938824, 13.907244 ], [ 107.93888, 13.907364 ], [ 107.938882, 13.907367 ], [ 107.938992, 13.907709 ], [ 107.938993, 13.907713 ], [ 107.939022, 13.907916 ], [ 107.937575, 13.908748 ], [ 107.937495, 13.908554 ], [ 107.936436, 13.907731 ], [ 107.936435, 13.90773 ], [ 107.936326, 13.907644 ] ] ] } },
{ "type": "Feature", "properties": { "Kinh_do": 107.938142, "Vi_do": 13.910904, "Cao_do": 0.0, "Khu_Lien_Hop": "Cao Nguyen", "Cong_Ty": "THACO AGRI", "Xi_Nghiep": "CAT", "Nong_Truong": "Ia Pech", "Khu_Vuc": "A2", "Ten_Lo": "9", "Dien_Tich": 7.85, "Loai_Cay": "Sau Rieng", "So_Cay": 1161, "Thang_Trong": 5, "Nam_Trong": 2021, "Mat_Do": 0, "Loai_Giong": "DONA", "Luong_mua": 0, "T_toi_thap": 0, "T_toi_da": 0, "T_TB": 1, "Do_am_KK": "", "Loai_dat": "", "Do_doc": 0, "Hiuong_doc": "0", "Tang_day": 0, "pH": 0.0, "EC": 0.0, "CEC": 0.0, "OM": 0.0, "N_ts": 0.0, "P2O5_ts": 0.0, "P2O5_dt": 0.0, "K2Ots": 0.0, "K2Odt": 0.0, "Canxi_td": 0.0, "Magie_td": 0.0, "Kem_dt": 0.0, "Bo_dt": null, "Cadimi": 0.0, "Asen": 0.0, "Chi": 0.0, "Thuy_ngan": 0.0 }, "geometry": { "type": "Polygon", "coordinates": [ [ [ 107.938626, 13.912814 ], [ 107.9385, 13.913045 ], [ 107.938264, 13.913437 ], [ 107.938072, 13.913702 ], [ 107.937958, 13.91383 ], [ 107.93787, 13.913878 ], [ 107.937767, 13.913892 ], [ 107.937765, 13.913892 ], [ 107.937703, 13.913887 ], [ 107.937623, 13.913849 ], [ 107.937435, 13.913732 ], [ 107.937116, 13.913498 ], [ 107.93707, 13.913426 ], [ 107.937064, 13.913328 ], [ 107.937098, 13.913267 ], [ 107.93727, 13.913019 ], [ 107.93727, 13.913018 ], [ 107.937476, 13.912671 ], [ 107.937732, 13.912336 ], [ 107.937733, 13.912335 ], [ 107.93776, 13.91229 ], [ 107.93776, 13.91229 ], [ 107.937766, 13.91228 ], [ 107.937767, 13.912278 ], [ 107.937807, 13.912211 ], [ 107.937809, 13.912209 ], [ 107.937844, 13.912119 ], [ 107.937845, 13.912115 ], [ 107.937872, 13.911858 ], [ 107.937935, 13.911511 ], [ 107.938091, 13.910746 ], [ 107.938164, 13.910388 ], [ 107.938168, 13.910371 ], [ 107.938168, 13.910368 ], [ 107.938172, 13.910285 ], [ 107.938173, 13.910272 ], [ 107.938148, 13.910262 ], [ 107.938136, 13.910227 ], [ 107.937894, 13.909522 ], [ 107.937575, 13.908748 ], [ 107.939022, 13.907916 ], [ 107.93903, 13.907969 ], [ 107.93903, 13.90797 ], [ 107.939033, 13.907988 ], [ 107.939156, 13.908659 ], [ 107.939094, 13.908323 ], [ 107.939156, 13.908659 ], [ 107.93918, 13.908861 ], [ 107.939204, 13.909063 ], [ 107.93922, 13.909431 ], [ 107.939076, 13.910633 ], [ 107.939074, 13.910655 ], [ 107.939035, 13.911864 ], [ 107.939027, 13.91199 ], [ 107.93895, 13.912207 ], [ 107.938822, 13.91247 ], [ 107.938667, 13.912742 ], [ 107.938661, 13.912751 ], [ 107.938626, 13.912814 ], [ 107.938626, 13.912814 ] ] ] } },
{ "type": "Feature", "properties": { "Kinh_do": 107.938643, "Vi_do": 13.912785, "Cao_do": 0.0, "Khu_Lien_Hop": "Cao Nguyen", "Cong_Ty": "THACO AGRI", "Xi_Nghiep": "CAT", "Nong_Truong": "Ia Pech", "Khu_Vuc": "A2", "Ten_Lo": "9", "Dien_Tich": 7.85, "Loai_Cay": "Sau Rieng", "So_Cay": 1161, "Thang_Trong": 5, "Nam_Trong": 2021, "Mat_Do": 0, "Loai_Giong": "DONA", "Luong_mua": 0, "T_toi_thap": 0, "T_toi_da": 0, "T_TB": 1, "Do_am_KK": "", "Loai_dat": "", "Do_doc": 0, "Hiuong_doc": "0", "Tang_day": 0, "pH": 0.0, "EC": 0.0, "CEC": 0.0, "OM": 0.0, "N_ts": 0.0, "P2O5_ts": 0.0, "P2O5_dt": 0.0, "K2Ots": 0.0, "K2Odt": 0.0, "Canxi_td": 0.0, "Magie_td": 0.0, "Kem_dt": 0.0, "Bo_dt": null, "Cadimi": 0.0, "Asen": 0.0, "Chi": 0.0, "Thuy_ngan": 0.0 }, "geometry": { "type": "Polygon", "coordinates": [ [ [ 107.938626, 13.912814 ], [ 107.938659, 13.912756 ], [ 107.938666, 13.912744 ], [ 107.938626, 13.912814 ] ] ] } },
{ "type": "Feature", "properties": { "Kinh_do": 107.941825, "Vi_do": 13.905605, "Cao_do": 0.0, "Khu_Lien_Hop": "Cao Nguyen", "Cong_Ty": "THACO AGRI", "Xi_Nghiep": "CAT", "Nong_Truong": "Ia Pech", "Khu_Vuc": "A1", "Ten_Lo": "1", "Dien_Tich": 6.39, "Loai_Cay": "Sau Rieng", "So_Cay": 888, "Thang_Trong": 11, "Nam_Trong": 2019, "Mat_Do": 0, "Loai_Giong": "DONA", "Luong_mua": 0, "T_toi_thap": 0, "T_toi_da": 0, "T_TB": 1, "Do_am_KK": "", "Loai_dat": "", "Do_doc": 0, "Hiuong_doc": "0", "Tang_day": 0, "pH": 0.0, "EC": 0.0, "CEC": 0.0, "OM": 0.0, "N_ts": 0.0, "P2O5_ts": 0.0, "P2O5_dt": 0.0, "K2Ots": 0.0, "K2Odt": 0.0, "Canxi_td": 0.0, "Magie_td": 0.0, "Kem_dt": 0.0, "Bo_dt": null, "Cadimi": 0.0, "Asen": 0.0, "Chi": 0.0, "Thuy_ngan": 0.0 }, "geometry": { "type": "Polygon", "coordinates": [ [ [ 107.940111, 13.906498 ], [ 107.940102, 13.906472 ], [ 107.940102, 13.906471 ], [ 107.940026, 13.906284 ], [ 107.939932, 13.906098 ], [ 107.939949, 13.905784 ], [ 107.93999, 13.905471 ], [ 107.940047, 13.905177 ], [ 107.940131, 13.904801 ], [ 107.940146, 13.904755 ], [ 107.940169, 13.904724 ], [ 107.940219, 13.904708 ], [ 107.940482, 13.904707 ], [ 107.940957, 13.904718 ], [ 107.941047, 13.904725 ], [ 107.941047, 13.904725 ], [ 107.941075, 13.904727 ], [ 107.941449, 13.904755 ], [ 107.941939, 13.904798 ], [ 107.942288, 13.904831 ], [ 107.942762, 13.904876 ], [ 107.943211, 13.904879 ], [ 107.943451, 13.904875 ], [ 107.943553, 13.904883 ], [ 107.943554, 13.904883 ], [ 107.943554, 13.904883 ], [ 107.943583, 13.904882 ], [ 107.943593, 13.904926 ], [ 107.943594, 13.904932 ], [ 107.943594, 13.904935 ], [ 107.943587, 13.905011 ], [ 107.943606, 13.905178 ], [ 107.943313, 13.905223 ], [ 107.943342, 13.905422 ], [ 107.943169, 13.905452 ], [ 107.943238, 13.905762 ], [ 107.943667, 13.90569 ], [ 107.943676, 13.905764 ], [ 107.943716, 13.906096 ], [ 107.943716, 13.906097 ], [ 107.943718, 13.906113 ], [ 107.940112, 13.906503 ], [ 107.940111, 13.906498 ] ] ] } },
{ "type": "Feature", "properties": { "Kinh_do": 107.941989, "Vi_do": 13.906878, "Cao_do": 0.0, "Khu_Lien_Hop": "Cao Nguyen", "Cong_Ty": "THACO AGRI", "Xi_Nghiep": "CAT", "Nong_Truong": "Ia Pech", "Khu_Vuc": "A1", "Ten_Lo": "2", "Dien_Tich": 5.05, "Loai_Cay": "Sau Rieng", "So_Cay": 756, "Thang_Trong": 11, "Nam_Trong": 2019, "Mat_Do": 0, "Loai_Giong": "DONA", "Luong_mua": 0, "T_toi_thap": 0, "T_toi_da": 0, "T_TB": 1, "Do_am_KK": "", "Loai_dat": "", "Do_doc": 0, "Hiuong_doc": "0", "Tang_day": 0, "pH": 0.0, "EC": 0.0, "CEC": 0.0, "OM": 0.0, "N_ts": 0.0, "P2O5_ts": 0.0, "P2O5_dt": 0.0, "K2Ots": 0.0, "K2Odt": 0.0, "Canxi_td": 0.0, "Magie_td": 0.0, "Kem_dt": 0.0, "Bo_dt": null, "Cadimi": 0.0, "Asen": 0.0, "Chi": 0.0, "Thuy_ngan": 0.0 }, "geometry": { "type": "Polygon", "coordinates": [ [ [ 107.94372, 13.906129 ], [ 107.94372, 13.906129 ], [ 107.943771, 13.906604 ], [ 107.943866, 13.907332 ], [ 107.940802, 13.907659 ], [ 107.940288, 13.907091 ], [ 107.940285, 13.907086 ], [ 107.940282, 13.907079 ], [ 107.940245, 13.906916 ], [ 107.940111, 13.906498 ], [ 107.940112, 13.906503 ], [ 107.943718, 13.906113 ], [ 107.943716, 13.906097 ], [ 107.94372, 13.906129 ] ] ] } },
{ "type": "Feature", "properties": { "Kinh_do": 107.942413, "Vi_do": 13.908079, "Cao_do": 0.0, "Khu_Lien_Hop": "Cao Nguyen", "Cong_Ty": "THACO AGRI", "Xi_Nghiep": "CAT", "Nong_Truong": "Ia Pech", "Khu_Vuc": "A1", "Ten_Lo": "3", "Dien_Tich": 3.4, "Loai_Cay": "Sau Rieng", "So_Cay": 423, "Thang_Trong": 11, "Nam_Trong": 2019, "Mat_Do": 0, "Loai_Giong": "DONA", "Luong_mua": 0, "T_toi_thap": 0, "T_toi_da": 0, "T_TB": 1, "Do_am_KK": "", "Loai_dat": "", "Do_doc": 0, "Hiuong_doc": "0", "Tang_day": 0, "pH": 0.0, "EC": 0.0, "CEC": 0.0, "OM": 0.0, "N_ts": 0.0, "P2O5_ts": 0.0, "P2O5_dt": 0.0, "K2Ots": 0.0, "K2Odt": 0.0, "Canxi_td": 0.0, "Magie_td": 0.0, "Kem_dt": 0.0, "Bo_dt": null, "Cadimi": 0.0, "Asen": 0.0, "Chi": 0.0, "Thuy_ngan": 0.0 }, "geometry": { "type": "Polygon", "coordinates": [ [ [ 107.940802, 13.907659 ], [ 107.943866, 13.907332 ], [ 107.943867, 13.907343 ], [ 107.943867, 13.907346 ], [ 107.943867, 13.907346 ], [ 107.94387, 13.907369 ], [ 107.94387, 13.907369 ], [ 107.943892, 13.907539 ], [ 107.944017, 13.908209 ], [ 107.944022, 13.908235 ], [ 107.944023, 13.908237 ], [ 107.943067, 13.908354 ], [ 107.942436, 13.90861 ], [ 107.941696, 13.908825 ], [ 107.941689, 13.908766 ], [ 107.941685, 13.908743 ], [ 107.94164, 13.90861 ], [ 107.941578, 13.908507 ], [ 107.94141, 13.908332 ], [ 107.94141, 13.908331 ], [ 107.940907, 13.907776 ], [ 107.940887, 13.907753 ], [ 107.940802, 13.907659 ] ] ] } },
{ "type": "Feature", "properties": { "Kinh_do": 107.942668, "Vi_do": 13.910715, "Cao_do": 0.0, "Khu_Lien_Hop": "Cao Nguyen", "Cong_Ty": "THACO AGRI", "Xi_Nghiep": "CAT", "Nong_Truong": "Ia Pech", "Khu_Vuc": "A1", "Ten_Lo": "4", "Dien_Tich": 10.61, "Loai_Cay": "Sau Rieng", "So_Cay": 1334, "Thang_Trong": 11, "Nam_Trong": 2019, "Mat_Do": 0, "Loai_Giong": "DONA", "Luong_mua": 0, "T_toi_thap": 0, "T_toi_da": 0, "T_TB": 1, "Do_am_KK": "", "Loai_dat": "", "Do_doc": 0, "Hiuong_doc": "0", "Tang_day": 0, "pH": 0.0, "EC": 0.0, "CEC": 0.0, "OM": 0.0, "N_ts": 0.0, "P2O5_ts": 0.0, "P2O5_dt": 0.0, "K2Ots": 0.0, "K2Odt": 0.0, "Canxi_td": 0.0, "Magie_td": 0.0, "Kem_dt": 0.0, "Bo_dt": null, "Cadimi": 0.0, "Asen": 0.0, "Chi": 0.0, "Thuy_ngan": 0.0 }, "geometry": { "type": "Polygon", "coordinates": [ [ [ 107.944137, 13.908847 ], [ 107.94424, 13.90923 ], [ 107.944241, 13.909232 ], [ 107.944287, 13.90949 ], [ 107.944287, 13.909495 ], [ 107.944287, 13.909498 ], [ 107.944273, 13.909614 ], [ 107.944271, 13.909621 ], [ 107.944187, 13.909807 ], [ 107.944187, 13.909808 ], [ 107.94383, 13.910512 ], [ 107.943553, 13.911056 ], [ 107.943552, 13.911058 ], [ 107.943549, 13.911062 ], [ 107.942624, 13.912136 ], [ 107.942597, 13.912167 ], [ 107.94245, 13.912338 ], [ 107.942447, 13.91234 ], [ 107.94218, 13.912577 ], [ 107.942126, 13.912625 ], [ 107.942125, 13.912625 ], [ 107.941695, 13.912983 ], [ 107.941694, 13.912984 ], [ 107.941412, 13.913188 ], [ 107.94141, 13.91319 ], [ 107.941396, 13.913194 ], [ 107.941391, 13.913193 ], [ 107.94133, 13.913182 ], [ 107.941321, 13.913179 ], [ 107.941316, 13.913175 ], [ 107.941218, 13.913083 ], [ 107.941215, 13.913078 ], [ 107.941103, 13.912906 ], [ 107.941103, 13.912905 ], [ 107.9411, 13.912898 ], [ 107.94105, 13.912683 ], [ 107.941049, 13.912677 ], [ 107.941049, 13.912675 ], [ 107.941068, 13.912471 ], [ 107.941069, 13.912465 ], [ 107.941118, 13.91232 ], [ 107.941119, 13.912318 ], [ 107.94127, 13.911977 ], [ 107.94127, 13.911976 ], [ 107.941442, 13.911596 ], [ 107.941463, 13.911549 ], [ 107.941668, 13.911072 ], [ 107.941693, 13.910974 ], [ 107.941717, 13.910762 ], [ 107.941642, 13.910226 ], [ 107.941641, 13.910222 ], [ 107.941641, 13.910222 ], [ 107.941643, 13.910121 ], [ 107.941643, 13.910119 ], [ 107.941709, 13.908944 ], [ 107.941689, 13.908766 ], [ 107.941696, 13.908825 ], [ 107.942436, 13.90861 ], [ 107.943067, 13.908354 ], [ 107.944023, 13.908237 ], [ 107.944022, 13.908235 ], [ 107.944137, 13.908847 ] ] ] } },
{ "type": "Feature", "properties": { "Kinh_do": 107.922278, "Vi_do": 13.920477, "Cao_do": 0.0, "Khu_Lien_Hop": "Cao Nguyen", "Cong_Ty": "THACO AGRI", "Xi_Nghiep": "CAT", "Nong_Truong": "Ia Pech", "Khu_Vuc": "C", "Ten_Lo": "20", "Dien_Tich": 7.48, "Loai_Cay": "Sau Rieng", "So_Cay": 1336, "Thang_Trong": 4, "Nam_Trong": 2022, "Mat_Do": 0, "Loai_Giong": "DONA", "Luong_mua": 0, "T_toi_thap": 0, "T_toi_da": 0, "T_TB": 1, "Do_am_KK": "", "Loai_dat": "", "Do_doc": 0, "Hiuong_doc": "0", "Tang_day": 0, "pH": 0.0, "EC": 0.0, "CEC": 0.0, "OM": 0.0, "N_ts": 0.0, "P2O5_ts": 0.0, "P2O5_dt": 0.0, "K2Ots": 0.0, "K2Odt": 0.0, "Canxi_td": 0.0, "Magie_td": 0.0, "Kem_dt": 0.0, "Bo_dt": null, "Cadimi": 0.0, "Asen": 0.0, "Chi": 0.0, "Thuy_ngan": 0.0 }, "geometry": { "type": "Polygon", "coordinates": [ [ [ 107.923399, 13.920517 ], [ 107.92316, 13.922298 ], [ 107.921156, 13.922098 ], [ 107.92116, 13.921982 ], [ 107.92116, 13.921981 ], [ 107.921228, 13.921415 ], [ 107.921248, 13.920547 ], [ 107.921254, 13.919957 ], [ 107.921256, 13.91944 ], [ 107.921285, 13.919426 ], [ 107.921285, 13.919426 ], [ 107.921304, 13.919416 ], [ 107.922029, 13.919008 ], [ 107.922046, 13.918998 ], [ 107.922046, 13.918999 ], [ 107.922576, 13.918701 ], [ 107.922579, 13.918698 ], [ 107.922579, 13.918698 ], [ 107.922611, 13.91868 ], [ 107.922611, 13.91868 ], [ 107.922611, 13.918679 ], [ 107.922654, 13.918656 ], [ 107.923399, 13.920517 ] ] ] } },
{ "type": "Feature", "properties": { "Kinh_do": 107.922132, "Vi_do": 13.923175, "Cao_do": 0.0, "Khu_Lien_Hop": "Cao Nguyen", "Cong_Ty": "THACO AGRI", "Xi_Nghiep": "CAT", "Nong_Truong": "Ia Pech", "Khu_Vuc": "C", "Ten_Lo": "21", "Dien_Tich": 4.49, "Loai_Cay": "Sau Rieng", "So_Cay": 775, "Thang_Trong": 4, "Nam_Trong": 2022, "Mat_Do": 0, "Loai_Giong": "DONA", "Luong_mua": 0, "T_toi_thap": 0, "T_toi_da": 0, "T_TB": 1, "Do_am_KK": "", "Loai_dat": "", "Do_doc": 0, "Hiuong_doc": "0", "Tang_day": 0, "pH": 0.0, "EC": 0.0, "CEC": 0.0, "OM": 0.0, "N_ts": 0.0, "P2O5_ts": 0.0, "P2O5_dt": 0.0, "K2Ots": 0.0, "K2Odt": 0.0, "Canxi_td": 0.0, "Magie_td": 0.0, "Kem_dt": 0.0, "Bo_dt": null, "Cadimi": 0.0, "Asen": 0.0, "Chi": 0.0, "Thuy_ngan": 0.0 }, "geometry": { "type": "Polygon", "coordinates": [ [ [ 107.921103, 13.923883 ], [ 107.921103, 13.923882 ], [ 107.921103, 13.923881 ], [ 107.921121, 13.923508 ], [ 107.921127, 13.923013 ], [ 107.921127, 13.923013 ], [ 107.921139, 13.92253 ], [ 107.921139, 13.922529 ], [ 107.921156, 13.922098 ], [ 107.92316, 13.922298 ], [ 107.922946, 13.923903 ], [ 107.922938, 13.923975 ], [ 107.922916, 13.924153 ], [ 107.922905, 13.924251 ], [ 107.922905, 13.924251 ], [ 107.921117, 13.924048 ], [ 107.921103, 13.923883 ] ] ] } },
{ "type": "Feature", "properties": { "Kinh_do": 107.922011, "Vi_do": 13.925316, "Cao_do": 0.0, "Khu_Lien_Hop": "Cao Nguyen", "Cong_Ty": "THACO AGRI", "Xi_Nghiep": "CAT", "Nong_Truong": "Ia Pech", "Khu_Vuc": "C", "Ten_Lo": "22", "Dien_Tich": 4.6, "Loai_Cay": "Sau Rieng", "So_Cay": 899, "Thang_Trong": 3, "Nam_Trong": 2022, "Mat_Do": 0, "Loai_Giong": "DONA", "Luong_mua": 0, "T_toi_thap": 0, "T_toi_da": 0, "T_TB": 1, "Do_am_KK": "", "Loai_dat": "", "Do_doc": 0, "Hiuong_doc": "0", "Tang_day": 0, "pH": 0.0, "EC": 0.0, "CEC": 0.0, "OM": 0.0, "N_ts": 0.0, "P2O5_ts": 0.0, "P2O5_dt": 0.0, "K2Ots": 0.0, "K2Odt": 0.0, "Canxi_td": 0.0, "Magie_td": 0.0, "Kem_dt": 0.0, "Bo_dt": null, "Cadimi": 0.0, "Asen": 0.0, "Chi": 0.0, "Thuy_ngan": 0.0 }, "geometry": { "type": "Polygon", "coordinates": [ [ [ 107.921181, 13.925772 ], [ 107.921136, 13.925281 ], [ 107.921136, 13.92528 ], [ 107.921136, 13.925279 ], [ 107.921163, 13.924669 ], [ 107.921133, 13.924256 ], [ 107.921117, 13.924048 ], [ 107.922905, 13.924251 ], [ 107.922901, 13.924283 ], [ 107.922875, 13.924496 ], [ 107.922873, 13.924514 ], [ 107.922677, 13.926583 ], [ 107.921189, 13.926402 ], [ 107.921181, 13.925772 ] ] ] } },
{ "type": "Feature", "properties": { "Kinh_do": 107.921926, "Vi_do": 13.92802, "Cao_do": 0.0, "Khu_Lien_Hop": "Cao Nguyen", "Cong_Ty": "THACO AGRI", "Xi_Nghiep": "CAT", "Nong_Truong": "Ia Pech", "Khu_Vuc": "C", "Ten_Lo": "23", "Dien_Tich": 4.67, "Loai_Cay": "Sau Rieng", "So_Cay": 497, "Thang_Trong": 3, "Nam_Trong": 2022, "Mat_Do": 0, "Loai_Giong": "DONA", "Luong_mua": 0, "T_toi_thap": 0, "T_toi_da": 0, "T_TB": 1, "Do_am_KK": "", "Loai_dat": "", "Do_doc": 0, "Hiuong_doc": "0", "Tang_day": 0, "pH": 0.0, "EC": 0.0, "CEC": 0.0, "OM": 0.0, "N_ts": 0.0, "P2O5_ts": 0.0, "P2O5_dt": 0.0, "K2Ots": 0.0, "K2Odt": 0.0, "Canxi_td": 0.0, "Magie_td": 0.0, "Kem_dt": 0.0, "Bo_dt": null, "Cadimi": 0.0, "Asen": 0.0, "Chi": 0.0, "Thuy_ngan": 0.0 }, "geometry": { "type": "Polygon", "coordinates": [ [ [ 107.922186, 13.929623 ], [ 107.922186, 13.929623 ], [ 107.922152, 13.929624 ], [ 107.921493, 13.929627 ], [ 107.921463, 13.929626 ], [ 107.921436, 13.929634 ], [ 107.921412, 13.929639 ], [ 107.921402, 13.929611 ], [ 107.921363, 13.929492 ], [ 107.921363, 13.929489 ], [ 107.921256, 13.928282 ], [ 107.921255, 13.928282 ], [ 107.921205, 13.927524 ], [ 107.921205, 13.927524 ], [ 107.921175, 13.926979 ], [ 107.921175, 13.926979 ], [ 107.921175, 13.926978 ], [ 107.92119, 13.926449 ], [ 107.921189, 13.926402 ], [ 107.922677, 13.926583 ], [ 107.922301, 13.92962 ], [ 107.922186, 13.929623 ] ] ] } },
{ "type": "Feature", "properties": { "Kinh_do": 107.923343, "Vi_do": 13.928102, "Cao_do": 0.0, "Khu_Lien_Hop": "Cao Nguyen", "Cong_Ty": "THACO AGRI", "Xi_Nghiep": "CAT", "Nong_Truong": "Ia Pech", "Khu_Vuc": "C", "Ten_Lo": "24", "Dien_Tich": 4.44, "Loai_Cay": "Sau Rieng", "So_Cay": 621, "Thang_Trong": 3, "Nam_Trong": 2022, "Mat_Do": 0, "Loai_Giong": "DONA", "Luong_mua": 0, "T_toi_thap": 0, "T_toi_da": 0, "T_TB": 1, "Do_am_KK": "", "Loai_dat": "", "Do_doc": 0, "Hiuong_doc": "0", "Tang_day": 0, "pH": 0.0, "EC": 0.0, "CEC": 0.0, "OM": 0.0, "N_ts": 0.0, "P2O5_ts": 0.0, "P2O5_dt": 0.0, "K2Ots": 0.0, "K2Odt": 0.0, "Canxi_td": 0.0, "Magie_td": 0.0, "Kem_dt": 0.0, "Bo_dt": null, "Cadimi": 0.0, "Asen": 0.0, "Chi": 0.0, "Thuy_ngan": 0.0 }, "geometry": { "type": "Polygon", "coordinates": [ [ [ 107.924296, 13.926972 ], [ 107.924295, 13.926974 ], [ 107.924143, 13.927327 ], [ 107.923887, 13.927904 ], [ 107.923717, 13.928257 ], [ 107.923717, 13.928257 ], [ 107.923553, 13.928627 ], [ 107.923353, 13.929065 ], [ 107.923353, 13.929065 ], [ 107.923223, 13.929374 ], [ 107.923129, 13.929449 ], [ 107.922899, 13.929558 ], [ 107.922702, 13.929601 ], [ 107.922387, 13.929618 ], [ 107.922301, 13.92962 ], [ 107.922677, 13.926583 ], [ 107.924385, 13.926819 ], [ 107.924296, 13.926972 ] ] ] } },
{ "type": "Feature", "properties": { "Kinh_do": 107.924239, "Vi_do": 13.925581, "Cao_do": 0.0, "Khu_Lien_Hop": "Cao Nguyen", "Cong_Ty": "THACO AGRI", "Xi_Nghiep": "CAT", "Nong_Truong": "Ia Pech", "Khu_Vuc": "C", "Ten_Lo": "25", "Dien_Tich": 6.33, "Loai_Cay": "Sau Rieng", "So_Cay": 971, "Thang_Trong": 3, "Nam_Trong": 2022, "Mat_Do": 0, "Loai_Giong": "DONA", "Luong_mua": 0, "T_toi_thap": 0, "T_toi_da": 0, "T_TB": 1, "Do_am_KK": "", "Loai_dat": "", "Do_doc": 0, "Hiuong_doc": "0", "Tang_day": 0, "pH": 0.0, "EC": 0.0, "CEC": 0.0, "OM": 0.0, "N_ts": 0.0, "P2O5_ts": 0.0, "P2O5_dt": 0.0, "K2Ots": 0.0, "K2Odt": 0.0, "Canxi_td": 0.0, "Magie_td": 0.0, "Kem_dt": 0.0, "Bo_dt": null, "Cadimi": 0.0, "Asen": 0.0, "Chi": 0.0, "Thuy_ngan": 0.0 }, "geometry": { "type": "Polygon", "coordinates": [ [ [ 107.925778, 13.924621 ], [ 107.925777, 13.924624 ], [ 107.925745, 13.924681 ], [ 107.925653, 13.924813 ], [ 107.925653, 13.924814 ], [ 107.925492, 13.925068 ], [ 107.925316, 13.92532 ], [ 107.925316, 13.925321 ], [ 107.925315, 13.925321 ], [ 107.925119, 13.925659 ], [ 107.92486, 13.926029 ], [ 107.92455, 13.92645 ], [ 107.92455, 13.926451 ], [ 107.924549, 13.926453 ], [ 107.924403, 13.926788 ], [ 107.924385, 13.926819 ], [ 107.922677, 13.926583 ], [ 107.922873, 13.924514 ], [ 107.923184, 13.924551 ], [ 107.923421, 13.924579 ], [ 107.923448, 13.924343 ], [ 107.923468, 13.924345 ], [ 107.923468, 13.924345 ], [ 107.923571, 13.924356 ], [ 107.923768, 13.924378 ], [ 107.9258, 13.924582 ], [ 107.925778, 13.924621 ] ] ] } },
{ "type": "Feature", "properties": { "Kinh_do": 107.924381, "Vi_do": 13.92344, "Cao_do": 0.0, "Khu_Lien_Hop": "Cao Nguyen", "Cong_Ty": "THACO AGRI", "Xi_Nghiep": "CAT", "Nong_Truong": "Ia Pech", "Khu_Vuc": "C", "Ten_Lo": "26", "Dien_Tich": 5.78, "Loai_Cay": "Sau Rieng", "So_Cay": 890, "Thang_Trong": 3, "Nam_Trong": 2022, "Mat_Do": 0, "Loai_Giong": "DONA", "Luong_mua": 0, "T_toi_thap": 0, "T_toi_da": 0, "T_TB": 1, "Do_am_KK": "", "Loai_dat": "", "Do_doc": 0, "Hiuong_doc": "0", "Tang_day": 0, "pH": 0.0, "EC": 0.0, "CEC": 0.0, "OM": 0.0, "N_ts": 0.0, "P2O5_ts": 0.0, "P2O5_dt": 0.0, "K2Ots": 0.0, "K2Odt": 0.0, "Canxi_td": 0.0, "Magie_td": 0.0, "Kem_dt": 0.0, "Bo_dt": null, "Cadimi": 0.0, "Asen": 0.0, "Chi": 0.0, "Thuy_ngan": 0.0 }, "geometry": { "type": "Polygon", "coordinates": [ [ [ 107.925445, 13.922696 ], [ 107.925445, 13.922696 ], [ 107.925446, 13.9227 ], [ 107.925487, 13.922861 ], [ 107.925571, 13.923313 ], [ 107.925571, 13.923313 ], [ 107.925681, 13.923762 ], [ 107.925809, 13.92431 ], [ 107.925812, 13.924396 ], [ 107.925815, 13.924502 ], [ 107.925809, 13.924565 ], [ 107.9258, 13.924582 ], [ 107.923768, 13.924378 ], [ 107.923818, 13.923995 ], [ 107.922946, 13.923903 ], [ 107.92316, 13.922298 ], [ 107.925446, 13.922623 ], [ 107.925445, 13.922696 ] ] ] } },
{ "type": "Feature", "properties": { "Kinh_do": 107.924407, "Vi_do": 13.92157, "Cao_do": 0.0, "Khu_Lien_Hop": "Cao Nguyen", "Cong_Ty": "THACO AGRI", "Xi_Nghiep": "CAT", "Nong_Truong": "Ia Pech", "Khu_Vuc": "C", "Ten_Lo": "27", "Dien_Tich": 5.27, "Loai_Cay": "Sau Rieng", "So_Cay": 760, "Thang_Trong": 3, "Nam_Trong": 2022, "Mat_Do": 0, "Loai_Giong": "DONA", "Luong_mua": 0, "T_toi_thap": 0, "T_toi_da": 0, "T_TB": 1, "Do_am_KK": "", "Loai_dat": "", "Do_doc": 0, "Hiuong_doc": "0", "Tang_day": 0, "pH": 0.0, "EC": 0.0, "CEC": 0.0, "OM": 0.0, "N_ts": 0.0, "P2O5_ts": 0.0, "P2O5_dt": 0.0, "K2Ots": 0.0, "K2Odt": 0.0, "Canxi_td": 0.0, "Magie_td": 0.0, "Kem_dt": 0.0, "Bo_dt": null, "Cadimi": 0.0, "Asen": 0.0, "Chi": 0.0, "Thuy_ngan": 0.0 }, "geometry": { "type": "Polygon", "coordinates": [ [ [ 107.925553, 13.920667 ], [ 107.925624, 13.920858 ], [ 107.925654, 13.921145 ], [ 107.925615, 13.921394 ], [ 107.925505, 13.921915 ], [ 107.925505, 13.921916 ], [ 107.925448, 13.922475 ], [ 107.925448, 13.922476 ], [ 107.925446, 13.922623 ], [ 107.92316, 13.922298 ], [ 107.923399, 13.920517 ], [ 107.925509, 13.920568 ], [ 107.925553, 13.920667 ] ] ] } },
{ "type": "Feature", "properties": { "Kinh_do": 107.924082, "Vi_do": 13.919245, "Cao_do": 0.0, "Khu_Lien_Hop": "Cao Nguyen", "Cong_Ty": "THACO AGRI", "Xi_Nghiep": "CAT", "Nong_Truong": "Ia Pech", "Khu_Vuc": "C", "Ten_Lo": "28", "Dien_Tich": 5.19, "Loai_Cay": "Sau Rieng", "So_Cay": 794, "Thang_Trong": 4, "Nam_Trong": 2022, "Mat_Do": 0, "Loai_Giong": "DONA", "Luong_mua": 0, "T_toi_thap": 0, "T_toi_da": 0, "T_TB": 1, "Do_am_KK": "", "Loai_dat": "", "Do_doc": 0, "Hiuong_doc": "0", "Tang_day": 0, "pH": 0.0, "EC": 0.0, "CEC": 0.0, "OM": 0.0, "N_ts": 0.0, "P2O5_ts": 0.0, "P2O5_dt": 0.0, "K2Ots": 0.0, "K2Odt": 0.0, "Canxi_td": 0.0, "Magie_td": 0.0, "Kem_dt": 0.0, "Bo_dt": null, "Cadimi": 0.0, "Asen": 0.0, "Chi": 0.0, "Thuy_ngan": 0.0 }, "geometry": { "type": "Polygon", "coordinates": [ [ [ 107.923979, 13.917921 ], [ 107.923955, 13.917934 ], [ 107.923979, 13.917921 ], [ 107.924078, 13.918049 ], [ 107.924427, 13.918682 ], [ 107.924427, 13.918683 ], [ 107.924684, 13.919114 ], [ 107.924684, 13.919114 ], [ 107.92497, 13.919554 ], [ 107.925265, 13.920089 ], [ 107.925449, 13.920436 ], [ 107.925509, 13.920568 ], [ 107.923399, 13.920517 ], [ 107.922654, 13.918656 ], [ 107.923979, 13.917921 ] ] ] } },
{ "type": "Feature", "properties": { "Kinh_do": 107.987016, "Vi_do": 13.850513, "Cao_do": 0.0, "Khu_Lien_Hop": "Cao Nguyen", "Cong_Ty": "THACO AGRI", "Xi_Nghiep": "CAT", "Nong_Truong": "", "Khu_Vuc": "", "Ten_Lo": "N", "Dien_Tich": 0.2, "Loai_Cay": "", "So_Cay": 0, "Thang_Trong": 0, "Nam_Trong": 0, "Mat_Do": 0, "Loai_Giong": "", "Luong_mua": 0, "T_toi_thap": 0, "T_toi_da": 0, "T_TB": 1, "Do_am_KK": "", "Loai_dat": "", "Do_doc": 0, "Hiuong_doc": "0", "Tang_day": 0, "pH": 0.0, "EC": 0.0, "CEC": 0.0, "OM": 0.0, "N_ts": 0.0, "P2O5_ts": 0.0, "P2O5_dt": 0.0, "K2Ots": 0.0, "K2Odt": 0.0, "Canxi_td": 0.0, "Magie_td": 0.0, "Kem_dt": 0.0, "Bo_dt": null, "Cadimi": 0.0, "Asen": 0.0, "Chi": 0.0, "Thuy_ngan": 0.0 }, "geometry": { "type": "Polygon", "coordinates": [ [ [ 107.987331, 13.850456 ], [ 107.987283, 13.850509 ], [ 107.987247, 13.850549 ], [ 107.987224, 13.850578 ], [ 107.987106, 13.850591 ], [ 107.98707, 13.850598 ], [ 107.987025, 13.850592 ], [ 107.986943, 13.850588 ], [ 107.986885, 13.850621 ], [ 107.986858, 13.850685 ], [ 107.986835, 13.850754 ], [ 107.986796, 13.850789 ], [ 107.986704, 13.850559 ], [ 107.9867, 13.850545 ], [ 107.986794, 13.850458 ], [ 107.986885, 13.850387 ], [ 107.98695, 13.850294 ], [ 107.986972, 13.85029 ], [ 107.987028, 13.85028 ], [ 107.987036, 13.8503 ], [ 107.987115, 13.850295 ], [ 107.987183, 13.850277 ], [ 107.987244, 13.85025 ], [ 107.987294, 13.850237 ], [ 107.987309, 13.850293 ], [ 107.987319, 13.850366 ], [ 107.987331, 13.850456 ] ] ] } },
{ "type": "Feature", "properties": { "Kinh_do": 107.988302, "Vi_do": 13.85051, "Cao_do": 0.0, "Khu_Lien_Hop": "Cao Nguyen", "Cong_Ty": "THACO AGRI", "Xi_Nghiep": "CAT", "Nong_Truong": "", "Khu_Vuc": "", "Ten_Lo": "N", "Dien_Tich": 0.3, "Loai_Cay": "", "So_Cay": 0, "Thang_Trong": 0, "Nam_Trong": 0, "Mat_Do": 0, "Loai_Giong": "", "Luong_mua": 0, "T_toi_thap": 0, "T_toi_da": 0, "T_TB": 1, "Do_am_KK": "", "Loai_dat": "", "Do_doc": 0, "Hiuong_doc": "0", "Tang_day": 0, "pH": 0.0, "EC": 0.0, "CEC": 0.0, "OM": 0.0, "N_ts": 0.0, "P2O5_ts": 0.0, "P2O5_dt": 0.0, "K2Ots": 0.0, "K2Odt": 0.0, "Canxi_td": 0.0, "Magie_td": 0.0, "Kem_dt": 0.0, "Bo_dt": null, "Cadimi": 0.0, "Asen": 0.0, "Chi": 0.0, "Thuy_ngan": 0.0 }, "geometry": { "type": "Polygon", "coordinates": [ [ [ 107.988139, 13.850564 ], [ 107.987991, 13.850255 ], [ 107.988087, 13.850237 ], [ 107.988111, 13.850178 ], [ 107.988235, 13.85016 ], [ 107.988362, 13.850222 ], [ 107.988429, 13.850255 ], [ 107.988613, 13.850792 ], [ 107.988291, 13.850859 ], [ 107.988139, 13.850564 ] ] ] } },
{ "type": "Feature", "properties": { "Kinh_do": 107.992335, "Vi_do": 13.839693, "Cao_do": 0.0, "Khu_Lien_Hop": "Cao Nguyen", "Cong_Ty": "THACO AGRI", "Xi_Nghiep": "CAT", "Nong_Truong": "", "Khu_Vuc": "", "Ten_Lo": "N", "Dien_Tich": 1.17, "Loai_Cay": "", "So_Cay": 0, "Thang_Trong": 0, "Nam_Trong": 0, "Mat_Do": 0, "Loai_Giong": "", "Luong_mua": 0, "T_toi_thap": 0, "T_toi_da": 0, "T_TB": 1, "Do_am_KK": "", "Loai_dat": "", "Do_doc": 0, "Hiuong_doc": "0", "Tang_day": 0, "pH": 0.0, "EC": 0.0, "CEC": 0.0, "OM": 0.0, "N_ts": 0.0, "P2O5_ts": 0.0, "P2O5_dt": 0.0, "K2Ots": 0.0, "K2Odt": 0.0, "Canxi_td": 0.0, "Magie_td": 0.0, "Kem_dt": 0.0, "Bo_dt": null, "Cadimi": 0.0, "Asen": 0.0, "Chi": 0.0, "Thuy_ngan": 0.0 }, "geometry": { "type": "Polygon", "coordinates": [ [ [ 107.991906, 13.839079 ], [ 107.992313, 13.839075 ], [ 107.992748, 13.839091 ], [ 107.992757, 13.839469 ], [ 107.992763, 13.839809 ], [ 107.992764, 13.839837 ], [ 107.992758, 13.839861 ], [ 107.99275, 13.839886 ], [ 107.99274, 13.839911 ], [ 107.992724, 13.83993 ], [ 107.992698, 13.839975 ], [ 107.992683, 13.840001 ], [ 107.992664, 13.840049 ], [ 107.99265, 13.840101 ], [ 107.992636, 13.840256 ], [ 107.992628, 13.840285 ], [ 107.992608, 13.840301 ], [ 107.992555, 13.84031 ], [ 107.992309, 13.840309 ], [ 107.992155, 13.840284 ], [ 107.991969, 13.840237 ], [ 107.991952, 13.84022 ], [ 107.991941, 13.840197 ], [ 107.991935, 13.840171 ], [ 107.991932, 13.840146 ], [ 107.991926, 13.839909 ], [ 107.991922, 13.839852 ], [ 107.99192, 13.839826 ], [ 107.991911, 13.839785 ], [ 107.991906, 13.839079 ] ] ] } },
{ "type": "Feature", "properties": { "Kinh_do": 107.984919, "Vi_do": 13.838843, "Cao_do": 0.0, "Khu_Lien_Hop": "Cao Nguyen", "Cong_Ty": "THACO AGRI", "Xi_Nghiep": "CAT", "Nong_Truong": "", "Khu_Vuc": "", "Ten_Lo": "N", "Dien_Tich": 0.51, "Loai_Cay": "", "So_Cay": 0, "Thang_Trong": 0, "Nam_Trong": 0, "Mat_Do": 0, "Loai_Giong": "", "Luong_mua": 0, "T_toi_thap": 0, "T_toi_da": 0, "T_TB": 1, "Do_am_KK": "", "Loai_dat": "", "Do_doc": 0, "Hiuong_doc": "0", "Tang_day": 0, "pH": 0.0, "EC": 0.0, "CEC": 0.0, "OM": 0.0, "N_ts": 0.0, "P2O5_ts": 0.0, "P2O5_dt": 0.0, "K2Ots": 0.0, "K2Odt": 0.0, "Canxi_td": 0.0, "Magie_td": 0.0, "Kem_dt": 0.0, "Bo_dt": null, "Cadimi": 0.0, "Asen": 0.0, "Chi": 0.0, "Thuy_ngan": 0.0 }, "geometry": { "type": "Polygon", "coordinates": [ [ [ 107.98575, 13.839319 ], [ 107.985746, 13.839342 ], [ 107.985737, 13.839366 ], [ 107.985719, 13.839384 ], [ 107.985694, 13.839387 ], [ 107.985672, 13.839384 ], [ 107.985001, 13.838924 ], [ 107.984425, 13.838528 ], [ 107.984115, 13.838317 ], [ 107.984088, 13.838299 ], [ 107.9847, 13.838337 ], [ 107.984679, 13.838389 ], [ 107.984655, 13.838459 ], [ 107.98464, 13.83852 ], [ 107.984985, 13.838754 ], [ 107.985611, 13.83918 ], [ 107.985697, 13.839239 ], [ 107.985715, 13.839255 ], [ 107.98573, 13.839276 ], [ 107.985744, 13.839294 ], [ 107.98575, 13.839319 ] ] ] } },
{ "type": "Feature", "properties": { "Kinh_do": 107.985574, "Vi_do": 13.838584, "Cao_do": 0.0, "Khu_Lien_Hop": "Cao Nguyen", "Cong_Ty": "THACO AGRI", "Xi_Nghiep": "CAT", "Nong_Truong": "", "Khu_Vuc": "", "Ten_Lo": "N", "Dien_Tich": 0.51, "Loai_Cay": "", "So_Cay": 0, "Thang_Trong": 0, "Nam_Trong": 0, "Mat_Do": 0, "Loai_Giong": "", "Luong_mua": 0, "T_toi_thap": 0, "T_toi_da": 0, "T_TB": 1, "Do_am_KK": "", "Loai_dat": "", "Do_doc": 0, "Hiuong_doc": "0", "Tang_day": 0, "pH": 0.0, "EC": 0.0, "CEC": 0.0, "OM": 0.0, "N_ts": 0.0, "P2O5_ts": 0.0, "P2O5_dt": 0.0, "K2Ots": 0.0, "K2Odt": 0.0, "Canxi_td": 0.0, "Magie_td": 0.0, "Kem_dt": 0.0, "Bo_dt": null, "Cadimi": 0.0, "Asen": 0.0, "Chi": 0.0, "Thuy_ngan": 0.0 }, "geometry": { "type": "Polygon", "coordinates": [ [ [ 107.985997, 13.838549 ], [ 107.985974, 13.838558 ], [ 107.985967, 13.838585 ], [ 107.985944, 13.838748 ], [ 107.985937, 13.838777 ], [ 107.985926, 13.8388 ], [ 107.985909, 13.838813 ], [ 107.985871, 13.838824 ], [ 107.985844, 13.838818 ], [ 107.985791, 13.838794 ], [ 107.985587, 13.838665 ], [ 107.98515, 13.838344 ], [ 107.985317, 13.838375 ], [ 107.985997, 13.838549 ] ] ] } },
{ "type": "Feature", "properties": { "Kinh_do": 107.989687, "Vi_do": 13.8478, "Cao_do": 0.0, "Khu_Lien_Hop": "Cao Nguyen", "Cong_Ty": "THACO AGRI", "Xi_Nghiep": "CAT", "Nong_Truong": "", "Khu_Vuc": "", "Ten_Lo": "N", "Dien_Tich": 1.34, "Loai_Cay": "", "So_Cay": 0, "Thang_Trong": 0, "Nam_Trong": 0, "Mat_Do": 0, "Loai_Giong": "", "Luong_mua": 0, "T_toi_thap": 0, "T_toi_da": 0, "T_TB": 1, "Do_am_KK": "", "Loai_dat": "", "Do_doc": 0, "Hiuong_doc": "0", "Tang_day": 0, "pH": 0.0, "EC": 0.0, "CEC": 0.0, "OM": 0.0, "N_ts": 0.0, "P2O5_ts": 0.0, "P2O5_dt": 0.0, "K2Ots": 0.0, "K2Odt": 0.0, "Canxi_td": 0.0, "Magie_td": 0.0, "Kem_dt": 0.0, "Bo_dt": null, "Cadimi": 0.0, "Asen": 0.0, "Chi": 0.0, "Thuy_ngan": 0.0 }, "geometry": { "type": "Polygon", "coordinates": [ [ [ 107.990073, 13.847612 ], [ 107.990052, 13.847661 ], [ 107.990002, 13.847659 ], [ 107.989975, 13.847674 ], [ 107.989971, 13.84786 ], [ 107.989943, 13.848219 ], [ 107.989938, 13.848366 ], [ 107.989882, 13.8485 ], [ 107.989842, 13.848595 ], [ 107.989828, 13.848725 ], [ 107.989808, 13.848729 ], [ 107.989802, 13.84884 ], [ 107.989527, 13.848794 ], [ 107.98946, 13.848599 ], [ 107.989448, 13.848569 ], [ 107.989334, 13.848606 ], [ 107.989325, 13.848541 ], [ 107.989311, 13.84836 ], [ 107.989301, 13.848151 ], [ 107.989328, 13.84811 ], [ 107.989342, 13.848029 ], [ 107.989351, 13.847584 ], [ 107.989384, 13.846795 ], [ 107.989414, 13.846787 ], [ 107.989451, 13.846778 ], [ 107.98977, 13.84676 ], [ 107.989793, 13.847146 ], [ 107.989796, 13.847179 ], [ 107.989801, 13.847189 ], [ 107.989807, 13.8472 ], [ 107.989815, 13.847212 ], [ 107.989827, 13.847222 ], [ 107.989842, 13.847227 ], [ 107.989855, 13.847227 ], [ 107.989866, 13.847227 ], [ 107.98989, 13.847229 ], [ 107.989906, 13.847237 ], [ 107.989969, 13.847267 ], [ 107.989981, 13.847275 ], [ 107.98999, 13.847285 ], [ 107.989999, 13.847304 ], [ 107.990024, 13.847448 ], [ 107.990049, 13.847569 ], [ 107.990073, 13.847612 ] ] ] } },
{ "type": "Feature", "properties": { "Kinh_do": 107.991807, "Vi_do": 13.849797, "Cao_do": 0.0, "Khu_Lien_Hop": "Cao Nguyen", "Cong_Ty": "THACO AGRI", "Xi_Nghiep": "CAT", "Nong_Truong": "", "Khu_Vuc": "", "Ten_Lo": "N", "Dien_Tich": 0.43, "Loai_Cay": "", "So_Cay": 0, "Thang_Trong": 0, "Nam_Trong": 0, "Mat_Do": 0, "Loai_Giong": "", "Luong_mua": 0, "T_toi_thap": 0, "T_toi_da": 0, "T_TB": 1, "Do_am_KK": "", "Loai_dat": "", "Do_doc": 0, "Hiuong_doc": "0", "Tang_day": 0, "pH": 0.0, "EC": 0.0, "CEC": 0.0, "OM": 0.0, "N_ts": 0.0, "P2O5_ts": 0.0, "P2O5_dt": 0.0, "K2Ots": 0.0, "K2Odt": 0.0, "Canxi_td": 0.0, "Magie_td": 0.0, "Kem_dt": 0.0, "Bo_dt": null, "Cadimi": 0.0, "Asen": 0.0, "Chi": 0.0, "Thuy_ngan": 0.0 }, "geometry": { "type": "Polygon", "coordinates": [ [ [ 107.992281, 13.849832 ], [ 107.992271, 13.849864 ], [ 107.992219, 13.849888 ], [ 107.992142, 13.849988 ], [ 107.992064, 13.850088 ], [ 107.992044, 13.850118 ], [ 107.992015, 13.850094 ], [ 107.991936, 13.850051 ], [ 107.991895, 13.850053 ], [ 107.991848, 13.850055 ], [ 107.991799, 13.850111 ], [ 107.991776, 13.850104 ], [ 107.991682, 13.850076 ], [ 107.991634, 13.850051 ], [ 107.991621, 13.850044 ], [ 107.991467, 13.849946 ], [ 107.991342, 13.849856 ], [ 107.991333, 13.849849 ], [ 107.991346, 13.849829 ], [ 107.991438, 13.849708 ], [ 107.991499, 13.849628 ], [ 107.991586, 13.849511 ], [ 107.991607, 13.849476 ], [ 107.991744, 13.849507 ], [ 107.991867, 13.849534 ], [ 107.991918, 13.849546 ], [ 107.992009, 13.849605 ], [ 107.992044, 13.849628 ], [ 107.992063, 13.849715 ], [ 107.992281, 13.849832 ] ] ] } },
{ "type": "Feature", "properties": { "Kinh_do": 107.992668, "Vi_do": 13.849643, "Cao_do": 0.0, "Khu_Lien_Hop": "Cao Nguyen", "Cong_Ty": "THACO AGRI", "Xi_Nghiep": "CAT", "Nong_Truong": "", "Khu_Vuc": "", "Ten_Lo": "N", "Dien_Tich": 0.12, "Loai_Cay": "", "So_Cay": 0, "Thang_Trong": 0, "Nam_Trong": 0, "Mat_Do": 0, "Loai_Giong": "", "Luong_mua": 0, "T_toi_thap": 0, "T_toi_da": 0, "T_TB": 1, "Do_am_KK": "", "Loai_dat": "", "Do_doc": 0, "Hiuong_doc": "0", "Tang_day": 0, "pH": 0.0, "EC": 0.0, "CEC": 0.0, "OM": 0.0, "N_ts": 0.0, "P2O5_ts": 0.0, "P2O5_dt": 0.0, "K2Ots": 0.0, "K2Odt": 0.0, "Canxi_td": 0.0, "Magie_td": 0.0, "Kem_dt": 0.0, "Bo_dt": null, "Cadimi": 0.0, "Asen": 0.0, "Chi": 0.0, "Thuy_ngan": 0.0 }, "geometry": { "type": "Polygon", "coordinates": [ [ [ 107.992501, 13.849806 ], [ 107.992596, 13.84952 ], [ 107.992621, 13.849462 ], [ 107.992653, 13.849332 ], [ 107.99268, 13.849323 ], [ 107.992861, 13.849408 ], [ 107.992884, 13.849443 ], [ 107.992852, 13.849504 ], [ 107.992787, 13.84949 ], [ 107.992713, 13.849681 ], [ 107.992684, 13.849742 ], [ 107.992582, 13.849922 ], [ 107.992531, 13.849963 ], [ 107.992451, 13.849929 ], [ 107.992501, 13.849806 ] ] ] } },
{ "type": "Feature", "properties": { "Kinh_do": 107.991717, "Vi_do": 13.846427, "Cao_do": 0.0, "Khu_Lien_Hop": "Cao Nguyen", "Cong_Ty": "THACO AGRI", "Xi_Nghiep": "CAT", "Nong_Truong": "", "Khu_Vuc": "", "Ten_Lo": "N", "Dien_Tich": 0.34, "Loai_Cay": "", "So_Cay": 0, "Thang_Trong": 0, "Nam_Trong": 0, "Mat_Do": 0, "Loai_Giong": "", "Luong_mua": 0, "T_toi_thap": 0, "T_toi_da": 0, "T_TB": 1, "Do_am_KK": "", "Loai_dat": "", "Do_doc": 0, "Hiuong_doc": "0", "Tang_day": 0, "pH": 0.0, "EC": 0.0, "CEC": 0.0, "OM": 0.0, "N_ts": 0.0, "P2O5_ts": 0.0, "P2O5_dt": 0.0, "K2Ots": 0.0, "K2Odt": 0.0, "Canxi_td": 0.0, "Magie_td": 0.0, "Kem_dt": 0.0, "Bo_dt": null, "Cadimi": 0.0, "Asen": 0.0, "Chi": 0.0, "Thuy_ngan": 0.0 }, "geometry": { "type": "Polygon", "coordinates": [ [ [ 107.99201, 13.846803 ], [ 107.991908, 13.846885 ], [ 107.991742, 13.846931 ], [ 107.991722, 13.846873 ], [ 107.99158, 13.846486 ], [ 107.991538, 13.846374 ], [ 107.991439, 13.84612 ], [ 107.991423, 13.846026 ], [ 107.991455, 13.845998 ], [ 107.991469, 13.845953 ], [ 107.99155, 13.84595 ], [ 107.991578, 13.845949 ], [ 107.991615, 13.845939 ], [ 107.99167, 13.845924 ], [ 107.991677, 13.845923 ], [ 107.99201, 13.846803 ] ] ] } },
{ "type": "Feature", "properties": { "Kinh_do": 107.990725, "Vi_do": 13.849557, "Cao_do": 0.0, "Khu_Lien_Hop": "Cao Nguyen", "Cong_Ty": "THACO AGRI", "Xi_Nghiep": "CAT", "Nong_Truong": "", "Khu_Vuc": "", "Ten_Lo": "N", "Dien_Tich": 0.15, "Loai_Cay": "", "So_Cay": 0, "Thang_Trong": 0, "Nam_Trong": 0, "Mat_Do": 0, "Loai_Giong": "", "Luong_mua": 0, "T_toi_thap": 0, "T_toi_da": 0, "T_TB": 1, "Do_am_KK": "", "Loai_dat": "", "Do_doc": 0, "Hiuong_doc": "0", "Tang_day": 0, "pH": 0.0, "EC": 0.0, "CEC": 0.0, "OM": 0.0, "N_ts": 0.0, "P2O5_ts": 0.0, "P2O5_dt": 0.0, "K2Ots": 0.0, "K2Odt": 0.0, "Canxi_td": 0.0, "Magie_td": 0.0, "Kem_dt": 0.0, "Bo_dt": null, "Cadimi": 0.0, "Asen": 0.0, "Chi": 0.0, "Thuy_ngan": 0.0 }, "geometry": { "type": "Polygon", "coordinates": [ [ [ 107.990774, 13.84976 ], [ 107.990653, 13.849726 ], [ 107.990496, 13.849691 ], [ 107.99054, 13.849499 ], [ 107.990544, 13.849388 ], [ 107.990544, 13.849353 ], [ 107.990686, 13.849355 ], [ 107.990785, 13.849376 ], [ 107.990882, 13.849422 ], [ 107.990922, 13.849451 ], [ 107.990954, 13.849479 ], [ 107.990774, 13.84976 ] ] ] } },
{ "type": "Feature", "properties": { "Kinh_do": 107.990983, "Vi_do": 13.848571, "Cao_do": 0.0, "Khu_Lien_Hop": "Cao Nguyen", "Cong_Ty": "THACO AGRI", "Xi_Nghiep": "CAT", "Nong_Truong": "", "Khu_Vuc": "", "Ten_Lo": "N", "Dien_Tich": 0.2, "Loai_Cay": "", "So_Cay": 0, "Thang_Trong": 0, "Nam_Trong": 0, "Mat_Do": 0, "Loai_Giong": "", "Luong_mua": 0, "T_toi_thap": 0, "T_toi_da": 0, "T_TB": 1, "Do_am_KK": "", "Loai_dat": "", "Do_doc": 0, "Hiuong_doc": "0", "Tang_day": 0, "pH": 0.0, "EC": 0.0, "CEC": 0.0, "OM": 0.0, "N_ts": 0.0, "P2O5_ts": 0.0, "P2O5_dt": 0.0, "K2Ots": 0.0, "K2Odt": 0.0, "Canxi_td": 0.0, "Magie_td": 0.0, "Kem_dt": 0.0, "Bo_dt": null, "Cadimi": 0.0, "Asen": 0.0, "Chi": 0.0, "Thuy_ngan": 0.0 }, "geometry": { "type": "Polygon", "coordinates": [ [ [ 107.990899, 13.848903 ], [ 107.990794, 13.848859 ], [ 107.990761, 13.84881 ], [ 107.990806, 13.848796 ], [ 107.990834, 13.848713 ], [ 107.990843, 13.848367 ], [ 107.990842, 13.848305 ], [ 107.990964, 13.848297 ], [ 107.990979, 13.84829 ], [ 107.991015, 13.848218 ], [ 107.991058, 13.848223 ], [ 107.991176, 13.848324 ], [ 107.991204, 13.848331 ], [ 107.991158, 13.848412 ], [ 107.991141, 13.848474 ], [ 107.991117, 13.848547 ], [ 107.991101, 13.848598 ], [ 107.991088, 13.848662 ], [ 107.991085, 13.848667 ], [ 107.991047, 13.848744 ], [ 107.991025, 13.848799 ], [ 107.990998, 13.848849 ], [ 107.990967, 13.848891 ], [ 107.990952, 13.848925 ], [ 107.990899, 13.848903 ] ] ] } },
{ "type": "Feature", "properties": { "Kinh_do": 107.991567, "Vi_do": 13.847331, "Cao_do": 0.0, "Khu_Lien_Hop": "Cao Nguyen", "Cong_Ty": "THACO AGRI", "Xi_Nghiep": "CAT", "Nong_Truong": "", "Khu_Vuc": "", "Ten_Lo": "N", "Dien_Tich": 0.28, "Loai_Cay": "", "So_Cay": 0, "Thang_Trong": 0, "Nam_Trong": 0, "Mat_Do": 0, "Loai_Giong": "", "Luong_mua": 0, "T_toi_thap": 0, "T_toi_da": 0, "T_TB": 1, "Do_am_KK": "", "Loai_dat": "", "Do_doc": 0, "Hiuong_doc": "0", "Tang_day": 0, "pH": 0.0, "EC": 0.0, "CEC": 0.0, "OM": 0.0, "N_ts": 0.0, "P2O5_ts": 0.0, "P2O5_dt": 0.0, "K2Ots": 0.0, "K2Odt": 0.0, "Canxi_td": 0.0, "Magie_td": 0.0, "Kem_dt": 0.0, "Bo_dt": null, "Cadimi": 0.0, "Asen": 0.0, "Chi": 0.0, "Thuy_ngan": 0.0 }, "geometry": { "type": "Polygon", "coordinates": [ [ [ 107.991378, 13.847776 ], [ 107.99135, 13.847771 ], [ 107.991345, 13.847768 ], [ 107.991338, 13.84776 ], [ 107.991332, 13.847753 ], [ 107.991327, 13.847749 ], [ 107.991319, 13.847736 ], [ 107.991305, 13.847729 ], [ 107.991291, 13.847721 ], [ 107.991281, 13.847717 ], [ 107.991215, 13.847729 ], [ 107.991152, 13.847669 ], [ 107.991167, 13.847466 ], [ 107.991198, 13.847474 ], [ 107.991191, 13.847354 ], [ 107.991246, 13.847314 ], [ 107.991281, 13.847293 ], [ 107.991283, 13.847291 ], [ 107.991318, 13.847291 ], [ 107.991389, 13.84721 ], [ 107.991525, 13.847109 ], [ 107.99161, 13.84704 ], [ 107.991726, 13.846944 ], [ 107.991742, 13.846931 ], [ 107.991908, 13.846885 ], [ 107.991982, 13.84693 ], [ 107.991903, 13.846991 ], [ 107.991863, 13.847034 ], [ 107.991855, 13.847077 ], [ 107.991831, 13.847129 ], [ 107.991797, 13.84717 ], [ 107.991738, 13.84717 ], [ 107.991725, 13.84717 ], [ 107.991685, 13.8472 ], [ 107.991652, 13.84726 ], [ 107.99162, 13.847348 ], [ 107.991573, 13.847392 ], [ 107.991559, 13.847411 ], [ 107.991559, 13.847411 ], [ 107.991544, 13.84743 ], [ 107.991484, 13.847451 ], [ 107.991451, 13.847496 ], [ 107.991412, 13.84753 ], [ 107.991394, 13.847567 ], [ 107.991366, 13.84763 ], [ 107.991385, 13.847699 ], [ 107.991412, 13.847777 ], [ 107.991378, 13.847776 ] ] ] } },
{ "type": "Feature", "properties": { "Kinh_do": 107.98798, "Vi_do": 13.849356, "Cao_do": 0.0, "Khu_Lien_Hop": "Cao Nguyen", "Cong_Ty": "THACO AGRI", "Xi_Nghiep": "CAT", "Nong_Truong": "Ia Bang 2", "Khu_Vuc": "57HA", "Ten_Lo": "34", "Dien_Tich": 3.2, "Loai_Cay": "Sau Rieng", "So_Cay": 513, "Thang_Trong": 4, "Nam_Trong": 2020, "Mat_Do": 0, "Loai_Giong": "DONA", "Luong_mua": 0, "T_toi_thap": 0, "T_toi_da": 0, "T_TB": 1, "Do_am_KK": "", "Loai_dat": "", "Do_doc": 0, "Hiuong_doc": "0", "Tang_day": 0, "pH": 0.0, "EC": 0.0, "CEC": 0.0, "OM": 0.0, "N_ts": 0.0, "P2O5_ts": 0.0, "P2O5_dt": 0.0, "K2Ots": 0.0, "K2Odt": 0.0, "Canxi_td": 0.0, "Magie_td": 0.0, "Kem_dt": 0.0, "Bo_dt": null, "Cadimi": 0.0, "Asen": 0.0, "Chi": 0.0, "Thuy_ngan": 0.0 }, "geometry": { "type": "Polygon", "coordinates": [ [ [ 107.989541, 13.848883 ], [ 107.989508, 13.848926 ], [ 107.989441, 13.848967 ], [ 107.989379, 13.849036 ], [ 107.98937, 13.849063 ], [ 107.989437, 13.84929 ], [ 107.989034, 13.849404 ], [ 107.988811, 13.84945 ], [ 107.988536, 13.849508 ], [ 107.988451, 13.849557 ], [ 107.988464, 13.849595 ], [ 107.988352, 13.84972 ], [ 107.988332, 13.849729 ], [ 107.988155, 13.849749 ], [ 107.988088, 13.849798 ], [ 107.987984, 13.849827 ], [ 107.987928, 13.849887 ], [ 107.987912, 13.849889 ], [ 107.987872, 13.849884 ], [ 107.98785, 13.849905 ], [ 107.987839, 13.849914 ], [ 107.987817, 13.849918 ], [ 107.987675, 13.849884 ], [ 107.987656, 13.849878 ], [ 107.987455, 13.849857 ], [ 107.987385, 13.84984 ], [ 107.987254, 13.849834 ], [ 107.987251, 13.849854 ], [ 107.987266, 13.85005 ], [ 107.987243, 13.8501 ], [ 107.98702, 13.850142 ], [ 107.98697, 13.850135 ], [ 107.98642, 13.848742 ], [ 107.986482, 13.848733 ], [ 107.986713, 13.84873 ], [ 107.987239, 13.848777 ], [ 107.988032, 13.848879 ], [ 107.988355, 13.848851 ], [ 107.988825, 13.848744 ], [ 107.989334, 13.848606 ], [ 107.989448, 13.848569 ], [ 107.98946, 13.848599 ], [ 107.989527, 13.848794 ], [ 107.989537, 13.848825 ], [ 107.989541, 13.848883 ] ] ] } },
{ "type": "Feature", "properties": { "Kinh_do": 107.991724, "Vi_do": 13.850782, "Cao_do": 0.0, "Khu_Lien_Hop": "Cao Nguyen", "Cong_Ty": "THACO AGRI", "Xi_Nghiep": "CAT", "Nong_Truong": "Ia Bang 3", "Khu_Vuc": "60ha", "Ten_Lo": "46", "Dien_Tich": 8.52, "Loai_Cay": "Sau Rieng", "So_Cay": 1195, "Thang_Trong": 7, "Nam_Trong": 2019, "Mat_Do": 0, "Loai_Giong": "DONA", "Luong_mua": 0, "T_toi_thap": 0, "T_toi_da": 0, "T_TB": 1, "Do_am_KK": "", "Loai_dat": "", "Do_doc": 0, "Hiuong_doc": "0", "Tang_day": 0, "pH": 0.0, "EC": 0.0, "CEC": 0.0, "OM": 0.0, "N_ts": 0.0, "P2O5_ts": 0.0, "P2O5_dt": 0.0, "K2Ots": 0.0, "K2Odt": 0.0, "Canxi_td": 0.0, "Magie_td": 0.0, "Kem_dt": 0.0, "Bo_dt": null, "Cadimi": 0.0, "Asen": 0.0, "Chi": 0.0, "Thuy_ngan": 0.0 }, "geometry": { "type": "Polygon", "coordinates": [ [ [ 107.993887, 13.852176 ], [ 107.991785, 13.851749 ], [ 107.991525, 13.851695 ], [ 107.991525, 13.851695 ], [ 107.991076, 13.851603 ], [ 107.990297, 13.851561 ], [ 107.990175, 13.85158 ], [ 107.99001, 13.851677 ], [ 107.989691, 13.851798 ], [ 107.989713, 13.852064 ], [ 107.989582, 13.850528 ], [ 107.989561, 13.850372 ], [ 107.989569, 13.850281 ], [ 107.989593, 13.850249 ], [ 107.989666, 13.850195 ], [ 107.989969, 13.849912 ], [ 107.990018, 13.849847 ], [ 107.989949, 13.84964 ], [ 107.989938, 13.849609 ], [ 107.989946, 13.849606 ], [ 107.990289, 13.849483 ], [ 107.990353, 13.849432 ], [ 107.990544, 13.849388 ], [ 107.99054, 13.849499 ], [ 107.990496, 13.849691 ], [ 107.990653, 13.849726 ], [ 107.990774, 13.84976 ], [ 107.990954, 13.849479 ], [ 107.991394, 13.849765 ], [ 107.991346, 13.849829 ], [ 107.991333, 13.849849 ], [ 107.991342, 13.849856 ], [ 107.991467, 13.849946 ], [ 107.991621, 13.850044 ], [ 107.991634, 13.850051 ], [ 107.991682, 13.850076 ], [ 107.991776, 13.850104 ], [ 107.991799, 13.850111 ], [ 107.991848, 13.850055 ], [ 107.991895, 13.850053 ], [ 107.991936, 13.850051 ], [ 107.992015, 13.850094 ], [ 107.992044, 13.850118 ], [ 107.992074, 13.850143 ], [ 107.992099, 13.850187 ], [ 107.992252, 13.850307 ], [ 107.992296, 13.850347 ], [ 107.992416, 13.850505 ], [ 107.992482, 13.850535 ], [ 107.992534, 13.850536 ], [ 107.992395, 13.850947 ], [ 107.992498, 13.851047 ], [ 107.992536, 13.851069 ], [ 107.992827, 13.851101 ], [ 107.99302, 13.851139 ], [ 107.993147, 13.851114 ], [ 107.993193, 13.851098 ], [ 107.99327, 13.85104 ], [ 107.993305, 13.850951 ], [ 107.993379, 13.850793 ], [ 107.993445, 13.850483 ], [ 107.993445, 13.850395 ], [ 107.993474, 13.850174 ], [ 107.993431, 13.850168 ], [ 107.993388, 13.850159 ], [ 107.993518, 13.849748 ], [ 107.993862, 13.849865 ], [ 107.993887, 13.852176 ] ] ] } },
{ "type": "Feature", "properties": { "Kinh_do": 107.989652, "Vi_do": 13.849295, "Cao_do": 0.0, "Khu_Lien_Hop": "Cao Nguyen", "Cong_Ty": "THACO AGRI", "Xi_Nghiep": "CAT", "Nong_Truong": "", "Khu_Vuc": "", "Ten_Lo": "N", "Dien_Tich": 1.16, "Loai_Cay": "", "So_Cay": 0, "Thang_Trong": 0, "Nam_Trong": 0, "Mat_Do": 0, "Loai_Giong": "", "Luong_mua": 0, "T_toi_thap": 0, "T_toi_da": 0, "T_TB": 1, "Do_am_KK": "", "Loai_dat": "", "Do_doc": 0, "Hiuong_doc": "0", "Tang_day": 0, "pH": 0.0, "EC": 0.0, "CEC": 0.0, "OM": 0.0, "N_ts": 0.0, "P2O5_ts": 0.0, "P2O5_dt": 0.0, "K2Ots": 0.0, "K2Odt": 0.0, "Canxi_td": 0.0, "Magie_td": 0.0, "Kem_dt": 0.0, "Bo_dt": null, "Cadimi": 0.0, "Asen": 0.0, "Chi": 0.0, "Thuy_ngan": 0.0 }, "geometry": { "type": "Polygon", "coordinates": [ [ [ 107.988464, 13.849595 ], [ 107.988451, 13.849557 ], [ 107.988536, 13.849508 ], [ 107.988811, 13.84945 ], [ 107.989034, 13.849404 ], [ 107.989437, 13.84929 ], [ 107.98937, 13.849063 ], [ 107.989379, 13.849036 ], [ 107.989441, 13.848967 ], [ 107.989508, 13.848926 ], [ 107.989541, 13.848883 ], [ 107.989537, 13.848825 ], [ 107.989527, 13.848794 ], [ 107.989802, 13.84884 ], [ 107.989901, 13.848829 ], [ 107.990163, 13.848801 ], [ 107.990482, 13.848775 ], [ 107.990499, 13.848828 ], [ 107.990761, 13.84881 ], [ 107.990794, 13.848859 ], [ 107.990899, 13.848903 ], [ 107.990952, 13.848925 ], [ 107.990912, 13.849015 ], [ 107.990877, 13.848989 ], [ 107.990813, 13.849018 ], [ 107.990762, 13.849042 ], [ 107.990715, 13.849075 ], [ 107.99068, 13.849104 ], [ 107.990622, 13.849126 ], [ 107.990566, 13.849153 ], [ 107.990525, 13.849185 ], [ 107.990464, 13.849224 ], [ 107.990361, 13.849228 ], [ 107.990259, 13.849259 ], [ 107.990112, 13.849303 ], [ 107.989932, 13.849361 ], [ 107.989824, 13.849396 ], [ 107.989685, 13.84938 ], [ 107.989605, 13.849422 ], [ 107.989574, 13.849445 ], [ 107.989411, 13.849568 ], [ 107.989078, 13.849658 ], [ 107.988924, 13.849783 ], [ 107.98879, 13.849811 ], [ 107.988676, 13.849814 ], [ 107.988565, 13.849786 ], [ 107.988563, 13.849786 ], [ 107.988479, 13.849762 ], [ 107.988352, 13.84972 ], [ 107.988464, 13.849595 ] ] ] } },
{ "type": "Feature", "properties": { "Kinh_do": 107.989555, "Vi_do": 13.849641, "Cao_do": 0.0, "Khu_Lien_Hop": "Cao Nguyen", "Cong_Ty": "THACO AGRI", "Xi_Nghiep": "CAT", "Nong_Truong": "", "Khu_Vuc": "", "Ten_Lo": "N", "Dien_Tich": 0.5, "Loai_Cay": "", "So_Cay": 0, "Thang_Trong": 0, "Nam_Trong": 0, "Mat_Do": 0, "Loai_Giong": "", "Luong_mua": 0, "T_toi_thap": 0, "T_toi_da": 0, "T_TB": 1, "Do_am_KK": "", "Loai_dat": "", "Do_doc": 0, "Hiuong_doc": "0", "Tang_day": 0, "pH": 0.0, "EC": 0.0, "CEC": 0.0, "OM": 0.0, "N_ts": 0.0, "P2O5_ts": 0.0, "P2O5_dt": 0.0, "K2Ots": 0.0, "K2Odt": 0.0, "Canxi_td": 0.0, "Magie_td": 0.0, "Kem_dt": 0.0, "Bo_dt": null, "Cadimi": 0.0, "Asen": 0.0, "Chi": 0.0, "Thuy_ngan": 0.0 }, "geometry": { "type": "Polygon", "coordinates": [ [ [ 107.988676, 13.849814 ], [ 107.98879, 13.849811 ], [ 107.988924, 13.849783 ], [ 107.989078, 13.849658 ], [ 107.989411, 13.849568 ], [ 107.989574, 13.849445 ], [ 107.989605, 13.849422 ], [ 107.989685, 13.84938 ], [ 107.989824, 13.849396 ], [ 107.989932, 13.849361 ], [ 107.990112, 13.849303 ], [ 107.990259, 13.849259 ], [ 107.990361, 13.849228 ], [ 107.990464, 13.849224 ], [ 107.990479, 13.849281 ], [ 107.990498, 13.849347 ], [ 107.990544, 13.849353 ], [ 107.990544, 13.849388 ], [ 107.990353, 13.849432 ], [ 107.990289, 13.849483 ], [ 107.989946, 13.849606 ], [ 107.989938, 13.849609 ], [ 107.989917, 13.849565 ], [ 107.989794, 13.849561 ], [ 107.989684, 13.84959 ], [ 107.989662, 13.849624 ], [ 107.989566, 13.849698 ], [ 107.98938, 13.8497 ], [ 107.989323, 13.849717 ], [ 107.989363, 13.849787 ], [ 107.989377, 13.849849 ], [ 107.989266, 13.84989 ], [ 107.989235, 13.849847 ], [ 107.989054, 13.849939 ], [ 107.988879, 13.850007 ], [ 107.988728, 13.850057 ], [ 107.988662, 13.850029 ], [ 107.988646, 13.849987 ], [ 107.988618, 13.850014 ], [ 107.988571, 13.849812 ], [ 107.988565, 13.849786 ], [ 107.988676, 13.849814 ] ] ] } },
{ "type": "Feature", "properties": { "Kinh_do": 107.991423, "Vi_do": 13.848078, "Cao_do": 0.0, "Khu_Lien_Hop": "Cao Nguyen", "Cong_Ty": "THACO AGRI", "Xi_Nghiep": "CAT", "Nong_Truong": "", "Khu_Vuc": "", "Ten_Lo": "N", "Dien_Tich": 1.1, "Loai_Cay": "", "So_Cay": 0, "Thang_Trong": 0, "Nam_Trong": 0, "Mat_Do": 0, "Loai_Giong": "", "Luong_mua": 0, "T_toi_thap": 0, "T_toi_da": 0, "T_TB": 1, "Do_am_KK": "", "Loai_dat": "", "Do_doc": 0, "Hiuong_doc": "0", "Tang_day": 0, "pH": 0.0, "EC": 0.0, "CEC": 0.0, "OM": 0.0, "N_ts": 0.0, "P2O5_ts": 0.0, "P2O5_dt": 0.0, "K2Ots": 0.0, "K2Odt": 0.0, "Canxi_td": 0.0, "Magie_td": 0.0, "Kem_dt": 0.0, "Bo_dt": null, "Cadimi": 0.0, "Asen": 0.0, "Chi": 0.0, "Thuy_ngan": 0.0 }, "geometry": { "type": "Polygon", "coordinates": [ [ [ 107.990525, 13.849185 ], [ 107.990566, 13.849153 ], [ 107.990622, 13.849126 ], [ 107.99068, 13.849104 ], [ 107.990715, 13.849075 ], [ 107.990762, 13.849042 ], [ 107.990813, 13.849018 ], [ 107.990877, 13.848989 ], [ 107.990912, 13.849015 ], [ 107.990952, 13.848925 ], [ 107.990967, 13.848891 ], [ 107.990998, 13.848849 ], [ 107.991025, 13.848799 ], [ 107.991047, 13.848744 ], [ 107.991085, 13.848667 ], [ 107.991088, 13.848662 ], [ 107.991101, 13.848598 ], [ 107.991117, 13.848547 ], [ 107.991141, 13.848474 ], [ 107.991158, 13.848412 ], [ 107.991204, 13.848331 ], [ 107.991176, 13.848324 ], [ 107.99123, 13.848298 ], [ 107.991221, 13.84824 ], [ 107.991244, 13.848227 ], [ 107.991249, 13.848224 ], [ 107.991279, 13.848243 ], [ 107.991312, 13.848185 ], [ 107.991324, 13.848136 ], [ 107.991348, 13.84804 ], [ 107.991362, 13.847916 ], [ 107.991356, 13.847905 ], [ 107.991361, 13.8479 ], [ 107.99138, 13.847841 ], [ 107.991411, 13.847842 ], [ 107.991412, 13.847777 ], [ 107.991385, 13.847699 ], [ 107.991366, 13.84763 ], [ 107.991394, 13.847567 ], [ 107.991412, 13.84753 ], [ 107.991451, 13.847496 ], [ 107.991484, 13.847451 ], [ 107.991544, 13.84743 ], [ 107.991559, 13.847411 ], [ 107.991559, 13.847411 ], [ 107.991573, 13.847392 ], [ 107.99162, 13.847348 ], [ 107.991652, 13.84726 ], [ 107.991685, 13.8472 ], [ 107.991725, 13.84717 ], [ 107.991738, 13.84717 ], [ 107.991797, 13.84717 ], [ 107.991831, 13.847129 ], [ 107.991855, 13.847077 ], [ 107.991863, 13.847034 ], [ 107.991903, 13.846991 ], [ 107.991982, 13.84693 ], [ 107.991908, 13.846885 ], [ 107.99201, 13.846803 ], [ 107.992115, 13.846799 ], [ 107.992197, 13.846776 ], [ 107.992181, 13.846754 ], [ 107.992352, 13.846677 ], [ 107.992379, 13.846688 ], [ 107.992381, 13.846771 ], [ 107.992318, 13.846877 ], [ 107.992201, 13.846895 ], [ 107.992119, 13.8469 ], [ 107.992053, 13.846954 ], [ 107.992017, 13.847087 ], [ 107.991987, 13.847183 ], [ 107.991972, 13.847193 ], [ 107.991927, 13.847198 ], [ 107.991899, 13.847271 ], [ 107.991873, 13.847342 ], [ 107.991799, 13.847334 ], [ 107.991798, 13.847393 ], [ 107.991795, 13.84746 ], [ 107.991758, 13.847533 ], [ 107.991751, 13.847546 ], [ 107.991724, 13.847608 ], [ 107.991696, 13.847653 ], [ 107.991646, 13.847702 ], [ 107.991689, 13.847724 ], [ 107.991667, 13.847868 ], [ 107.991654, 13.847952 ], [ 107.991625, 13.848006 ], [ 107.991625, 13.848006 ], [ 107.991591, 13.847994 ], [ 107.991565, 13.848089 ], [ 107.99156, 13.848158 ], [ 107.991548, 13.848228 ], [ 107.991543, 13.848266 ], [ 107.991542, 13.848323 ], [ 107.991525, 13.848378 ], [ 107.991493, 13.848423 ], [ 107.991471, 13.848472 ], [ 107.991525, 13.848515 ], [ 107.991436, 13.848642 ], [ 107.991377, 13.848726 ], [ 107.991398, 13.848696 ], [ 107.991358, 13.848752 ], [ 107.991326, 13.848816 ], [ 107.991322, 13.848839 ], [ 107.991306, 13.848959 ], [ 107.991315, 13.848992 ], [ 107.991329, 13.849037 ], [ 107.991311, 13.849156 ], [ 107.991297, 13.849218 ], [ 107.991239, 13.849233 ], [ 107.991219, 13.84922 ], [ 107.991187, 13.849261 ], [ 107.99116, 13.849296 ], [ 107.991126, 13.84934 ], [ 107.991056, 13.849429 ], [ 107.991036, 13.849447 ], [ 107.991007, 13.849458 ], [ 107.990954, 13.849479 ], [ 107.990922, 13.849451 ], [ 107.990882, 13.849422 ], [ 107.990785, 13.849376 ], [ 107.990686, 13.849355 ], [ 107.990544, 13.849353 ], [ 107.990498, 13.849347 ], [ 107.990479, 13.849281 ], [ 107.990464, 13.849224 ], [ 107.990525, 13.849185 ] ] ] } },
{ "type": "Feature", "properties": { "Kinh_do": 107.991917, "Vi_do": 13.848337, "Cao_do": 0.0, "Khu_Lien_Hop": "Cao Nguyen", "Cong_Ty": "THACO AGRI", "Xi_Nghiep": "CAT", "Nong_Truong": "", "Khu_Vuc": "", "Ten_Lo": "N", "Dien_Tich": 2.38, "Loai_Cay": "", "So_Cay": 0, "Thang_Trong": 0, "Nam_Trong": 0, "Mat_Do": 0, "Loai_Giong": "", "Luong_mua": 0, "T_toi_thap": 0, "T_toi_da": 0, "T_TB": 1, "Do_am_KK": "", "Loai_dat": "", "Do_doc": 0, "Hiuong_doc": "0", "Tang_day": 0, "pH": 0.0, "EC": 0.0, "CEC": 0.0, "OM": 0.0, "N_ts": 0.0, "P2O5_ts": 0.0, "P2O5_dt": 0.0, "K2Ots": 0.0, "K2Odt": 0.0, "Canxi_td": 0.0, "Magie_td": 0.0, "Kem_dt": 0.0, "Bo_dt": null, "Cadimi": 0.0, "Asen": 0.0, "Chi": 0.0, "Thuy_ngan": 0.0 }, "geometry": { "type": "Polygon", "coordinates": [ [ [ 107.992591, 13.849276 ], [ 107.99249, 13.84927 ], [ 107.992469, 13.849481 ], [ 107.992105, 13.849406 ], [ 107.991858, 13.849368 ], [ 107.991735, 13.849349 ], [ 107.991726, 13.849348 ], [ 107.991665, 13.849338 ], [ 107.991645, 13.849405 ], [ 107.991607, 13.849476 ], [ 107.991523, 13.849423 ], [ 107.99145, 13.849379 ], [ 107.991417, 13.84934 ], [ 107.991239, 13.849233 ], [ 107.991297, 13.849218 ], [ 107.991311, 13.849156 ], [ 107.991329, 13.849037 ], [ 107.991315, 13.848992 ], [ 107.991306, 13.848959 ], [ 107.991322, 13.848839 ], [ 107.991326, 13.848816 ], [ 107.991358, 13.848752 ], [ 107.991398, 13.848696 ], [ 107.991377, 13.848726 ], [ 107.991436, 13.848642 ], [ 107.991525, 13.848515 ], [ 107.991471, 13.848472 ], [ 107.991493, 13.848423 ], [ 107.991525, 13.848378 ], [ 107.991542, 13.848323 ], [ 107.991543, 13.848266 ], [ 107.991548, 13.848228 ], [ 107.99156, 13.848158 ], [ 107.991565, 13.848089 ], [ 107.991591, 13.847994 ], [ 107.991625, 13.848006 ], [ 107.991625, 13.848006 ], [ 107.991654, 13.847952 ], [ 107.991667, 13.847868 ], [ 107.991689, 13.847724 ], [ 107.991646, 13.847702 ], [ 107.991696, 13.847653 ], [ 107.991724, 13.847608 ], [ 107.991751, 13.847546 ], [ 107.991758, 13.847533 ], [ 107.991795, 13.84746 ], [ 107.991798, 13.847393 ], [ 107.991799, 13.847334 ], [ 107.991873, 13.847342 ], [ 107.991899, 13.847271 ], [ 107.991927, 13.847198 ], [ 107.991972, 13.847193 ], [ 107.991967, 13.847556 ], [ 107.991966, 13.847624 ], [ 107.992062, 13.847566 ], [ 107.992216, 13.847525 ], [ 107.992339, 13.847513 ], [ 107.992477, 13.847494 ], [ 107.992498, 13.847511 ], [ 107.992506, 13.847695 ], [ 107.992516, 13.848229 ], [ 107.992509, 13.848753 ], [ 107.992516, 13.848823 ], [ 107.992578, 13.84903 ], [ 107.992594, 13.849109 ], [ 107.992591, 13.849276 ] ] ] } },
{ "type": "Feature", "properties": { "Kinh_do": 107.993101, "Vi_do": 13.843432, "Cao_do": 0.0, "Khu_Lien_Hop": "Cao Nguyen", "Cong_Ty": "THACO AGRI", "Xi_Nghiep": "CAT", "Nong_Truong": "Ia Bang 1", "Khu_Vuc": "VP 1+2", "Ten_Lo": "3SR", "Dien_Tich": 4.31, "Loai_Cay": "Sau Rieng", "So_Cay": 921, "Thang_Trong": 3, "Nam_Trong": 2020, "Mat_Do": 0, "Loai_Giong": "DONA", "Luong_mua": 0, "T_toi_thap": 0, "T_toi_da": 0, "T_TB": 1, "Do_am_KK": "", "Loai_dat": "", "Do_doc": 0, "Hiuong_doc": "0", "Tang_day": 0, "pH": 0.0, "EC": 0.0, "CEC": 0.0, "OM": 0.0, "N_ts": 0.0, "P2O5_ts": 0.0, "P2O5_dt": 0.0, "K2Ots": 0.0, "K2Odt": 0.0, "Canxi_td": 0.0, "Magie_td": 0.0, "Kem_dt": 0.0, "Bo_dt": null, "Cadimi": 0.0, "Asen": 0.0, "Chi": 0.0, "Thuy_ngan": 0.0 }, "geometry": { "type": "Polygon", "coordinates": [ [ [ 107.991711, 13.8441 ], [ 107.991709, 13.844072 ], [ 107.991713, 13.843555 ], [ 107.991559, 13.843571 ], [ 107.991533, 13.842955 ], [ 107.992719, 13.842883 ], [ 107.99279, 13.842869 ], [ 107.993001, 13.842853 ], [ 107.994653, 13.842727 ], [ 107.994668, 13.843904 ], [ 107.991711, 13.844137 ], [ 107.991711, 13.8441 ] ] ] } },
{ "type": "Feature", "properties": { "Kinh_do": 107.994857, "Vi_do": 13.843694, "Cao_do": 0.0, "Khu_Lien_Hop": "Cao Nguyen", "Cong_Ty": "THACO AGRI", "Xi_Nghiep": "CAT", "Nong_Truong": "Ia Bang 1", "Khu_Vuc": "VP 1+2", "Ten_Lo": "3DU", "Dien_Tich": 0.89, "Loai_Cay": "Sau Rieng", "So_Cay": 145, "Thang_Trong": 4, "Nam_Trong": 2021, "Mat_Do": 0, "Loai_Giong": "DONA", "Luong_mua": 0, "T_toi_thap": 0, "T_toi_da": 0, "T_TB": 1, "Do_am_KK": "", "Loai_dat": "", "Do_doc": 0, "Hiuong_doc": "0", "Tang_day": 0, "pH": 0.0, "EC": 0.0, "CEC": 0.0, "OM": 0.0, "N_ts": 0.0, "P2O5_ts": 0.0, "P2O5_dt": 0.0, "K2Ots": 0.0, "K2Odt": 0.0, "Canxi_td": 0.0, "Magie_td": 0.0, "Kem_dt": 0.0, "Bo_dt": null, "Cadimi": 0.0, "Asen": 0.0, "Chi": 0.0, "Thuy_ngan": 0.0 }, "geometry": { "type": "Polygon", "coordinates": [ [ [ 107.994705, 13.842723 ], [ 107.99497, 13.842703 ], [ 107.995025, 13.842704 ], [ 107.99506, 13.844684 ], [ 107.994723, 13.844671 ], [ 107.994683, 13.844669 ], [ 107.994668, 13.843904 ], [ 107.994653, 13.842727 ], [ 107.994705, 13.842723 ] ] ] } },
{ "type": "Feature", "properties": { "Kinh_do": 107.993292, "Vi_do": 13.842203, "Cao_do": 0.0, "Khu_Lien_Hop": "Cao Nguyen", "Cong_Ty": "THACO AGRI", "Xi_Nghiep": "CAT", "Nong_Truong": "Ia Bang 1", "Khu_Vuc": "VP 1+2", "Ten_Lo": "8DU", "Dien_Tich": 5.16, "Loai_Cay": "Sau Rieng", "So_Cay": 1086, "Thang_Trong": 4, "Nam_Trong": 2021, "Mat_Do": 0, "Loai_Giong": "DONA", "Luong_mua": 0, "T_toi_thap": 0, "T_toi_da": 0, "T_TB": 1, "Do_am_KK": "", "Loai_dat": "", "Do_doc": 0, "Hiuong_doc": "0", "Tang_day": 0, "pH": 0.0, "EC": 0.0, "CEC": 0.0, "OM": 0.0, "N_ts": 0.0, "P2O5_ts": 0.0, "P2O5_dt": 0.0, "K2Ots": 0.0, "K2Odt": 0.0, "Canxi_td": 0.0, "Magie_td": 0.0, "Kem_dt": 0.0, "Bo_dt": null, "Cadimi": 0.0, "Asen": 0.0, "Chi": 0.0, "Thuy_ngan": 0.0 }, "geometry": { "type": "Polygon", "coordinates": [ [ [ 107.992855, 13.842773 ], [ 107.991556, 13.842882 ], [ 107.991488, 13.841994 ], [ 107.992788, 13.841911 ], [ 107.994632, 13.841837 ], [ 107.994623, 13.840427 ], [ 107.994654, 13.838615 ], [ 107.99505, 13.838638 ], [ 107.995076, 13.838637 ], [ 107.99508, 13.842618 ], [ 107.995069, 13.842619 ], [ 107.994679, 13.842646 ], [ 107.994615, 13.842647 ], [ 107.993305, 13.842736 ], [ 107.9933, 13.842573 ], [ 107.993175, 13.842573 ], [ 107.99318, 13.842412 ], [ 107.992842, 13.84242 ], [ 107.992856, 13.842773 ], [ 107.992855, 13.842773 ] ] ] } },
{ "type": "Feature", "properties": { "Kinh_do": 107.995714, "Vi_do": 13.840626, "Cao_do": 0.0, "Khu_Lien_Hop": "Cao Nguyen", "Cong_Ty": "THACO AGRI", "Xi_Nghiep": "CAT", "Nong_Truong": "Ia Bang 1", "Khu_Vuc": "VP 1+2", "Ten_Lo": "8SR", "Dien_Tich": 4.01, "Loai_Cay": "Sau Rieng", "So_Cay": 931, "Thang_Trong": 3, "Nam_Trong": 2020, "Mat_Do": 0, "Loai_Giong": "DONA", "Luong_mua": 0, "T_toi_thap": 0, "T_toi_da": 0, "T_TB": 1, "Do_am_KK": "", "Loai_dat": "", "Do_doc": 0, "Hiuong_doc": "0", "Tang_day": 0, "pH": 0.0, "EC": 0.0, "CEC": 0.0, "OM": 0.0, "N_ts": 0.0, "P2O5_ts": 0.0, "P2O5_dt": 0.0, "K2Ots": 0.0, "K2Odt": 0.0, "Canxi_td": 0.0, "Magie_td": 0.0, "Kem_dt": 0.0, "Bo_dt": null, "Cadimi": 0.0, "Asen": 0.0, "Chi": 0.0, "Thuy_ngan": 0.0 }, "geometry": { "type": "Polygon", "coordinates": [ [ [ 107.995242, 13.838633 ], [ 107.995236, 13.838688 ], [ 107.995208, 13.83935 ], [ 107.995231, 13.839395 ], [ 107.995257, 13.839401 ], [ 107.995921, 13.839404 ], [ 107.995928, 13.839442 ], [ 107.995914, 13.839567 ], [ 107.9959, 13.839816 ], [ 107.99591, 13.839996 ], [ 107.995954, 13.840078 ], [ 107.996017, 13.840179 ], [ 107.99606, 13.840489 ], [ 107.996095, 13.840626 ], [ 107.996107, 13.840714 ], [ 107.996114, 13.840807 ], [ 107.996124, 13.840965 ], [ 107.996125, 13.841148 ], [ 107.996128, 13.841311 ], [ 107.996129, 13.841365 ], [ 107.996143, 13.841598 ], [ 107.996143, 13.841646 ], [ 107.99615, 13.841703 ], [ 107.996152, 13.841771 ], [ 107.996154, 13.841832 ], [ 107.996161, 13.841989 ], [ 107.996171, 13.84215 ], [ 107.996352, 13.84215 ], [ 107.996347, 13.842397 ], [ 107.99634, 13.842523 ], [ 107.996298, 13.842526 ], [ 107.996194, 13.842524 ], [ 107.99616, 13.842528 ], [ 107.996138, 13.842531 ], [ 107.996069, 13.842539 ], [ 107.996, 13.842546 ], [ 107.995089, 13.842617 ], [ 107.99508, 13.842618 ], [ 107.995076, 13.838637 ], [ 107.995242, 13.838633 ] ] ] } },
{ "type": "Feature", "properties": { "Kinh_do": 107.991871, "Vi_do": 13.853189, "Cao_do": 0.0, "Khu_Lien_Hop": "Cao Nguyen", "Cong_Ty": "THACO AGRI", "Xi_Nghiep": "CAT", "Nong_Truong": "Ia Bang 3", "Khu_Vuc": "24HA", "Ten_Lo": "49TL", "Dien_Tich": 5.61, "Loai_Cay": "Sau Rieng", "So_Cay": 943, "Thang_Trong": 14, "Nam_Trong": 4041, "Mat_Do": 0, "Loai_Giong": "MSK + RI6", "Luong_mua": 0, "T_toi_thap": 0, "T_toi_da": 0, "T_TB": 2, "Do_am_KK": "", "Loai_dat": "", "Do_doc": 0, "Hiuong_doc": "0", "Tang_day": 0, "pH": 0.0, "EC": 0.0, "CEC": 0.0, "OM": 0.0, "N_ts": 0.0, "P2O5_ts": 0.0, "P2O5_dt": 0.0, "K2Ots": 0.0, "K2Odt": 0.0, "Canxi_td": 0.0, "Magie_td": 0.0, "Kem_dt": 0.0, "Bo_dt": null, "Cadimi": 0.0, "Asen": 0.0, "Chi": 0.0, "Thuy_ngan": 0.0 }, "geometry": { "type": "Polygon", "coordinates": [ [ [ 107.992218, 13.854662 ], [ 107.991964, 13.854683 ], [ 107.991903, 13.853594 ], [ 107.991586, 13.853606 ], [ 107.991557, 13.852831 ], [ 107.991543, 13.852228 ], [ 107.99154, 13.852031 ], [ 107.991525, 13.851695 ], [ 107.991785, 13.851749 ], [ 107.991849, 13.851762 ], [ 107.99205, 13.851803 ], [ 107.992124, 13.853596 ], [ 107.992218, 13.854662 ] ] ] } },
{ "type": "Feature", "properties": { "Kinh_do": 107.992938, "Vi_do": 13.852696, "Cao_do": 0.0, "Khu_Lien_Hop": "Cao Nguyen", "Cong_Ty": "THACO AGRI", "Xi_Nghiep": "CAT", "Nong_Truong": "Ia Bang 3", "Khu_Vuc": "24HA", "Ten_Lo": "49", "Dien_Tich": 4.85, "Loai_Cay": "Sau Rieng", "So_Cay": 848, "Thang_Trong": 7, "Nam_Trong": 2019, "Mat_Do": 0, "Loai_Giong": "DONA", "Luong_mua": 0, "T_toi_thap": 0, "T_toi_da": 0, "T_TB": 1, "Do_am_KK": "", "Loai_dat": "", "Do_doc": 0, "Hiuong_doc": "0", "Tang_day": 0, "pH": 0.0, "EC": 0.0, "CEC": 0.0, "OM": 0.0, "N_ts": 0.0, "P2O5_ts": 0.0, "P2O5_dt": 0.0, "K2Ots": 0.0, "K2Odt": 0.0, "Canxi_td": 0.0, "Magie_td": 0.0, "Kem_dt": 0.0, "Bo_dt": null, "Cadimi": 0.0, "Asen": 0.0, "Chi": 0.0, "Thuy_ngan": 0.0 }, "geometry": { "type": "Polygon", "coordinates": [ [ [ 107.99205, 13.851803 ], [ 107.991989, 13.851791 ], [ 107.993887, 13.852176 ], [ 107.993864, 13.853554 ], [ 107.993199, 13.853568 ], [ 107.992602, 13.8536 ], [ 107.992124, 13.853596 ], [ 107.99205, 13.851803 ] ] ] } },
{ "type": "Feature", "properties": { "Kinh_do": 107.98994, "Vi_do": 13.85283, "Cao_do": 0.0, "Khu_Lien_Hop": "Cao Nguyen", "Cong_Ty": "THACO AGRI", "Xi_Nghiep": "CAT", "Nong_Truong": "Ia Bang 3", "Khu_Vuc": "24HA", "Ten_Lo": "51TL", "Dien_Tich": 0.93, "Loai_Cay": "Sau Rieng", "So_Cay": 178, "Thang_Trong": 7, "Nam_Trong": 2022, "Mat_Do": 0, "Loai_Giong": "MSK + RI6", "Luong_mua": 0, "T_toi_thap": 0, "T_toi_da": 0, "T_TB": 1, "Do_am_KK": "", "Loai_dat": "", "Do_doc": 0, "Hiuong_doc": "0", "Tang_day": 0, "pH": 0.0, "EC": 0.0, "CEC": 0.0, "OM": 0.0, "N_ts": 0.0, "P2O5_ts": 0.0, "P2O5_dt": 0.0, "K2Ots": 0.0, "K2Odt": 0.0, "Canxi_td": 0.0, "Magie_td": 0.0, "Kem_dt": 0.0, "Bo_dt": null, "Cadimi": 0.0, "Asen": 0.0, "Chi": 0.0, "Thuy_ngan": 0.0 }, "geometry": { "type": "Polygon", "coordinates": [ [ [ 107.99001, 13.851677 ], [ 107.990028, 13.851667 ], [ 107.990124, 13.853045 ], [ 107.990189, 13.853672 ], [ 107.990181, 13.853992 ], [ 107.989981, 13.853991 ], [ 107.989867, 13.853991 ], [ 107.989842, 13.853785 ], [ 107.989713, 13.852064 ], [ 107.989691, 13.851798 ], [ 107.99001, 13.851677 ] ] ] } },
{ "type": "Feature", "properties": { "Kinh_do": 107.990707, "Vi_do": 13.852616, "Cao_do": 0.0, "Khu_Lien_Hop": "Cao Nguyen", "Cong_Ty": "THACO AGRI", "Xi_Nghiep": "CAT", "Nong_Truong": "Ia Bang 3", "Khu_Vuc": "24HA", "Ten_Lo": "51", "Dien_Tich": 6.99, "Loai_Cay": "Sau Rieng", "So_Cay": 1138, "Thang_Trong": 14, "Nam_Trong": 4038, "Mat_Do": 0, "Loai_Giong": "DONA", "Luong_mua": 0, "T_toi_thap": 0, "T_toi_da": 0, "T_TB": 2, "Do_am_KK": "", "Loai_dat": "", "Do_doc": 0, "Hiuong_doc": "0", "Tang_day": 0, "pH": 0.0, "EC": 0.0, "CEC": 0.0, "OM": 0.0, "N_ts": 0.0, "P2O5_ts": 0.0, "P2O5_dt": 0.0, "K2Ots": 0.0, "K2Odt": 0.0, "Canxi_td": 0.0, "Magie_td": 0.0, "Kem_dt": 0.0, "Bo_dt": null, "Cadimi": 0.0, "Asen": 0.0, "Chi": 0.0, "Thuy_ngan": 0.0 }, "geometry": { "type": "Polygon", "coordinates": [ [ [ 107.991387, 13.853622 ], [ 107.99102, 13.853637 ], [ 107.990189, 13.853672 ], [ 107.990124, 13.853045 ], [ 107.990028, 13.851667 ], [ 107.990175, 13.85158 ], [ 107.990297, 13.851561 ], [ 107.991076, 13.851603 ], [ 107.990954, 13.851925 ], [ 107.990943, 13.852027 ], [ 107.990943, 13.852027 ], [ 107.991297, 13.852031 ], [ 107.991297, 13.852055 ], [ 107.991311, 13.852903 ], [ 107.991387, 13.853622 ] ] ] } },
{ "type": "Feature", "properties": { "Kinh_do": 107.990075, "Vi_do": 13.854729, "Cao_do": 0.0, "Khu_Lien_Hop": "Cao Nguyen", "Cong_Ty": "THACO AGRI", "Xi_Nghiep": "CAT", "Nong_Truong": "", "Khu_Vuc": "", "Ten_Lo": "N", "Dien_Tich": 0.61, "Loai_Cay": "", "So_Cay": 0, "Thang_Trong": 0, "Nam_Trong": 0, "Mat_Do": 0, "Loai_Giong": "", "Luong_mua": 0, "T_toi_thap": 0, "T_toi_da": 0, "T_TB": 1, "Do_am_KK": "", "Loai_dat": "", "Do_doc": 0, "Hiuong_doc": "0", "Tang_day": 0, "pH": 0.0, "EC": 0.0, "CEC": 0.0, "OM": 0.0, "N_ts": 0.0, "P2O5_ts": 0.0, "P2O5_dt": 0.0, "K2Ots": 0.0, "K2Odt": 0.0, "Canxi_td": 0.0, "Magie_td": 0.0, "Kem_dt": 0.0, "Bo_dt": null, "Cadimi": 0.0, "Asen": 0.0, "Chi": 0.0, "Thuy_ngan": 0.0 }, "geometry": { "type": "Polygon", "coordinates": [ [ [ 107.989981, 13.853991 ], [ 107.990181, 13.853992 ], [ 107.990283, 13.855457 ], [ 107.990173, 13.855467 ], [ 107.989939, 13.855466 ], [ 107.989912, 13.855466 ], [ 107.989911, 13.855412 ], [ 107.989867, 13.853991 ], [ 107.989981, 13.853991 ] ] ] } }
]
}
